census_tract,zero_to_eighteen,nineteen_to_twenty_five,twenty_six_to_thirty_four,thirty_five_to_fifty_four,fifty_five_to_sixty_four,sixty_five_plus
01001020200,625.0,195.0,304.0,643.0,214.0,214.0
01001020300,946.0,309.0,412.0,943.0,367.0,439.0
01001020400,1093.0,301.0,411.0,1236.0,486.0,904.0
01001020500,3324.0,808.0,1248.0,3506.0,885.0,1126.0
01001020600,1070.0,318.0,412.0,1104.0,396.0,411.0
01001020700,729.0,311.0,339.0,868.0,317.0,360.0
01001020801,863.0,235.0,224.0,1072.0,381.0,341.0
01001020802,3078.0,742.0,1120.0,3456.0,1121.0,1060.0
01001020900,1599.0,446.0,611.0,1823.0,645.0,630.0
01001021000,792.0,246.0,281.0,886.0,385.0,347.0
01001021100,804.0,300.0,330.0,995.0,432.0,493.0
01003010100,980.0,263.0,340.0,1089.0,566.0,605.0
01003010200,786.0,242.0,312.0,835.0,382.0,378.0
01003010300,2013.0,800.0,667.0,2313.0,997.0,1111.0
01003010400,1260.0,359.0,467.0,1452.0,646.0,610.0
01003010500,1065.0,480.0,550.0,1379.0,574.0,829.0
01003010600,1085.0,311.0,392.0,915.0,350.0,305.0
01003010701,2092.0,347.0,504.0,2605.0,1070.0,1347.0
01003010703,3888.0,814.0,1534.0,4370.0,1449.0,1279.0
01003010704,1247.0,347.0,586.0,1612.0,667.0,661.0
01003010705,1980.0,760.0,1117.0,2485.0,999.0,1098.0
01003010800,1575.0,457.0,587.0,1914.0,1072.0,1316.0
01003010903,1198.0,477.0,742.0,1637.0,622.0,563.0
01003010904,1716.0,464.0,716.0,2172.0,882.0,954.0
01003010905,2325.0,710.0,1032.0,2277.0,841.0,938.0
01003010906,1127.0,335.0,544.0,1173.0,519.0,678.0
01003011000,1102.0,295.0,476.0,1245.0,563.0,673.0
01003011101,2218.0,413.0,767.0,2369.0,1029.0,1689.0
01003011102,1047.0,204.0,342.0,1183.0,494.0,501.0
01003011201,897.0,237.0,298.0,1071.0,645.0,1111.0
01003011202,1077.0,313.0,426.0,1400.0,816.0,1078.0
01003011300,1020.0,207.0,348.0,1311.0,727.0,913.0
01003011401,2599.0,839.0,1162.0,3000.0,1408.0,1737.0
01003011403,1908.0,1008.0,1187.0,2439.0,1223.0,1487.0
01003011405,626.0,126.0,266.0,1092.0,816.0,939.0
01003011406,780.0,366.0,455.0,1075.0,395.0,392.0
01003011407,919.0,296.0,396.0,1360.0,829.0,1040.0
01003011408,49.0,10.0,12.0,116.0,116.0,132.0
01003011501,1091.0,419.0,503.0,1357.0,677.0,1321.0
01003011502,2557.0,1039.0,1313.0,2513.0,1363.0,1882.0
01003011601,1451.0,414.0,581.0,1774.0,880.0,1049.0
01003011602,588.0,194.0,254.0,1019.0,918.0,1952.0
01003990000,0.0,0.0,0.0,0.0,0.0,0.0
01005950100,818.0,263.0,275.0,986.0,520.0,489.0
01005950200,691.0,525.0,834.0,1404.0,472.0,408.0
01005950300,367.0,120.0,151.0,421.0,275.0,321.0
01005950400,699.0,466.0,749.0,1453.0,522.0,485.0
01005950500,791.0,255.0,316.0,1003.0,531.0,611.0
01005950600,595.0,169.0,222.0,598.0,285.0,254.0
01005950700,419.0,130.0,159.0,432.0,231.0,368.0
01005950800,502.0,157.0,190.0,534.0,288.0,399.0
01005950900,1478.0,475.0,470.0,1130.0,492.0,574.0
01007010001,741.0,219.0,280.0,826.0,327.0,362.0
01007010002,1666.0,497.0,755.0,1789.0,749.0,641.0
01007010003,1295.0,469.0,526.0,1624.0,725.0,804.0
01007010004,1771.0,909.0,1378.0,2848.0,934.0,1099.0
01009050101,2099.0,649.0,930.0,2256.0,952.0,1073.0
01009050102,1654.0,548.0,654.0,1865.0,910.0,1495.0
01009050200,1025.0,335.0,450.0,1068.0,439.0,515.0
01009050300,1411.0,335.0,593.0,1484.0,678.0,829.0
01009050400,1139.0,353.0,495.0,1290.0,569.0,659.0
01009050500,2010.0,568.0,773.0,2172.0,890.0,1006.0
01009050601,1044.0,327.0,462.0,1131.0,461.0,542.0
01009050602,2354.0,641.0,979.0,2805.0,1163.0,1090.0
01009050700,2181.0,711.0,877.0,2617.0,1214.0,1230.0
01011952100,362.0,115.0,134.0,403.0,214.0,222.0
01011952200,1648.0,732.0,1045.0,2142.0,813.0,818.0
01011952500,559.0,185.0,199.0,653.0,380.0,429.0
01013952700,599.0,212.0,312.0,602.0,306.0,436.0
01013952800,345.0,71.0,163.0,375.0,194.0,263.0
01013952900,606.0,164.0,260.0,619.0,274.0,283.0
01013953000,360.0,87.0,182.0,406.0,212.0,242.0
01013953100,962.0,288.0,379.0,738.0,342.0,347.0
01013953200,1137.0,342.0,450.0,1164.0,596.0,694.0
01013953300,398.0,106.0,148.0,533.0,282.0,323.0
01013953400,662.0,229.0,267.0,776.0,388.0,646.0
01013953500,289.0,125.0,133.0,398.0,231.0,255.0
01015000200,730.0,305.0,387.0,888.0,376.0,452.0
01015000300,737.0,270.0,353.0,874.0,364.0,386.0
01015000400,702.0,218.0,267.0,780.0,385.0,491.0
01015000500,526.0,163.0,172.0,458.0,216.0,301.0
01015000600,589.0,337.0,327.0,595.0,203.0,167.0
01015000700,732.0,317.0,408.0,660.0,288.0,345.0
01015000800,254.0,133.0,175.0,340.0,205.0,289.0
01015000900,544.0,181.0,279.0,751.0,599.0,1029.0
01015001000,1176.0,471.0,682.0,1557.0,949.0,1019.0
01015001100,1644.0,574.0,790.0,1976.0,867.0,794.0
01015001201,870.0,326.0,406.0,833.0,399.0,671.0
01015001202,1178.0,363.0,494.0,1234.0,511.0,604.0
01015001300,562.0,166.0,237.0,640.0,286.0,342.0
01015001400,845.0,332.0,415.0,1152.0,501.0,538.0
01015001500,1334.0,367.0,612.0,1566.0,693.0,700.0
01015001600,1019.0,315.0,518.0,1080.0,411.0,492.0
01015001700,1467.0,485.0,636.0,1814.0,849.0,1148.0
01015001800,1921.0,561.0,882.0,1947.0,814.0,892.0
01015002000,1929.0,518.0,882.0,2347.0,966.0,808.0
01015002101,552.0,2629.0,292.0,261.0,119.0,152.0
01015002102,749.0,447.0,322.0,858.0,417.0,644.0
01015002103,1695.0,1053.0,822.0,1736.0,748.0,829.0
01015002200,881.0,245.0,401.0,983.0,556.0,628.0
01015002300,983.0,319.0,354.0,1137.0,483.0,614.0
01015002400,1126.0,397.0,469.0,1393.0,614.0,586.0
01015002501,1881.0,538.0,747.0,2196.0,905.0,888.0
01015002502,1155.0,339.0,456.0,1470.0,694.0,608.0
01015002600,1134.0,320.0,469.0,1490.0,687.0,570.0
01015981901,0.0,0.0,0.0,1.0,2.0,3.0
01015981902,2.0,0.0,0.0,1.0,2.0,0.0
01015981903,0.0,0.0,0.0,0.0,0.0,0.0
01017953800,774.0,233.0,307.0,1066.0,579.0,686.0
01017953900,728.0,221.0,250.0,775.0,451.0,505.0
01017954000,1423.0,559.0,645.0,1979.0,985.0,1153.0
01017954200,832.0,223.0,332.0,978.0,462.0,478.0
01017954300,1148.0,379.0,532.0,1440.0,631.0,637.0
01017954400,183.0,90.0,79.0,271.0,161.0,217.0
01017954500,893.0,327.0,387.0,1034.0,522.0,686.0
01017954600,818.0,260.0,339.0,923.0,385.0,731.0
01017954700,1345.0,395.0,557.0,1425.0,593.0,613.0
01019955701,723.0,229.0,275.0,916.0,567.0,642.0
01019955702,873.0,288.0,319.0,1169.0,588.0,673.0
01019955800,1328.0,398.0,565.0,1690.0,829.0,821.0
01019955900,1043.0,274.0,387.0,1311.0,607.0,652.0
01019956000,762.0,245.0,320.0,1038.0,626.0,1061.0
01019956100,1177.0,336.0,473.0,1545.0,706.0,802.0
01021060101,1338.0,487.0,666.0,1504.0,567.0,728.0
01021060102,1604.0,514.0,757.0,1640.0,804.0,1080.0
01021060200,698.0,208.0,278.0,851.0,364.0,428.0
01021060300,952.0,291.0,473.0,1127.0,496.0,519.0
01021060401,1498.0,450.0,637.0,1648.0,629.0,690.0
01021060402,2402.0,747.0,1083.0,2551.0,1071.0,1032.0
01021060500,745.0,239.0,305.0,857.0,383.0,416.0
01021060600,879.0,272.0,361.0,1020.0,378.0,388.0
01021060700,1400.0,425.0,612.0,1479.0,602.0,640.0
01023956700,731.0,227.0,272.0,968.0,492.0,520.0
01023956800,978.0,308.0,397.0,1211.0,633.0,934.0
01023956900,993.0,251.0,381.0,1105.0,537.0,674.0
01023957000,629.0,137.0,230.0,718.0,301.0,391.0
01025957500,418.0,104.0,181.0,529.0,246.0,308.0
01025957601,257.0,81.0,83.0,288.0,114.0,180.0
01025957602,1512.0,434.0,519.0,1530.0,704.0,881.0
01025957700,307.0,79.0,124.0,373.0,193.0,269.0
01025957800,1395.0,408.0,603.0,1613.0,658.0,877.0
01025957901,892.0,201.0,368.0,1027.0,451.0,585.0
01025957902,1141.0,294.0,450.0,1194.0,508.0,694.0
01025958001,355.0,75.0,140.0,395.0,160.0,173.0
01025958002,526.0,133.0,169.0,520.0,202.0,207.0
01027958900,1307.0,406.0,501.0,1457.0,733.0,961.0
01027959000,730.0,264.0,327.0,952.0,362.0,618.0
01027959100,688.0,221.0,275.0,898.0,383.0,481.0
01027959200,597.0,162.0,235.0,777.0,342.0,389.0
01029959500,695.0,190.0,263.0,796.0,397.0,372.0
01029959600,1035.0,312.0,431.0,1188.0,578.0,712.0
01029959700,823.0,270.0,293.0,1031.0,473.0,556.0
01029959800,1207.0,351.0,479.0,1363.0,603.0,721.0
01031010100,560.0,135.0,211.0,606.0,276.0,305.0
01031010200,429.0,105.0,180.0,527.0,290.0,332.0
01031010300,1035.0,264.0,377.0,1329.0,634.0,661.0
01031010400,507.0,187.0,167.0,661.0,292.0,360.0
01031010500,1055.0,327.0,472.0,1280.0,591.0,883.0
01031010600,366.0,108.0,117.0,470.0,219.0,292.0
01031010700,567.0,155.0,180.0,706.0,303.0,394.0
01031010800,667.0,161.0,292.0,940.0,401.0,412.0
01031010900,506.0,181.0,279.0,605.0,291.0,280.0
01031011000,1025.0,322.0,467.0,911.0,396.0,464.0
01031011100,530.0,161.0,253.0,494.0,213.0,409.0
01031011201,2205.0,476.0,828.0,2507.0,994.0,1127.0
01031011202,2234.0,1375.0,1846.0,1968.0,692.0,514.0
01031011300,1079.0,407.0,491.0,1006.0,442.0,777.0
01033020100,827.0,310.0,454.0,976.0,380.0,558.0
01033020200,434.0,189.0,201.0,584.0,238.0,330.0
01033020300,513.0,198.0,210.0,548.0,251.0,336.0
01033020400,331.0,84.0,152.0,410.0,211.0,354.0
01033020500,1230.0,417.0,567.0,1454.0,658.0,938.0
01033020600,904.0,392.0,424.0,1022.0,557.0,881.0
01033020701,1601.0,418.0,594.0,1944.0,761.0,864.0
01033020703,1245.0,392.0,580.0,1563.0,648.0,823.0
01033020704,975.0,369.0,443.0,1157.0,546.0,869.0
01033020801,989.0,337.0,414.0,1285.0,745.0,759.0
01033020802,839.0,311.0,348.0,1147.0,504.0,655.0
01033020901,1082.0,354.0,405.0,1317.0,572.0,650.0
01033020902,915.0,286.0,368.0,1247.0,559.0,647.0
01033021000,847.0,264.0,339.0,1132.0,600.0,799.0
01035960200,438.0,124.0,159.0,517.0,286.0,308.0
01035960300,406.0,89.0,141.0,512.0,276.0,327.0
01035960400,707.0,258.0,271.0,955.0,489.0,610.0
01035960500,440.0,147.0,203.0,464.0,249.0,279.0
01035960600,1256.0,337.0,416.0,1185.0,665.0,838.0
01037961000,935.0,274.0,382.0,1213.0,555.0,635.0
01037961100,871.0,278.0,376.0,1216.0,602.0,631.0
01037961200,715.0,254.0,286.0,1087.0,640.0,704.0
01039961600,935.0,275.0,360.0,1237.0,633.0,733.0
01039961700,907.0,310.0,391.0,1182.0,578.0,702.0
01039961800,766.0,256.0,310.0,736.0,384.0,712.0
01039961900,521.0,178.0,207.0,587.0,311.0,344.0
01039962000,957.0,369.0,346.0,1109.0,476.0,693.0
01039962100,517.0,216.0,287.0,563.0,198.0,253.0
01039962300,774.0,258.0,345.0,977.0,450.0,514.0
01039962400,699.0,183.0,248.0,886.0,443.0,714.0
01039962500,309.0,84.0,141.0,385.0,203.0,418.0
01039962600,417.0,162.0,154.0,424.0,169.0,206.0
01039962700,502.0,106.0,204.0,425.0,200.0,275.0
01039962800,420.0,127.0,159.0,521.0,249.0,283.0
01039962900,425.0,124.0,183.0,560.0,246.0,339.0
01039963000,857.0,256.0,328.0,978.0,544.0,753.0
01041963400,525.0,137.0,195.0,595.0,246.0,245.0
01041963500,494.0,173.0,196.0,569.0,234.0,263.0
01041963600,769.0,249.0,322.0,908.0,452.0,512.0
01041963700,969.0,275.0,384.0,1071.0,509.0,654.0
01041963800,421.0,117.0,146.0,482.0,242.0,296.0
01041963900,349.0,77.0,116.0,450.0,190.0,240.0
01043964100,1365.0,463.0,578.0,1708.0,736.0,798.0
01043964200,1976.0,628.0,758.0,2132.0,924.0,1030.0
01043964300,1237.0,363.0,534.0,1459.0,697.0,765.0
01043964400,1026.0,340.0,410.0,1224.0,576.0,573.0
01043964500,1043.0,356.0,429.0,1327.0,490.0,592.0
01043964600,1079.0,314.0,445.0,1179.0,501.0,550.0
01043964700,1217.0,411.0,508.0,1408.0,502.0,648.0
01043964800,1034.0,434.0,526.0,1107.0,468.0,774.0
01043964900,1589.0,523.0,666.0,1758.0,851.0,1389.0
01043965000,1416.0,592.0,793.0,1651.0,630.0,1082.0
01043965100,929.0,300.0,398.0,1100.0,444.0,459.0
01043965200,582.0,162.0,281.0,672.0,319.0,325.0
01043965300,1130.0,366.0,446.0,1362.0,579.0,704.0
01043965401,697.0,443.0,344.0,770.0,382.0,712.0
01043965402,1008.0,346.0,448.0,1175.0,542.0,726.0
01043965500,1305.0,420.0,588.0,1642.0,873.0,872.0
01043965600,465.0,127.0,214.0,629.0,427.0,410.0
01043965700,643.0,197.0,247.0,813.0,379.0,401.0
01045020000,1795.0,939.0,1341.0,626.0,15.0,15.0
01045020100,886.0,292.0,339.0,1149.0,519.0,673.0
01045020200,482.0,129.0,189.0,620.0,284.0,390.0
01045020300,570.0,159.0,231.0,710.0,361.0,391.0
01045020400,530.0,129.0,181.0,700.0,400.0,625.0
01045020500,492.0,180.0,213.0,556.0,288.0,333.0
01045020700,1019.0,345.0,410.0,934.0,366.0,480.0
01045020801,886.0,300.0,380.0,973.0,410.0,449.0
01045020802,980.0,349.0,429.0,1225.0,618.0,789.0
01045021101,1320.0,469.0,715.0,1483.0,503.0,478.0
01045021102,1047.0,466.0,641.0,1186.0,556.0,554.0
01045021200,682.0,209.0,305.0,790.0,379.0,357.0
01045021300,950.0,323.0,448.0,1202.0,578.0,589.0
01045021400,1484.0,541.0,683.0,1596.0,636.0,636.0
01047956100,1739.0,542.0,664.0,2075.0,956.0,849.0
01047956201,653.0,245.0,238.0,762.0,335.0,342.0
01047956202,590.0,175.0,189.0,701.0,318.0,369.0
01047956300,1210.0,409.0,387.0,922.0,416.0,478.0
01047956400,978.0,423.0,386.0,707.0,291.0,396.0
01047956500,1226.0,371.0,444.0,915.0,408.0,487.0
01047956600,1086.0,322.0,415.0,1083.0,468.0,469.0
01047956701,442.0,109.0,193.0,525.0,268.0,338.0
01047956702,378.0,129.0,172.0,431.0,209.0,303.0
01047956800,826.0,212.0,301.0,635.0,346.0,492.0
01047956900,718.0,212.0,219.0,818.0,405.0,463.0
01047957000,346.0,75.0,104.0,314.0,192.0,256.0
01047957100,285.0,86.0,122.0,420.0,195.0,254.0
01047957200,448.0,167.0,199.0,496.0,206.0,257.0
01047957300,1330.0,383.0,454.0,1162.0,505.0,412.0
01049960100,1507.0,484.0,578.0,1734.0,774.0,932.0
01049960200,905.0,215.0,352.0,1066.0,517.0,510.0
01049960300,1757.0,544.0,775.0,2025.0,844.0,1045.0
01049960400,1692.0,482.0,768.0,1892.0,847.0,887.0
01049960500,1336.0,389.0,575.0,1619.0,682.0,832.0
01049960600,1743.0,514.0,673.0,1889.0,761.0,895.0
01049960700,2879.0,783.0,1071.0,2353.0,753.0,890.0
01049960800,1257.0,443.0,556.0,1172.0,506.0,626.0
01049960900,926.0,367.0,537.0,1105.0,463.0,477.0
01049961000,951.0,317.0,448.0,1145.0,535.0,573.0
01049961100,905.0,248.0,402.0,807.0,363.0,580.0
01049961200,554.0,86.0,180.0,679.0,320.0,309.0
01049961300,1858.0,527.0,786.0,1613.0,602.0,672.0
01049961400,1105.0,297.0,463.0,1178.0,660.0,647.0
01051030100,1784.0,1477.0,1769.0,3546.0,906.0,804.0
01051030200,1167.0,354.0,403.0,1469.0,685.0,734.0
01051030300,390.0,148.0,157.0,682.0,533.0,573.0
01051030400,2085.0,625.0,802.0,2224.0,1011.0,1045.0
01051030500,1196.0,368.0,460.0,1400.0,602.0,717.0
01051030600,1703.0,688.0,938.0,2581.0,808.0,808.0
01051030701,1678.0,307.0,658.0,2158.0,847.0,711.0
01051030702,827.0,225.0,270.0,1111.0,659.0,616.0
01051030800,1489.0,554.0,703.0,1629.0,613.0,865.0
01051030901,1842.0,497.0,823.0,2143.0,628.0,412.0
01051030902,1043.0,332.0,466.0,1017.0,378.0,495.0
01051031000,1982.0,684.0,889.0,1919.0,585.0,559.0
01051031100,1182.0,310.0,448.0,1339.0,541.0,462.0
01051031200,519.0,157.0,182.0,534.0,212.0,236.0
01051031300,972.0,446.0,533.0,1233.0,446.0,399.0
01053969800,1566.0,486.0,615.0,1728.0,753.0,877.0
01053969900,1074.0,316.0,468.0,1273.0,564.0,708.0
01053970100,1103.0,266.0,402.0,1229.0,636.0,924.0
01053970200,403.0,156.0,206.0,492.0,235.0,265.0
01053970300,957.0,287.0,377.0,1034.0,469.0,552.0
01053970400,760.0,571.0,1206.0,2306.0,574.0,457.0
01053970500,1288.0,406.0,470.0,1300.0,653.0,753.0
01053970600,1198.0,408.0,421.0,1088.0,428.0,548.0
01053970700,881.0,263.0,400.0,871.0,416.0,728.0
01055000200,903.0,453.0,383.0,823.0,488.0,641.0
01055000300,818.0,294.0,234.0,654.0,283.0,417.0
01055000400,821.0,191.0,372.0,1032.0,588.0,915.0
01055000500,433.0,165.0,225.0,501.0,213.0,309.0
01055000600,479.0,166.0,225.0,565.0,230.0,324.0
01055000700,409.0,161.0,183.0,369.0,131.0,141.0
01055000800,282.0,118.0,107.0,330.0,142.0,117.0
01055000900,603.0,219.0,294.0,731.0,385.0,501.0
01055001000,343.0,156.0,143.0,380.0,129.0,146.0
01055001100,1054.0,204.0,346.0,1321.0,770.0,1079.0
01055001200,554.0,362.0,594.0,1083.0,374.0,633.0
01055001300,691.0,291.0,377.0,708.0,276.0,254.0
01055001600,820.0,376.0,345.0,975.0,506.0,541.0
01055001700,331.0,157.0,184.0,421.0,234.0,332.0
01055010100,513.0,179.0,228.0,577.0,290.0,294.0
01055010200,1320.0,540.0,555.0,1500.0,701.0,951.0
01055010300,697.0,192.0,311.0,888.0,410.0,457.0
01055010401,870.0,411.0,477.0,947.0,355.0,457.0
01055010402,1278.0,351.0,458.0,1606.0,853.0,1026.0
01055010501,2123.0,520.0,793.0,2659.0,1117.0,1090.0
01055010502,1098.0,434.0,455.0,1498.0,717.0,823.0
01055010601,1158.0,353.0,500.0,1594.0,773.0,985.0
01055010602,987.0,318.0,393.0,1292.0,551.0,499.0
01055010700,899.0,293.0,313.0,1106.0,626.0,562.0
01055010800,764.0,218.0,279.0,852.0,446.0,422.0
01055010900,447.0,133.0,192.0,557.0,251.0,174.0
01055011001,1185.0,337.0,442.0,1355.0,657.0,693.0
01055011002,1284.0,340.0,514.0,1419.0,627.0,654.0
01055011100,1352.0,449.0,558.0,1543.0,706.0,760.0
01055011200,872.0,319.0,357.0,793.0,318.0,311.0
01057020000,349.0,100.0,142.0,445.0,211.0,237.0
01057020100,891.0,250.0,320.0,1119.0,514.0,617.0
01057020200,1066.0,396.0,401.0,1181.0,620.0,886.0
01057020300,923.0,299.0,419.0,1103.0,605.0,728.0
01057020400,880.0,301.0,323.0,995.0,477.0,616.0
01059972900,1041.0,341.0,423.0,1143.0,486.0,617.0
01059973000,1530.0,542.0,718.0,1330.0,495.0,831.0
01059973100,589.0,157.0,254.0,732.0,354.0,330.0
01059973200,1132.0,368.0,462.0,1089.0,404.0,521.0
01059973300,1012.0,371.0,444.0,881.0,351.0,437.0
01059973400,631.0,220.0,291.0,711.0,358.0,473.0
01059973500,513.0,155.0,192.0,690.0,275.0,428.0
01059973600,439.0,137.0,179.0,560.0,236.0,268.0
01059973700,1441.0,482.0,619.0,1725.0,766.0,920.0
01061050100,1247.0,392.0,491.0,1366.0,755.0,899.0
01061050200,507.0,162.0,205.0,677.0,369.0,421.0
01061050300,1239.0,447.0,545.0,1483.0,719.0,1044.0
01061050400,1374.0,484.0,553.0,1698.0,769.0,1099.0
01061050500,1071.0,328.0,412.0,1260.0,585.0,677.0
01061050600,920.0,314.0,352.0,1186.0,508.0,534.0
01063060000,446.0,155.0,167.0,466.0,285.0,309.0
01063060100,1154.0,359.0,385.0,1151.0,657.0,754.0
01063060200,753.0,261.0,238.0,788.0,418.0,391.0
01065040000,910.0,263.0,394.0,1014.0,460.0,524.0
01065040100,355.0,121.0,131.0,473.0,249.0,271.0
01065040200,402.0,125.0,139.0,483.0,223.0,231.0
01065040300,610.0,186.0,196.0,585.0,257.0,273.0
01065040400,1483.0,487.0,526.0,1422.0,713.0,819.0
01065040500,406.0,118.0,144.0,442.0,217.0,252.0
01067030100,420.0,144.0,185.0,550.0,301.0,329.0
01067030200,702.0,231.0,280.0,696.0,408.0,673.0
01067030300,590.0,184.0,231.0,878.0,576.0,667.0
01067030400,456.0,121.0,168.0,529.0,294.0,290.0
01067030500,1572.0,404.0,681.0,1713.0,847.0,823.0
01067030600,363.0,111.0,138.0,461.0,222.0,262.0
01069040100,1336.0,381.0,523.0,1549.0,603.0,624.0
01069040201,2181.0,616.0,1126.0,2755.0,1100.0,1355.0
01069040202,2030.0,532.0,697.0,2504.0,1200.0,1261.0
01069040301,972.0,499.0,497.0,968.0,446.0,588.0
01069040302,1012.0,396.0,473.0,998.0,409.0,332.0
01069040400,603.0,143.0,262.0,712.0,352.0,441.0
01069040500,709.0,308.0,439.0,949.0,459.0,646.0
01069040600,656.0,309.0,334.0,716.0,261.0,235.0
01069040700,796.0,222.0,356.0,685.0,244.0,398.0
01069040800,2117.0,665.0,1011.0,2099.0,910.0,1055.0
01069040900,1228.0,356.0,579.0,1440.0,560.0,565.0
01069041000,1604.0,493.0,635.0,1354.0,505.0,625.0
01069041100,1002.0,354.0,488.0,1025.0,423.0,610.0
01069041200,623.0,270.0,269.0,656.0,266.0,478.0
01069041400,764.0,311.0,443.0,889.0,311.0,427.0
01069041500,1070.0,356.0,445.0,1004.0,668.0,672.0
01069041600,1490.0,452.0,635.0,1571.0,622.0,688.0
01069041700,322.0,87.0,132.0,408.0,205.0,268.0
01069041800,514.0,176.0,215.0,643.0,370.0,407.0
01069041900,1869.0,560.0,723.0,2307.0,993.0,1210.0
01069042000,1310.0,402.0,506.0,1786.0,839.0,899.0
01069042100,2042.0,521.0,813.0,2241.0,885.0,891.0
01071950100,1687.0,502.0,659.0,2073.0,901.0,1009.0
01071950200,879.0,254.0,344.0,1039.0,479.0,560.0
01071950300,1384.0,469.0,629.0,1682.0,852.0,952.0
01071950400,482.0,185.0,193.0,669.0,274.0,344.0
01071950500,867.0,240.0,391.0,1037.0,529.0,496.0
01071950600,1440.0,519.0,598.0,1773.0,758.0,939.0
01071950700,953.0,377.0,454.0,1243.0,573.0,730.0
01071950800,904.0,329.0,474.0,1090.0,463.0,856.0
01071950900,1305.0,292.0,485.0,1631.0,894.0,1075.0
01071951000,1080.0,298.0,428.0,1361.0,587.0,742.0
01071951100,1726.0,529.0,667.0,2129.0,1061.0,1070.0
01073000100,1007.0,275.0,358.0,901.0,309.0,231.0
01073000300,732.0,303.0,362.0,867.0,312.0,197.0
01073000400,964.0,339.0,382.0,961.0,409.0,318.0
01073000500,702.0,312.0,313.0,756.0,389.0,417.0
01073000700,922.0,267.0,304.0,548.0,245.0,326.0
01073000800,798.0,337.0,390.0,1048.0,595.0,720.0
01073001100,1425.0,487.0,583.0,1289.0,828.0,797.0
01073001200,580.0,272.0,332.0,792.0,428.0,498.0
01073001400,495.0,173.0,241.0,577.0,281.0,436.0
01073001500,675.0,351.0,381.0,990.0,432.0,389.0
01073001600,657.0,305.0,395.0,1005.0,472.0,598.0
01073001902,533.0,202.0,195.0,582.0,226.0,176.0
01073002000,990.0,355.0,448.0,1181.0,574.0,381.0
01073002100,962.0,288.0,360.0,976.0,340.0,301.0
01073002200,783.0,270.0,286.0,712.0,357.0,247.0
01073002303,923.0,352.0,396.0,742.0,314.0,253.0
01073002305,570.0,242.0,658.0,1008.0,334.0,201.0
01073002306,427.0,221.0,650.0,1023.0,429.0,557.0
01073002400,987.0,394.0,594.0,1051.0,340.0,316.0
01073002700,454.0,586.0,778.0,1386.0,511.0,347.0
01073002900,403.0,205.0,213.0,615.0,318.0,336.0
01073003001,732.0,1329.0,274.0,645.0,392.0,431.0
01073003002,495.0,225.0,211.0,554.0,356.0,379.0
01073003100,933.0,365.0,450.0,1039.0,498.0,389.0
01073003200,238.0,81.0,125.0,255.0,118.0,125.0
01073003300,228.0,76.0,97.0,263.0,125.0,170.0
01073003400,667.0,245.0,256.0,759.0,355.0,230.0
01073003500,842.0,318.0,330.0,751.0,333.0,256.0
01073003600,1151.0,463.0,485.0,1291.0,717.0,619.0
01073003700,1505.0,535.0,623.0,1452.0,639.0,372.0
01073003802,1599.0,472.0,629.0,1578.0,739.0,459.0
01073003803,994.0,391.0,506.0,1111.0,721.0,526.0
01073003900,524.0,217.0,239.0,491.0,185.0,145.0
01073004000,959.0,353.0,420.0,1029.0,533.0,519.0
01073004200,433.0,222.0,271.0,713.0,395.0,335.0
01073004500,1035.0,2520.0,544.0,534.0,253.0,147.0
01073004701,235.0,600.0,895.0,865.0,372.0,562.0
01073004702,373.0,250.0,488.0,870.0,557.0,442.0
01073004800,132.0,209.0,304.0,477.0,357.0,405.0
01073004901,48.0,221.0,317.0,319.0,125.0,162.0
01073004902,298.0,709.0,931.0,878.0,254.0,144.0
01073005000,543.0,758.0,846.0,884.0,293.0,224.0
01073005101,444.0,185.0,184.0,397.0,166.0,146.0
01073005103,460.0,193.0,223.0,646.0,394.0,691.0
01073005104,898.0,826.0,807.0,844.0,206.0,117.0
01073005200,898.0,356.0,334.0,942.0,574.0,670.0
01073005302,752.0,208.0,336.0,1096.0,530.0,580.0
01073005500,660.0,216.0,238.0,526.0,248.0,291.0
01073005600,605.0,417.0,1009.0,957.0,374.0,1276.0
01073005701,551.0,191.0,253.0,647.0,389.0,359.0
01073005702,759.0,298.0,338.0,878.0,505.0,670.0
01073005800,757.0,1225.0,922.0,845.0,254.0,264.0
01073005903,1218.0,390.0,615.0,1428.0,542.0,840.0
01073005905,1463.0,392.0,612.0,1554.0,525.0,681.0
01073005907,520.0,161.0,168.0,700.0,249.0,328.0
01073005908,1240.0,433.0,613.0,1070.0,348.0,454.0
01073005909,667.0,236.0,293.0,851.0,300.0,225.0
01073005910,1464.0,499.0,606.0,1646.0,696.0,382.0
01073010001,1234.0,470.0,711.0,1354.0,665.0,933.0
01073010002,1252.0,388.0,614.0,1380.0,550.0,803.0
01073010100,613.0,211.0,236.0,473.0,271.0,223.0
01073010200,612.0,317.0,359.0,788.0,374.0,326.0
01073010301,706.0,277.0,269.0,762.0,349.0,348.0
01073010302,1375.0,454.0,433.0,892.0,504.0,488.0
01073010401,974.0,314.0,475.0,1094.0,462.0,498.0
01073010402,512.0,191.0,185.0,479.0,216.0,291.0
01073010500,427.0,142.0,170.0,455.0,224.0,226.0
01073010602,1746.0,1038.0,584.0,1409.0,743.0,811.0
01073010603,553.0,210.0,224.0,613.0,460.0,402.0
01073010701,665.0,295.0,509.0,567.0,144.0,81.0
01073010702,1222.0,367.0,733.0,1362.0,464.0,414.0
01073010703,663.0,168.0,243.0,714.0,312.0,232.0
01073010704,961.0,2146.0,548.0,760.0,242.0,277.0
01073010705,922.0,314.0,734.0,963.0,320.0,288.0
01073010706,934.0,1082.0,992.0,1146.0,348.0,444.0
01073010801,1689.0,387.0,670.0,1708.0,619.0,781.0
01073010802,1098.0,93.0,182.0,1081.0,477.0,543.0
01073010803,1843.0,422.0,685.0,1974.0,811.0,866.0
01073010804,875.0,91.0,137.0,915.0,429.0,554.0
01073010805,1923.0,308.0,483.0,2354.0,1261.0,1095.0
01073010900,1611.0,491.0,608.0,1339.0,448.0,543.0
01073011001,1275.0,508.0,719.0,1698.0,660.0,871.0
01073011002,580.0,214.0,247.0,624.0,248.0,291.0
01073011104,2058.0,638.0,1074.0,2474.0,926.0,857.0
01073011107,3002.0,639.0,1152.0,3442.0,1281.0,1066.0
01073011108,996.0,426.0,473.0,1301.0,655.0,747.0
01073011109,1032.0,229.0,317.0,1262.0,633.0,697.0
01073011110,1545.0,469.0,602.0,1894.0,749.0,483.0
01073011111,2130.0,581.0,864.0,2588.0,1014.0,942.0
01073011205,472.0,138.0,260.0,599.0,272.0,380.0
01073011206,1414.0,434.0,517.0,1858.0,815.0,708.0
01073011207,1628.0,424.0,672.0,1514.0,450.0,400.0
01073011208,1072.0,337.0,516.0,1230.0,510.0,354.0
01073011209,1006.0,365.0,385.0,915.0,300.0,282.0
01073011210,1319.0,470.0,520.0,1000.0,317.0,240.0
01073011301,923.0,317.0,357.0,1089.0,458.0,510.0
01073011302,1737.0,455.0,669.0,2044.0,700.0,747.0
01073011400,1591.0,563.0,758.0,1941.0,867.0,943.0
01073011500,1509.0,447.0,559.0,1766.0,752.0,934.0
01073011600,1105.0,301.0,417.0,1232.0,508.0,514.0
01073011703,2111.0,674.0,1302.0,2534.0,1218.0,1395.0
01073011704,905.0,273.0,383.0,1287.0,548.0,627.0
01073011705,1783.0,571.0,820.0,2048.0,973.0,1588.0
01073011706,625.0,175.0,234.0,707.0,330.0,345.0
01073011802,2263.0,712.0,1022.0,1925.0,673.0,1011.0
01073011803,1577.0,409.0,571.0,1425.0,427.0,458.0
01073011804,872.0,314.0,351.0,864.0,284.0,333.0
01073011901,691.0,309.0,333.0,688.0,424.0,539.0
01073011904,533.0,161.0,242.0,626.0,395.0,404.0
01073012001,1025.0,323.0,484.0,1296.0,647.0,684.0
01073012002,1447.0,589.0,1095.0,1711.0,785.0,864.0
01073012103,949.0,319.0,393.0,1271.0,554.0,709.0
01073012104,734.0,227.0,328.0,881.0,375.0,533.0
01073012200,603.0,387.0,741.0,1554.0,557.0,414.0
01073012302,897.0,268.0,400.0,1107.0,528.0,669.0
01073012304,681.0,183.0,270.0,717.0,267.0,525.0
01073012305,1998.0,612.0,703.0,2523.0,1256.0,937.0
01073012401,875.0,285.0,365.0,1058.0,680.0,516.0
01073012402,796.0,267.0,365.0,894.0,342.0,453.0
01073012403,912.0,272.0,405.0,1075.0,503.0,472.0
01073012500,1064.0,377.0,474.0,1251.0,576.0,750.0
01073012602,718.0,225.0,392.0,884.0,323.0,459.0
01073012701,769.0,286.0,400.0,959.0,489.0,679.0
01073012703,1863.0,367.0,603.0,1883.0,497.0,441.0
01073012704,419.0,153.0,298.0,659.0,313.0,327.0
01073012802,574.0,233.0,477.0,717.0,348.0,457.0
01073012803,810.0,710.0,966.0,1267.0,500.0,563.0
01073012905,1138.0,133.0,305.0,1254.0,586.0,905.0
01073012906,1630.0,502.0,694.0,1852.0,814.0,1253.0
01073012907,1104.0,433.0,920.0,1385.0,533.0,535.0
01073012908,1086.0,618.0,915.0,1254.0,344.0,619.0
01073012910,544.0,485.0,770.0,779.0,437.0,385.0
01073012911,1626.0,287.0,341.0,1753.0,1060.0,742.0
01073012912,1538.0,889.0,1305.0,1213.0,261.0,363.0
01073012913,1307.0,786.0,1105.0,993.0,172.0,335.0
01073012914,248.0,412.0,238.0,343.0,154.0,544.0
01073012915,1556.0,449.0,781.0,1731.0,673.0,988.0
01073013002,286.0,134.0,139.0,373.0,216.0,377.0
01073013100,1219.0,412.0,449.0,1056.0,561.0,867.0
01073013200,678.0,218.0,270.0,682.0,277.0,201.0
01073013300,889.0,391.0,392.0,920.0,508.0,527.0
01073013400,1240.0,449.0,549.0,1436.0,738.0,474.0
01073013601,925.0,346.0,371.0,987.0,425.0,497.0
01073013801,491.0,181.0,231.0,606.0,272.0,365.0
01073013901,356.0,132.0,173.0,459.0,245.0,352.0
01073013902,442.0,155.0,254.0,565.0,268.0,475.0
01073014001,915.0,311.0,473.0,1158.0,523.0,693.0
01073014002,814.0,255.0,292.0,1183.0,645.0,493.0
01073014102,1193.0,337.0,451.0,1554.0,729.0,698.0
01073014104,873.0,239.0,383.0,886.0,445.0,530.0
01073014105,1060.0,356.0,543.0,1115.0,533.0,634.0
01073014203,3194.0,708.0,1667.0,4141.0,1610.0,1381.0
01073014204,2944.0,525.0,949.0,3595.0,1046.0,842.0
01073014301,595.0,218.0,314.0,732.0,353.0,628.0
01073014302,1203.0,595.0,1065.0,1569.0,639.0,692.0
01073014404,1180.0,727.0,970.0,1542.0,552.0,553.0
01073014405,928.0,465.0,668.0,1035.0,414.0,474.0
01073014406,1461.0,319.0,494.0,1664.0,809.0,1100.0
01073014408,757.0,566.0,959.0,872.0,185.0,356.0
01073014409,686.0,165.0,281.0,861.0,415.0,931.0
01073014410,1436.0,427.0,575.0,1703.0,686.0,408.0
01073014412,1092.0,184.0,549.0,1226.0,587.0,584.0
01073014413,2304.0,536.0,988.0,2899.0,1266.0,1000.0
01075030000,1116.0,329.0,416.0,1341.0,644.0,885.0
01075030100,1351.0,417.0,555.0,1680.0,743.0,1032.0
01075030200,926.0,294.0,344.0,1155.0,673.0,815.0
01077010100,364.0,902.0,181.0,286.0,122.0,115.0
01077010200,347.0,255.0,228.0,518.0,307.0,318.0
01077010300,479.0,170.0,136.0,386.0,166.0,190.0
01077010400,511.0,683.0,357.0,591.0,255.0,498.0
01077010600,525.0,704.0,429.0,606.0,234.0,273.0
01077010700,650.0,254.0,299.0,532.0,188.0,194.0
01077010800,946.0,416.0,417.0,1052.0,384.0,616.0
01077010900,1458.0,1047.0,694.0,1435.0,820.0,1686.0
01077011000,1063.0,565.0,571.0,1142.0,527.0,789.0
01077011101,1477.0,511.0,525.0,1776.0,863.0,820.0
01077011102,862.0,515.0,455.0,1162.0,589.0,939.0
01077011200,892.0,295.0,377.0,1205.0,638.0,662.0
01077011300,556.0,178.0,231.0,728.0,309.0,370.0
01077011400,1673.0,529.0,647.0,2054.0,836.0,921.0
01077011501,1231.0,405.0,384.0,1586.0,1102.0,1580.0
01077011502,1207.0,382.0,481.0,1599.0,799.0,811.0
01077011602,1330.0,407.0,446.0,1605.0,616.0,738.0
01077011603,1062.0,299.0,376.0,1370.0,616.0,801.0
01077011604,1684.0,412.0,667.0,2086.0,953.0,882.0
01077011700,1025.0,338.0,382.0,1342.0,627.0,810.0
01077011801,1265.0,372.0,496.0,1441.0,633.0,759.0
01077011802,761.0,274.0,293.0,1096.0,527.0,781.0
01079979100,366.0,120.0,154.0,534.0,251.0,257.0
01079979200,1131.0,397.0,460.0,1338.0,677.0,695.0
01079979300,1162.0,361.0,453.0,1413.0,590.0,705.0
01079979400,1057.0,349.0,457.0,1312.0,562.0,834.0
01079979500,1546.0,512.0,634.0,1927.0,760.0,757.0
01079979600,1379.0,422.0,562.0,1778.0,714.0,682.0
01079979700,517.0,167.0,225.0,690.0,276.0,268.0
01079979800,779.0,230.0,324.0,1016.0,428.0,525.0
01079979900,512.0,157.0,198.0,585.0,240.0,276.0
01081040200,799.0,1891.0,894.0,931.0,314.0,371.0
01081040300,405.0,1032.0,315.0,394.0,126.0,220.0
01081040400,1323.0,2640.0,634.0,1300.0,523.0,593.0
01081040500,2415.0,408.0,748.0,2464.0,900.0,813.0
01081040602,1170.0,972.0,514.0,888.0,329.0,334.0
01081040603,172.0,433.0,132.0,194.0,41.0,25.0
01081040604,463.0,3475.0,641.0,391.0,107.0,99.0
01081040700,896.0,3031.0,25.0,18.0,7.0,1.0
01081040800,136.0,3153.0,325.0,103.0,26.0,15.0
01081040901,657.0,774.0,293.0,812.0,362.0,397.0
01081040902,733.0,2397.0,813.0,827.0,227.0,264.0
01081041000,2022.0,866.0,928.0,2219.0,758.0,542.0
01081041100,2224.0,1134.0,1582.0,2408.0,740.0,1113.0
01081041200,1099.0,251.0,453.0,1338.0,629.0,679.0
01081041300,882.0,245.0,438.0,892.0,378.0,539.0
01081041400,1067.0,366.0,386.0,933.0,464.0,391.0
01081041600,981.0,318.0,433.0,856.0,335.0,351.0
01081041700,2281.0,772.0,1109.0,2617.0,1032.0,834.0
01081041800,1910.0,541.0,710.0,2078.0,892.0,646.0
01081041900,1937.0,546.0,685.0,2466.0,1092.0,977.0
01081042002,1781.0,506.0,781.0,2103.0,773.0,764.0
01081042003,1139.0,304.0,504.0,1246.0,326.0,181.0
01081042004,3005.0,913.0,1512.0,3051.0,898.0,763.0
01081042005,1563.0,447.0,660.0,1652.0,520.0,419.0
01081042006,489.0,185.0,232.0,627.0,232.0,259.0
01081042101,1037.0,247.0,400.0,1151.0,453.0,404.0
01081042102,1919.0,496.0,762.0,2121.0,883.0,722.0
01083020101,1125.0,322.0,539.0,1331.0,539.0,468.0
01083020102,1654.0,523.0,714.0,1962.0,733.0,815.0
01083020201,1359.0,438.0,614.0,1419.0,520.0,536.0
01083020202,1344.0,446.0,474.0,1586.0,595.0,570.0
01083020300,897.0,248.0,319.0,1148.0,477.0,523.0
01083020401,1426.0,415.0,617.0,1916.0,925.0,728.0
01083020402,1459.0,427.0,652.0,1685.0,655.0,610.0
01083020500,582.0,173.0,231.0,614.0,315.0,908.0
01083020600,978.0,497.0,567.0,1080.0,396.0,661.0
01083020700,462.0,324.0,333.0,573.0,227.0,179.0
01083020801,1518.0,622.0,1325.0,3141.0,854.0,723.0
01083020802,2224.0,560.0,992.0,2688.0,998.0,861.0
01083020900,806.0,352.0,445.0,1054.0,505.0,648.0
01083021000,669.0,194.0,324.0,706.0,261.0,330.0
01083021100,1619.0,482.0,665.0,2076.0,933.0,875.0
01083021200,2771.0,618.0,1182.0,3303.0,953.0,752.0
01085780800,832.0,318.0,318.0,1066.0,507.0,609.0
01085781000,751.0,235.0,295.0,862.0,413.0,411.0
01085781100,507.0,188.0,183.0,530.0,226.0,244.0
01085781200,812.0,251.0,268.0,822.0,363.0,391.0
01087231400,284.0,125.0,140.0,408.0,205.0,255.0
01087231500,758.0,283.0,325.0,877.0,498.0,442.0
01087231601,263.0,90.0,68.0,342.0,212.0,217.0
01087231602,422.0,178.0,150.0,361.0,237.0,223.0
01087231603,322.0,91.0,102.0,389.0,215.0,199.0
01087231700,345.0,1429.0,89.0,90.0,74.0,89.0
01087231800,317.0,134.0,126.0,347.0,179.0,176.0
01087231900,481.0,358.0,180.0,445.0,232.0,257.0
01087232000,299.0,190.0,161.0,347.0,245.0,297.0
01087232100,538.0,299.0,196.0,435.0,193.0,288.0
01087232200,581.0,195.0,233.0,744.0,284.0,315.0
01087232300,402.0,142.0,156.0,492.0,300.0,273.0
01089000201,207.0,96.0,104.0,185.0,83.0,95.0
01089000202,860.0,2266.0,273.0,575.0,211.0,252.0
01089000301,1156.0,356.0,420.0,1083.0,468.0,514.0
01089000302,1067.0,334.0,422.0,1004.0,426.0,439.0
01089000403,1259.0,411.0,499.0,1396.0,702.0,678.0
01089000501,444.0,175.0,171.0,508.0,268.0,259.0
01089000502,619.0,213.0,284.0,623.0,298.0,321.0
01089000503,510.0,166.0,203.0,538.0,235.0,244.0
01089000601,375.0,140.0,195.0,446.0,211.0,251.0
01089000602,478.0,151.0,210.0,581.0,229.0,364.0
01089000701,787.0,329.0,406.0,768.0,333.0,413.0
01089000702,556.0,217.0,250.0,612.0,347.0,700.0
01089000901,632.0,255.0,452.0,1168.0,620.0,1113.0
01089000902,324.0,276.0,361.0,590.0,240.0,298.0
01089001000,387.0,320.0,545.0,951.0,365.0,355.0
01089001200,1322.0,389.0,411.0,736.0,275.0,271.0
01089001301,879.0,991.0,727.0,919.0,253.0,150.0
01089001302,328.0,289.0,237.0,524.0,211.0,275.0
01089001401,359.0,118.0,294.0,511.0,176.0,152.0
01089001402,876.0,1015.0,902.0,1214.0,433.0,483.0
01089001500,868.0,1661.0,661.0,883.0,377.0,526.0
01089001700,462.0,72.0,148.0,600.0,236.0,373.0
01089001801,844.0,112.0,227.0,1083.0,463.0,883.0
01089001901,765.0,121.0,158.0,975.0,571.0,822.0
01089001902,297.0,28.0,36.0,349.0,160.0,470.0
01089001903,623.0,94.0,95.0,765.0,347.0,577.0
01089002000,378.0,195.0,332.0,604.0,247.0,370.0
01089002100,967.0,539.0,482.0,877.0,359.0,310.0
01089002200,411.0,316.0,327.0,548.0,205.0,315.0
01089002300,1288.0,662.0,788.0,1388.0,500.0,622.0
01089002400,1130.0,699.0,793.0,1333.0,436.0,413.0
01089002501,779.0,700.0,691.0,957.0,238.0,127.0
01089002502,781.0,633.0,620.0,766.0,193.0,141.0
01089002600,652.0,360.0,461.0,920.0,472.0,1206.0
01089002701,418.0,176.0,208.0,652.0,340.0,763.0
01089002721,825.0,256.0,284.0,1097.0,531.0,1078.0
01089002722,665.0,193.0,251.0,849.0,446.0,701.0
01089002801,766.0,365.0,454.0,960.0,483.0,902.0
01089002802,1391.0,419.0,663.0,1961.0,780.0,670.0
01089002911,1025.0,241.0,390.0,1315.0,653.0,952.0
01089002912,567.0,122.0,137.0,753.0,388.0,509.0
01089002921,1536.0,461.0,677.0,2016.0,680.0,925.0
01089002922,1083.0,227.0,315.0,1436.0,748.0,614.0
01089003000,756.0,321.0,357.0,846.0,339.0,502.0
01089003100,405.0,375.0,458.0,902.0,342.0,532.0
01089010100,2549.0,714.0,1053.0,3121.0,1038.0,996.0
01089010200,1476.0,413.0,715.0,1794.0,629.0,556.0
01089010301,2284.0,616.0,927.0,2679.0,890.0,822.0
01089010302,1037.0,336.0,441.0,1269.0,429.0,400.0
01089010401,1621.0,507.0,752.0,1941.0,649.0,644.0
01089010402,1843.0,521.0,727.0,2282.0,752.0,693.0
01089010501,3368.0,792.0,1303.0,3870.0,1216.0,939.0
01089010502,811.0,239.0,410.0,952.0,292.0,262.0
01089010612,955.0,436.0,656.0,1316.0,441.0,530.0
01089010621,1833.0,357.0,481.0,2581.0,968.0,620.0
01089010622,1883.0,2907.0,1556.0,2083.0,711.0,723.0
01089010623,1844.0,343.0,657.0,2068.0,585.0,414.0
01089010624,2510.0,457.0,885.0,2965.0,847.0,621.0
01089010701,2148.0,530.0,915.0,2533.0,939.0,883.0
01089010702,1814.0,550.0,786.0,2364.0,944.0,816.0
01089010800,2745.0,581.0,962.0,3440.0,1179.0,1046.0
01089010901,3878.0,527.0,1033.0,4430.0,1518.0,1392.0
01089010902,765.0,255.0,286.0,973.0,457.0,414.0
01089011011,3136.0,445.0,719.0,3562.0,858.0,504.0
01089011012,1727.0,302.0,272.0,2222.0,851.0,650.0
01089011013,1408.0,436.0,492.0,1653.0,643.0,473.0
01089011014,2811.0,584.0,926.0,3118.0,786.0,610.0
01089011021,920.0,436.0,635.0,1240.0,375.0,356.0
01089011022,1535.0,895.0,1195.0,1892.0,584.0,455.0
01089011100,564.0,674.0,338.0,378.0,26.0,9.0
01089011200,1809.0,950.0,1563.0,2515.0,915.0,700.0
01089011300,1210.0,347.0,537.0,1690.0,685.0,827.0
01089011400,1038.0,334.0,475.0,1360.0,596.0,588.0
01091972900,1540.0,478.0,549.0,1401.0,622.0,693.0
01091973000,1062.0,404.0,408.0,1325.0,655.0,958.0
01091973100,578.0,139.0,206.0,599.0,320.0,330.0
01091973200,752.0,186.0,230.0,699.0,303.0,328.0
01091973300,508.0,131.0,168.0,599.0,325.0,374.0
01091973400,1106.0,299.0,392.0,1258.0,569.0,741.0
01093964000,1264.0,397.0,489.0,1575.0,657.0,742.0
01093964100,632.0,232.0,247.0,801.0,350.0,532.0
01093964200,380.0,84.0,159.0,464.0,228.0,268.0
01093964300,1051.0,383.0,450.0,1172.0,610.0,836.0
01093964400,1171.0,406.0,595.0,1791.0,870.0,1062.0
01093964500,485.0,160.0,204.0,601.0,331.0,412.0
01093964600,786.0,215.0,304.0,950.0,429.0,648.0
01093964700,1281.0,398.0,493.0,1626.0,735.0,1145.0
01095030100,644.0,190.0,243.0,824.0,375.0,412.0
01095030201,1350.0,399.0,485.0,1631.0,719.0,857.0
01095030202,1043.0,305.0,459.0,1390.0,764.0,910.0
01095030300,1428.0,433.0,575.0,1977.0,997.0,1085.0
01095030401,1142.0,362.0,426.0,1295.0,627.0,776.0
01095030402,881.0,225.0,285.0,1085.0,391.0,613.0
01095030500,1867.0,652.0,732.0,2154.0,848.0,1281.0
01095030600,1672.0,446.0,603.0,1912.0,823.0,1124.0
01095030701,962.0,313.0,383.0,1062.0,500.0,541.0
01095030702,905.0,369.0,497.0,1187.0,549.0,567.0
01095030801,1405.0,488.0,589.0,1300.0,540.0,753.0
01095030802,2464.0,985.0,1134.0,1929.0,652.0,653.0
01095030902,1130.0,293.0,449.0,1184.0,527.0,736.0
01095030903,1586.0,646.0,742.0,1406.0,528.0,644.0
01095030904,1589.0,467.0,730.0,1513.0,559.0,617.0
01095031000,1756.0,520.0,658.0,1730.0,757.0,669.0
01095031100,1336.0,517.0,569.0,1184.0,465.0,667.0
01095031200,1411.0,416.0,609.0,1454.0,584.0,957.0
01097000200,76.0,121.0,184.0,487.0,265.0,297.0
01097000401,295.0,111.0,139.0,359.0,166.0,177.0
01097000402,34.0,7.0,9.0,12.0,9.0,32.0
01097000500,446.0,140.0,173.0,548.0,242.0,279.0
01097000600,1045.0,278.0,308.0,596.0,287.0,409.0
01097000701,536.0,180.0,174.0,552.0,278.0,459.0
01097000702,568.0,191.0,219.0,629.0,325.0,545.0
01097000800,1021.0,324.0,339.0,987.0,445.0,941.0
01097000901,435.0,154.0,276.0,559.0,181.0,130.0
01097000902,407.0,182.0,327.0,608.0,265.0,281.0
01097000903,368.0,134.0,207.0,532.0,231.0,177.0
01097001001,593.0,243.0,268.0,579.0,261.0,133.0
01097001002,549.0,187.0,252.0,671.0,284.0,265.0
01097001100,507.0,192.0,227.0,513.0,339.0,488.0
01097001200,797.0,662.0,616.0,947.0,276.0,250.0
01097001302,1010.0,326.0,303.0,741.0,370.0,333.0
01097001400,590.0,198.0,256.0,579.0,253.0,320.0
01097001501,861.0,215.0,252.0,447.0,179.0,237.0
01097001502,766.0,201.0,149.0,301.0,114.0,88.0
01097001800,776.0,218.0,307.0,749.0,302.0,335.0
01097001901,625.0,191.0,252.0,627.0,317.0,268.0
01097001902,989.0,330.0,338.0,924.0,468.0,410.0
01097002000,495.0,128.0,135.0,507.0,293.0,279.0
01097002100,1349.0,373.0,398.0,1114.0,370.0,344.0
01097002200,883.0,282.0,298.0,782.0,277.0,367.0
01097002301,739.0,210.0,276.0,609.0,247.0,137.0
01097002302,640.0,182.0,172.0,474.0,279.0,272.0
01097002400,1111.0,395.0,417.0,1101.0,433.0,348.0
01097002501,666.0,320.0,766.0,1052.0,387.0,324.0
01097002502,430.0,197.0,371.0,651.0,344.0,380.0
01097002600,590.0,228.0,221.0,636.0,421.0,608.0
01097002700,755.0,300.0,302.0,569.0,212.0,330.0
01097002800,1222.0,502.0,659.0,1229.0,453.0,528.0
01097002900,952.0,412.0,502.0,1024.0,363.0,466.0
01097003000,765.0,228.0,320.0,854.0,408.0,594.0
01097003100,945.0,274.0,298.0,1173.0,638.0,1068.0
01097003202,735.0,228.0,399.0,697.0,360.0,373.0
01097003203,972.0,486.0,561.0,973.0,277.0,408.0
01097003204,1049.0,1191.0,1092.0,1041.0,302.0,165.0
01097003205,1350.0,486.0,525.0,829.0,204.0,214.0
01097003301,534.0,374.0,437.0,609.0,272.0,489.0
01097003302,985.0,1093.0,371.0,1025.0,489.0,736.0
01097003402,1229.0,340.0,424.0,1054.0,354.0,340.0
01097003404,917.0,221.0,310.0,696.0,236.0,192.0
01097003405,447.0,144.0,163.0,524.0,268.0,374.0
01097003406,764.0,235.0,395.0,760.0,300.0,371.0
01097003407,1936.0,563.0,816.0,2180.0,861.0,876.0
01097003408,1079.0,289.0,496.0,1138.0,478.0,565.0
01097003501,908.0,360.0,508.0,989.0,423.0,523.0
01097003502,625.0,164.0,144.0,704.0,382.0,566.0
01097003602,304.0,605.0,165.0,236.0,93.0,141.0
01097003605,134.0,641.0,15.0,1.0,0.0,0.0
01097003606,675.0,578.0,471.0,687.0,315.0,426.0
01097003607,829.0,823.0,598.0,803.0,367.0,424.0
01097003608,326.0,125.0,146.0,367.0,136.0,212.0
01097003703,678.0,541.0,544.0,913.0,385.0,413.0
01097003704,864.0,429.0,639.0,1181.0,522.0,677.0
01097003705,904.0,611.0,542.0,1197.0,551.0,636.0
01097003706,615.0,391.0,369.0,846.0,509.0,464.0
01097003707,957.0,557.0,662.0,1128.0,538.0,685.0
01097003708,942.0,290.0,387.0,1248.0,525.0,483.0
01097003709,1324.0,490.0,602.0,1663.0,891.0,851.0
01097003710,936.0,315.0,477.0,1094.0,592.0,1039.0
01097003800,358.0,131.0,139.0,426.0,201.0,224.0
01097003901,502.0,191.0,185.0,549.0,300.0,361.0
01097003902,238.0,96.0,109.0,271.0,99.0,168.0
01097004000,787.0,229.0,252.0,582.0,325.0,392.0
01097004100,236.0,92.0,100.0,252.0,101.0,141.0
01097004800,441.0,128.0,138.0,347.0,123.0,134.0
01097004900,939.0,301.0,340.0,834.0,455.0,463.0
01097005000,550.0,184.0,199.0,526.0,221.0,213.0
01097005100,512.0,146.0,222.0,419.0,133.0,145.0
01097005200,431.0,129.0,206.0,417.0,172.0,201.0
01097005300,485.0,181.0,219.0,452.0,248.0,433.0
01097005400,900.0,393.0,464.0,1117.0,447.0,795.0
01097005500,751.0,259.0,377.0,858.0,335.0,438.0
01097005600,1801.0,513.0,761.0,2158.0,927.0,1105.0
01097005700,1847.0,584.0,723.0,2291.0,1003.0,824.0
01097005800,1318.0,409.0,453.0,1445.0,755.0,623.0
01097005900,1288.0,401.0,499.0,1304.0,594.0,508.0
01097006000,1434.0,404.0,548.0,1416.0,607.0,647.0
01097006102,702.0,236.0,342.0,916.0,380.0,411.0
01097006103,1389.0,409.0,569.0,1367.0,745.0,651.0
01097006104,1242.0,379.0,500.0,1393.0,598.0,542.0
01097006105,1436.0,889.0,573.0,1863.0,899.0,992.0
01097006200,1906.0,503.0,624.0,1830.0,650.0,592.0
01097006301,3024.0,930.0,1244.0,3293.0,1141.0,1037.0
01097006302,1667.0,495.0,706.0,1957.0,771.0,807.0
01097006402,1291.0,461.0,622.0,1421.0,501.0,459.0
01097006403,554.0,164.0,281.0,522.0,171.0,160.0
01097006404,2836.0,811.0,1314.0,3158.0,1021.0,1041.0
01097006405,1877.0,538.0,686.0,2099.0,955.0,836.0
01097006406,2338.0,483.0,757.0,2663.0,801.0,636.0
01097006407,1699.0,395.0,692.0,1991.0,696.0,630.0
01097006501,1329.0,425.0,565.0,1482.0,615.0,524.0
01097006502,3477.0,942.0,1539.0,3728.0,1351.0,1100.0
01097006600,1458.0,456.0,608.0,1596.0,711.0,788.0
01097006701,2207.0,674.0,844.0,2126.0,848.0,742.0
01097006702,1125.0,378.0,459.0,1247.0,495.0,409.0
01097006801,2207.0,520.0,665.0,2554.0,1157.0,954.0
01097006802,869.0,282.0,360.0,919.0,405.0,488.0
01097006901,2108.0,766.0,999.0,2096.0,872.0,868.0
01097006902,1081.0,454.0,493.0,1065.0,449.0,487.0
01097007000,970.0,321.0,382.0,1454.0,712.0,764.0
01097007101,1321.0,458.0,544.0,1325.0,542.0,592.0
01097007102,894.0,313.0,408.0,881.0,320.0,324.0
01097007103,737.0,240.0,279.0,1043.0,590.0,536.0
01097007201,807.0,293.0,329.0,906.0,388.0,316.0
01097007202,495.0,166.0,202.0,806.0,590.0,532.0
01097007300,1288.0,437.0,462.0,1242.0,513.0,545.0
01097007400,1025.0,343.0,367.0,1009.0,475.0,464.0
01097007500,535.0,181.0,178.0,509.0,260.0,213.0
01097007600,706.0,227.0,260.0,610.0,308.0,285.0
01097007700,416.0,153.0,167.0,406.0,202.0,239.0
01097990000,0.0,0.0,0.0,0.0,0.0,0.0
01099075600,336.0,99.0,117.0,346.0,211.0,242.0
01099075700,481.0,123.0,161.0,538.0,281.0,297.0
01099075800,386.0,100.0,124.0,449.0,224.0,232.0
01099075900,1605.0,463.0,546.0,1740.0,892.0,1144.0
01099076000,970.0,342.0,359.0,987.0,432.0,496.0
01099076100,1960.0,500.0,725.0,1928.0,768.0,876.0
01099076200,445.0,107.0,158.0,516.0,271.0,331.0
01101000100,318.0,135.0,234.0,369.0,99.0,44.0
01101000200,159.0,234.0,251.0,528.0,187.0,262.0
01101000300,500.0,184.0,186.0,454.0,183.0,174.0
01101000400,1479.0,528.0,660.0,1227.0,426.0,644.0
01101000500,1025.0,569.0,618.0,919.0,319.0,275.0
01101000600,320.0,90.0,108.0,267.0,167.0,209.0
01101000700,328.0,132.0,163.0,376.0,174.0,225.0
01101000900,444.0,670.0,578.0,797.0,79.0,8.0
01101001000,422.0,193.0,186.0,336.0,116.0,134.0
01101001100,982.0,342.0,375.0,842.0,486.0,588.0
01101001200,501.0,199.0,182.0,442.0,202.0,264.0
01101001300,624.0,221.0,300.0,707.0,379.0,292.0
01101001400,611.0,687.0,578.0,906.0,459.0,425.0
01101001500,868.0,1497.0,342.0,569.0,209.0,301.0
01101001600,1047.0,451.0,537.0,1081.0,330.0,381.0
01101001700,1310.0,519.0,772.0,1488.0,544.0,902.0
01101001800,781.0,344.0,422.0,896.0,442.0,579.0
01101001900,664.0,228.0,309.0,865.0,443.0,674.0
01101002000,1222.0,274.0,402.0,1301.0,586.0,825.0
01101002100,1167.0,421.0,507.0,1191.0,453.0,396.0
01101002201,1201.0,474.0,463.0,1173.0,618.0,629.0
01101002202,311.0,128.0,122.0,320.0,172.0,144.0
01101002300,769.0,311.0,293.0,780.0,397.0,608.0
01101002400,489.0,158.0,184.0,584.0,234.0,377.0
01101002500,943.0,301.0,357.0,740.0,224.0,209.0
01101002600,1146.0,688.0,487.0,1499.0,838.0,1350.0
01101002700,951.0,348.0,313.0,1238.0,718.0,935.0
01101002800,1087.0,463.0,534.0,1133.0,427.0,639.0
01101002900,2713.0,1077.0,1158.0,2034.0,737.0,584.0
01101003000,1205.0,412.0,422.0,774.0,252.0,322.0
01101003100,1223.0,341.0,446.0,1201.0,364.0,248.0
01101003200,1638.0,543.0,685.0,1693.0,607.0,613.0
01101003301,873.0,270.0,338.0,945.0,463.0,637.0
01101003302,1542.0,769.0,820.0,1819.0,742.0,778.0
01101005101,966.0,310.0,618.0,1252.0,315.0,295.0
01101005102,1235.0,452.0,489.0,1249.0,535.0,669.0
01101005301,292.0,88.0,116.0,133.0,4.0,2.0
01101005302,604.0,189.0,347.0,592.0,231.0,179.0
01101005402,1549.0,639.0,951.0,1444.0,572.0,589.0
01101005403,839.0,762.0,687.0,802.0,308.0,269.0
01101005406,2055.0,476.0,733.0,2863.0,1475.0,1382.0
01101005407,923.0,860.0,638.0,1160.0,428.0,654.0
01101005408,1758.0,639.0,889.0,2250.0,1079.0,1102.0
01101005409,536.0,390.0,377.0,723.0,283.0,218.0
01101005410,975.0,1028.0,939.0,1306.0,427.0,335.0
01101005501,588.0,445.0,617.0,1223.0,271.0,171.0
01101005502,203.0,63.0,70.0,252.0,118.0,139.0
01101005503,1089.0,251.0,613.0,1228.0,359.0,256.0
01101005504,209.0,44.0,84.0,305.0,164.0,74.0
01101005603,2903.0,1123.0,1258.0,1892.0,471.0,275.0
01101005604,899.0,233.0,254.0,1162.0,578.0,445.0
01101005605,928.0,367.0,471.0,1052.0,373.0,338.0
01101005606,1463.0,881.0,782.0,1215.0,423.0,251.0
01101005607,1589.0,128.0,512.0,1730.0,394.0,287.0
01101005608,229.0,55.0,34.0,274.0,165.0,197.0
01101005609,1178.0,605.0,1020.0,1379.0,296.0,232.0
01101005610,350.0,132.0,156.0,354.0,164.0,144.0
01101005611,892.0,201.0,367.0,1094.0,370.0,269.0
01101005612,340.0,56.0,205.0,372.0,79.0,89.0
01101005700,305.0,114.0,133.0,487.0,243.0,266.0
01101005800,419.0,166.0,171.0,595.0,434.0,422.0
01101005901,1044.0,375.0,423.0,1521.0,760.0,789.0
01101005902,1074.0,361.0,371.0,962.0,628.0,402.0
01101006000,827.0,360.0,348.0,1068.0,444.0,597.0
01101006100,538.0,194.0,194.0,602.0,327.0,409.0
01103000100,1286.0,396.0,589.0,1075.0,443.0,705.0
01103000200,937.0,165.0,268.0,1112.0,486.0,682.0
01103000300,607.0,216.0,369.0,757.0,348.0,483.0
01103000400,608.0,403.0,533.0,1310.0,514.0,605.0
01103000600,870.0,386.0,602.0,1049.0,354.0,317.0
01103000700,1318.0,467.0,569.0,1094.0,405.0,315.0
01103000800,857.0,276.0,452.0,796.0,325.0,458.0
01103000900,1440.0,669.0,908.0,1307.0,450.0,817.0
01103001000,832.0,269.0,329.0,932.0,403.0,517.0
01103005101,1321.0,402.0,561.0,1649.0,592.0,571.0
01103005103,171.0,82.0,77.0,276.0,144.0,135.0
01103005105,378.0,103.0,144.0,578.0,373.0,456.0
01103005106,1519.0,586.0,816.0,1864.0,762.0,792.0
01103005107,1166.0,278.0,387.0,1442.0,634.0,506.0
01103005108,973.0,352.0,402.0,1151.0,578.0,498.0
01103005109,1336.0,585.0,654.0,1107.0,422.0,543.0
01103005200,1732.0,518.0,642.0,2096.0,836.0,784.0
01103005301,2021.0,518.0,749.0,2417.0,1096.0,1220.0
01103005302,832.0,262.0,340.0,1070.0,492.0,520.0
01103005303,995.0,314.0,479.0,1115.0,405.0,717.0
01103005304,1512.0,364.0,614.0,1732.0,696.0,699.0
01103005404,1316.0,333.0,531.0,1583.0,656.0,797.0
01103005405,1263.0,408.0,483.0,1682.0,734.0,695.0
01103005500,1369.0,422.0,555.0,1726.0,704.0,979.0
01103005600,1432.0,436.0,575.0,1767.0,741.0,778.0
01103005701,609.0,193.0,286.0,862.0,379.0,362.0
01103005702,1534.0,491.0,646.0,1954.0,899.0,920.0
01105686800,204.0,63.0,75.0,313.0,167.0,248.0
01105687000,1362.0,880.0,493.0,1247.0,635.0,985.0
01105687100,1216.0,333.0,433.0,1042.0,469.0,536.0
01107050000,1275.0,389.0,473.0,1368.0,581.0,802.0
01107050100,860.0,278.0,307.0,1031.0,536.0,681.0
01107050200,409.0,133.0,183.0,604.0,316.0,406.0
01107050300,988.0,389.0,428.0,1069.0,501.0,511.0
01107050400,1364.0,441.0,471.0,1462.0,759.0,936.0
01109188600,452.0,166.0,181.0,600.0,297.0,329.0
01109188700,405.0,138.0,201.0,478.0,230.0,246.0
01109188800,581.0,181.0,251.0,703.0,325.0,421.0
01109188900,1333.0,1230.0,498.0,1087.0,458.0,424.0
01109189000,1860.0,1526.0,935.0,1997.0,886.0,935.0
01109189100,1309.0,2956.0,650.0,1075.0,444.0,637.0
01109189200,713.0,228.0,282.0,760.0,385.0,420.0
01109189300,873.0,299.0,390.0,1062.0,595.0,799.0
01111000100,887.0,278.0,341.0,1000.0,534.0,598.0
01111000200,834.0,224.0,282.0,962.0,423.0,572.0
01111000300,909.0,244.0,370.0,1186.0,728.0,860.0
01111000400,1225.0,372.0,480.0,1231.0,557.0,782.0
01111000500,1385.0,407.0,494.0,1445.0,628.0,777.0
01111000600,550.0,285.0,205.0,559.0,241.0,299.0
01113030200,727.0,250.0,265.0,495.0,201.0,176.0
01113030300,954.0,372.0,417.0,933.0,400.0,513.0
01113030401,1247.0,726.0,780.0,1367.0,540.0,695.0
01113030402,657.0,217.0,338.0,769.0,374.0,541.0
01113030500,511.0,165.0,223.0,520.0,267.0,354.0
01113030600,2012.0,767.0,1006.0,1774.0,613.0,600.0
01113030700,1152.0,471.0,502.0,1030.0,295.0,404.0
01113030800,916.0,296.0,298.0,831.0,386.0,412.0
01113030901,1767.0,639.0,831.0,2097.0,927.0,852.0
01113030902,2123.0,579.0,1037.0,2020.0,657.0,636.0
01113031000,857.0,291.0,358.0,1151.0,591.0,534.0
01113031100,381.0,119.0,139.0,552.0,304.0,389.0
01113031200,954.0,291.0,330.0,1219.0,622.0,614.0
01115040103,2396.0,633.0,1451.0,2665.0,980.0,789.0
01115040104,1203.0,365.0,779.0,1600.0,621.0,731.0
01115040105,1013.0,286.0,438.0,1357.0,566.0,775.0
01115040106,1723.0,599.0,963.0,1941.0,813.0,730.0
01115040201,1541.0,494.0,613.0,1788.0,750.0,682.0
01115040203,1616.0,662.0,823.0,1692.0,621.0,801.0
01115040204,1712.0,495.0,801.0,1940.0,851.0,949.0
01115040205,1049.0,267.0,358.0,1544.0,942.0,1165.0
01115040300,1395.0,463.0,505.0,1682.0,733.0,806.0
01115040401,1151.0,383.0,531.0,1403.0,628.0,682.0
01115040402,873.0,319.0,405.0,1099.0,492.0,575.0
01115040501,2947.0,767.0,1078.0,3579.0,1417.0,1358.0
01115040502,2288.0,773.0,1557.0,3371.0,1042.0,866.0
01117030102,976.0,321.0,364.0,1254.0,599.0,661.0
01117030103,246.0,75.0,103.0,324.0,154.0,147.0
01117030211,788.0,103.0,246.0,936.0,392.0,288.0
01117030212,521.0,674.0,972.0,852.0,176.0,98.0
01117030213,1196.0,544.0,578.0,1536.0,563.0,347.0
01117030214,2118.0,378.0,815.0,2415.0,803.0,683.0
01117030215,1027.0,229.0,852.0,1084.0,329.0,320.0
01117030216,1727.0,217.0,583.0,2256.0,990.0,730.0
01117030217,1543.0,180.0,197.0,1767.0,829.0,789.0
01117030303,1407.0,706.0,1071.0,2036.0,958.0,928.0
01117030304,1460.0,254.0,348.0,1802.0,968.0,855.0
01117030305,1089.0,259.0,192.0,1272.0,661.0,543.0
01117030306,1150.0,276.0,559.0,1237.0,394.0,378.0
01117030314,590.0,383.0,705.0,830.0,318.0,312.0
01117030315,1503.0,536.0,1112.0,1640.0,456.0,520.0
01117030316,1507.0,384.0,852.0,1734.0,557.0,425.0
01117030317,1130.0,232.0,614.0,1282.0,301.0,348.0
01117030319,557.0,207.0,320.0,659.0,248.0,489.0
01117030320,1582.0,316.0,673.0,1734.0,557.0,449.0
01117030330,1374.0,342.0,491.0,1814.0,829.0,613.0
01117030331,1422.0,258.0,315.0,1596.0,526.0,312.0
01117030332,286.0,54.0,138.0,375.0,183.0,141.0
01117030333,1107.0,204.0,320.0,1432.0,875.0,856.0
01117030334,1181.0,171.0,277.0,1377.0,459.0,286.0
01117030336,2111.0,259.0,918.0,2153.0,416.0,345.0
01117030337,389.0,126.0,194.0,457.0,122.0,124.0
01117030340,1771.0,428.0,768.0,1947.0,518.0,336.0
01117030341,492.0,231.0,415.0,602.0,206.0,186.0
01117030342,942.0,96.0,114.0,1005.0,278.0,214.0
01117030344,681.0,186.0,427.0,881.0,331.0,387.0
01117030345,799.0,176.0,254.0,1046.0,346.0,275.0
01117030405,349.0,132.0,167.0,350.0,119.0,152.0
01117030406,786.0,579.0,460.0,869.0,368.0,425.0
01117030407,279.0,1083.0,133.0,210.0,127.0,130.0
01117030408,854.0,346.0,403.0,1015.0,437.0,502.0
01117030501,1945.0,552.0,1103.0,1967.0,648.0,641.0
01117030502,495.0,144.0,286.0,684.0,303.0,234.0
01117030604,2064.0,486.0,760.0,2310.0,707.0,576.0
01117030605,1885.0,516.0,1287.0,2182.0,635.0,466.0
01117030607,1795.0,378.0,754.0,1962.0,598.0,436.0
01117030608,886.0,172.0,368.0,1030.0,406.0,350.0
01117030609,1919.0,429.0,1059.0,2184.0,808.0,652.0
01117030701,1081.0,384.0,744.0,1556.0,413.0,401.0
01117030703,1011.0,334.0,369.0,1115.0,433.0,552.0
01117030704,806.0,248.0,322.0,1167.0,719.0,647.0
01117030800,986.0,277.0,439.0,1170.0,553.0,629.0
01117030900,630.0,178.0,277.0,833.0,413.0,447.0
01117980000,3.0,9.0,1.0,15.0,7.0,2.0
01119011300,1379.0,1372.0,549.0,1485.0,747.0,777.0
01119011400,482.0,165.0,152.0,542.0,230.0,302.0
01119011500,1210.0,335.0,413.0,1269.0,552.0,727.0
01119011600,267.0,92.0,110.0,311.0,187.0,257.0
01121010101,1498.0,363.0,565.0,1671.0,649.0,513.0
01121010102,1352.0,429.0,521.0,1517.0,628.0,642.0
01121010201,1053.0,322.0,477.0,1269.0,497.0,458.0
01121010202,858.0,288.0,393.0,1128.0,600.0,540.0
01121010301,854.0,317.0,501.0,1141.0,378.0,339.0
01121010302,929.0,274.0,405.0,1377.0,782.0,731.0
01121010400,648.0,210.0,286.0,832.0,414.0,434.0
01121010500,764.0,273.0,341.0,823.0,356.0,367.0
01121010600,1010.0,338.0,357.0,789.0,342.0,281.0
01121010700,309.0,477.0,449.0,877.0,240.0,198.0
01121010900,925.0,241.0,280.0,785.0,432.0,744.0
01121011000,632.0,181.0,262.0,811.0,495.0,575.0
01121011100,1147.0,364.0,464.0,1436.0,703.0,676.0
01121011200,523.0,273.0,391.0,1015.0,377.0,355.0
01121011300,1711.0,544.0,652.0,1723.0,703.0,939.0
01121011400,714.0,249.0,321.0,904.0,408.0,309.0
01121011500,1395.0,400.0,567.0,1733.0,757.0,810.0
01121011600,1284.0,376.0,523.0,1395.0,609.0,720.0
01121011700,1072.0,356.0,457.0,1273.0,577.0,620.0
01121011800,495.0,198.0,229.0,612.0,321.0,380.0
01121011900,709.0,251.0,353.0,743.0,305.0,611.0
01121012000,568.0,150.0,251.0,618.0,288.0,349.0
01123961900,596.0,192.0,231.0,780.0,313.0,418.0
01123962000,1103.0,313.0,398.0,1215.0,582.0,561.0
01123962100,1102.0,373.0,421.0,1078.0,485.0,630.0
01123962200,1132.0,379.0,500.0,1367.0,611.0,838.0
01123962300,1430.0,579.0,656.0,1804.0,837.0,1142.0
01123962400,1171.0,399.0,470.0,1350.0,625.0,729.0
01123962501,803.0,254.0,323.0,1256.0,798.0,844.0
01123962502,374.0,109.0,181.0,750.0,672.0,889.0
01123962600,395.0,129.0,140.0,484.0,302.0,273.0
01123962700,1681.0,508.0,612.0,1799.0,760.0,869.0
01125010101,1004.0,119.0,201.0,1129.0,468.0,383.0
01125010102,704.0,217.0,279.0,966.0,513.0,436.0
01125010103,1905.0,518.0,715.0,2128.0,802.0,765.0
01125010201,1002.0,274.0,558.0,1071.0,297.0,308.0
01125010202,2400.0,623.0,1049.0,2701.0,1110.0,940.0
01125010203,539.0,179.0,230.0,774.0,442.0,428.0
01125010204,1039.0,777.0,748.0,1236.0,536.0,657.0
01125010301,1505.0,597.0,838.0,1818.0,775.0,879.0
01125010302,1011.0,341.0,402.0,1090.0,466.0,470.0
01125010303,749.0,192.0,328.0,979.0,431.0,402.0
01125010403,828.0,448.0,581.0,874.0,389.0,1057.0
01125010404,613.0,358.0,391.0,589.0,265.0,303.0
01125010405,786.0,297.0,363.0,872.0,347.0,266.0
01125010406,1064.0,262.0,326.0,1129.0,693.0,795.0
01125010407,676.0,877.0,483.0,679.0,365.0,613.0
01125010500,626.0,251.0,300.0,663.0,274.0,291.0
01125010601,1230.0,411.0,607.0,1358.0,517.0,450.0
01125010602,2564.0,718.0,1305.0,3232.0,1270.0,1041.0
01125010701,1880.0,527.0,751.0,2121.0,769.0,613.0
01125010702,1996.0,607.0,904.0,2348.0,1062.0,854.0
01125010703,802.0,228.0,435.0,798.0,229.0,246.0
01125010802,940.0,289.0,448.0,1119.0,610.0,461.0
01125010803,794.0,407.0,355.0,702.0,259.0,266.0
01125010804,652.0,255.0,350.0,722.0,325.0,382.0
01125011200,1295.0,5291.0,65.0,81.0,69.0,238.0
01125011401,422.0,2793.0,225.0,192.0,92.0,55.0
01125011402,159.0,2481.0,384.0,278.0,132.0,112.0
01125011600,441.0,481.0,471.0,794.0,346.0,358.0
01125011701,706.0,773.0,181.0,442.0,262.0,351.0
01125011703,1281.0,369.0,455.0,957.0,558.0,621.0
01125011800,753.0,260.0,287.0,717.0,304.0,390.0
01125011901,507.0,1359.0,483.0,577.0,218.0,218.0
01125011902,491.0,219.0,236.0,528.0,259.0,211.0
01125012000,260.0,2585.0,447.0,420.0,186.0,237.0
01125012100,731.0,1070.0,649.0,1049.0,448.0,575.0
01125012303,1482.0,1204.0,872.0,1590.0,766.0,775.0
01125012304,688.0,671.0,580.0,692.0,277.0,268.0
01125012305,1088.0,570.0,753.0,1102.0,405.0,372.0
01125012403,671.0,611.0,463.0,734.0,342.0,238.0
01125012404,584.0,733.0,234.0,455.0,274.0,394.0
01125012405,1558.0,1774.0,742.0,1340.0,423.0,449.0
01125012501,453.0,129.0,176.0,518.0,301.0,231.0
01125012502,1876.0,500.0,911.0,1838.0,616.0,490.0
01125012503,1040.0,313.0,443.0,1183.0,537.0,362.0
01125012600,243.0,1703.0,272.0,373.0,173.0,129.0
01125012700,993.0,942.0,458.0,1063.0,407.0,464.0
01125012800,982.0,415.0,451.0,810.0,254.0,206.0
01127020100,909.0,274.0,418.0,1061.0,511.0,614.0
01127020200,945.0,373.0,547.0,1171.0,594.0,719.0
01127020300,1532.0,588.0,746.0,1923.0,924.0,1417.0
01127020400,588.0,197.0,280.0,626.0,307.0,339.0
01127020600,602.0,201.0,241.0,738.0,365.0,372.0
01127020700,774.0,238.0,335.0,938.0,370.0,472.0
01127020800,1366.0,447.0,529.0,1642.0,811.0,893.0
01127020900,1263.0,384.0,522.0,1481.0,734.0,759.0
01127021000,948.0,281.0,416.0,1165.0,545.0,548.0
01127021100,828.0,247.0,320.0,1027.0,528.0,663.0
01127021200,825.0,265.0,321.0,1054.0,484.0,532.0
01127021300,827.0,255.0,365.0,1112.0,488.0,546.0
01127021400,876.0,267.0,382.0,1103.0,531.0,574.0
01127021500,788.0,281.0,335.0,935.0,467.0,672.0
01127021600,301.0,127.0,133.0,454.0,238.0,249.0
01127021700,1006.0,319.0,430.0,1164.0,560.0,653.0
01127021800,943.0,334.0,373.0,1082.0,491.0,539.0
01127021900,629.0,217.0,238.0,730.0,381.0,333.0
01129043900,694.0,178.0,258.0,798.0,385.0,491.0
01129044000,1141.0,327.0,431.0,1237.0,548.0,689.0
01129044100,872.0,236.0,337.0,984.0,447.0,511.0
01129044200,1351.0,414.0,471.0,1267.0,601.0,522.0
01129044300,694.0,181.0,231.0,752.0,340.0,377.0
01131034700,413.0,99.0,134.0,338.0,181.0,159.0
01131034800,1307.0,323.0,427.0,1235.0,591.0,696.0
01131035100,1150.0,298.0,392.0,1026.0,458.0,511.0
01131035200,463.0,133.0,195.0,541.0,340.0,386.0
01133965501,600.0,177.0,231.0,733.0,283.0,391.0
01133965502,541.0,156.0,217.0,885.0,527.0,573.0
01133965503,556.0,177.0,198.0,805.0,419.0,486.0
01133965600,1248.0,387.0,521.0,1609.0,788.0,909.0
01133965700,1072.0,286.0,428.0,1329.0,624.0,903.0
01133965800,1100.0,418.0,468.0,1229.0,562.0,699.0
01133965900,501.0,162.0,212.0,630.0,296.0,372.0
