28001000200,1080.0,352.0,380.0,1099.0,615.0,637.0
28001000300,516.0,174.0,203.0,535.0,317.0,377.0
28001000400,1050.0,314.0,305.0,728.0,440.0,401.0
28001000500,960.0,312.0,396.0,977.0,425.0,567.0
28001000600,519.0,214.0,244.0,612.0,275.0,363.0
28001000700,272.0,109.0,168.0,446.0,386.0,423.0
28001000800,983.0,283.0,321.0,972.0,466.0,473.0
28001000900,853.0,293.0,411.0,1084.0,599.0,1019.0
28003950100,1400.0,413.0,623.0,1612.0,761.0,864.0
28003950200,1733.0,496.0,790.0,1821.0,846.0,1306.0
28003950300,795.0,281.0,397.0,953.0,472.0,781.0
28003950400,1454.0,422.0,601.0,1652.0,704.0,792.0
28003950500,1812.0,608.0,752.0,1782.0,726.0,985.0
28003950600,1194.0,386.0,496.0,1352.0,557.0,548.0
28003950700,1071.0,308.0,464.0,1317.0,565.0,612.0
28005950100,1024.0,308.0,425.0,1238.0,654.0,894.0
28005950200,850.0,301.0,331.0,1013.0,504.0,669.0
28005950300,1258.0,361.0,478.0,1397.0,739.0,827.0
28007060100,768.0,201.0,280.0,828.0,413.0,524.0
28007060200,706.0,167.0,238.0,758.0,363.0,413.0
28007060300,899.0,290.0,307.0,944.0,444.0,558.0
28007060400,717.0,206.0,249.0,854.0,421.0,570.0
28007060500,1116.0,319.0,452.0,918.0,418.0,661.0
28007060600,1126.0,341.0,396.0,823.0,397.0,643.0
28009950100,1525.0,498.0,642.0,1742.0,761.0,963.0
28009950200,759.0,203.0,293.0,756.0,312.0,380.0
28011950100,1225.0,372.0,364.0,1026.0,431.0,417.0
28011950200,933.0,295.0,366.0,860.0,356.0,335.0
28011950300,880.0,324.0,319.0,833.0,461.0,376.0
28011950400,1161.0,467.0,605.0,1313.0,626.0,589.0
28011950500,1466.0,485.0,608.0,1422.0,690.0,570.0
28011950600,1349.0,1519.0,745.0,1424.0,727.0,946.0
28011950701,1182.0,467.0,528.0,1011.0,558.0,503.0
28011950702,1031.0,341.0,387.0,832.0,388.0,377.0
28013950100,1000.0,287.0,423.0,1166.0,545.0,715.0
28013950200,487.0,147.0,167.0,476.0,193.0,276.0
28013950300,727.0,214.0,293.0,925.0,454.0,540.0
28013950400,922.0,276.0,365.0,902.0,384.0,451.0
28013950500,774.0,244.0,281.0,684.0,319.0,494.0
28015950100,1161.0,353.0,462.0,1427.0,742.0,841.0
28015950200,1263.0,431.0,590.0,1624.0,827.0,976.0
28017950100,1105.0,365.0,425.0,1098.0,561.0,595.0
28017950200,974.0,306.0,335.0,1003.0,429.0,505.0
28017950300,1242.0,377.0,514.0,1031.0,458.0,652.0
28017950400,1503.0,466.0,555.0,1611.0,699.0,760.0
28019950100,676.0,190.0,243.0,737.0,461.0,477.0
28019950200,1104.0,298.0,394.0,1179.0,565.0,701.0
28019950300,407.0,137.0,160.0,431.0,165.0,308.0
28021950100,909.0,265.0,338.0,928.0,473.0,452.0
28021950200,398.0,144.0,174.0,339.0,227.0,200.0
28021950300,1202.0,1101.0,441.0,1044.0,555.0,513.0
28023950100,1061.0,312.0,413.0,1313.0,569.0,750.0
28023950200,1613.0,416.0,595.0,1688.0,796.0,942.0
28023950300,965.0,270.0,360.0,984.0,503.0,506.0
28023950400,737.0,249.0,274.0,691.0,389.0,543.0
28025950100,1557.0,475.0,588.0,1593.0,721.0,721.0
28025950200,648.0,189.0,257.0,756.0,349.0,359.0
28025950300,1150.0,421.0,444.0,936.0,373.0,343.0
28025950400,1268.0,381.0,521.0,1113.0,558.0,848.0
28025950500,1004.0,360.0,383.0,1199.0,672.0,681.0
28027950100,1303.0,408.0,440.0,1119.0,410.0,451.0
28027950200,594.0,405.0,239.0,728.0,364.0,363.0
28027950300,1011.0,307.0,310.0,830.0,423.0,406.0
28027950400,1181.0,391.0,451.0,1103.0,464.0,554.0
28027950500,1817.0,527.0,638.0,1367.0,483.0,557.0
28027950600,361.0,116.0,149.0,308.0,125.0,155.0
28027950700,1864.0,537.0,613.0,1220.0,617.0,700.0
28029950100,1647.0,730.0,627.0,1489.0,671.0,795.0
28029950200,1213.0,409.0,536.0,1382.0,692.0,744.0
28029950300,986.0,385.0,406.0,1200.0,600.0,623.0
28029950400,1488.0,504.0,600.0,1290.0,551.0,689.0
28029950500,1673.0,808.0,625.0,1650.0,687.0,726.0
28029950600,915.0,274.0,350.0,927.0,426.0,452.0
28031950100,1452.0,491.0,574.0,1376.0,606.0,643.0
28031950200,651.0,190.0,237.0,555.0,253.0,355.0
28031950300,1277.0,423.0,498.0,1262.0,577.0,711.0
28031950400,2015.0,600.0,837.0,2036.0,902.0,1248.0
28033070101,1074.0,294.0,422.0,864.0,267.0,241.0
28033070102,1252.0,357.0,482.0,1367.0,465.0,370.0
28033070210,2040.0,568.0,917.0,2050.0,563.0,420.0
28033070221,1031.0,316.0,436.0,1129.0,527.0,465.0
28033070222,903.0,454.0,579.0,1166.0,414.0,388.0
28033070310,968.0,514.0,732.0,1018.0,281.0,270.0
28033070322,1060.0,338.0,541.0,1132.0,409.0,302.0
28033070323,1926.0,556.0,968.0,1518.0,294.0,196.0
28033070324,1666.0,470.0,648.0,1434.0,371.0,318.0
28033070325,926.0,312.0,392.0,837.0,298.0,202.0
28033070411,405.0,139.0,150.0,458.0,150.0,256.0
28033070412,1476.0,523.0,639.0,1125.0,365.0,428.0
28033070421,789.0,246.0,365.0,757.0,219.0,414.0
28033070422,754.0,233.0,284.0,638.0,264.0,465.0
28033070520,2645.0,625.0,1282.0,2937.0,1078.0,1071.0
28033070521,1203.0,368.0,546.0,1045.0,402.0,326.0
28033070522,1198.0,423.0,594.0,1254.0,496.0,524.0
28033070610,969.0,365.0,569.0,730.0,214.0,197.0
28033070620,2139.0,448.0,768.0,2369.0,796.0,716.0
28033070630,3060.0,519.0,989.0,3567.0,1033.0,1053.0
28033070710,1822.0,370.0,481.0,2112.0,755.0,866.0
28033070721,1260.0,271.0,374.0,1353.0,443.0,386.0
28033070722,1406.0,233.0,328.0,1688.0,529.0,473.0
28033070811,1458.0,351.0,592.0,1664.0,740.0,733.0
28033070812,1641.0,457.0,844.0,1462.0,381.0,416.0
28033070821,1342.0,349.0,500.0,1579.0,478.0,481.0
28033070822,1686.0,377.0,769.0,1582.0,357.0,316.0
28033070830,1721.0,344.0,558.0,1927.0,605.0,429.0
28033070900,1272.0,350.0,440.0,1470.0,523.0,519.0
28033071000,2427.0,478.0,904.0,2892.0,1138.0,1291.0
28033071110,1988.0,382.0,940.0,1973.0,633.0,621.0
28033071120,1569.0,491.0,667.0,1838.0,697.0,767.0
28033071200,796.0,220.0,314.0,1021.0,446.0,421.0
28035000200,437.0,357.0,448.0,682.0,269.0,391.0
28035000300,712.0,525.0,483.0,806.0,262.0,254.0
28035000500,444.0,164.0,234.0,375.0,131.0,109.0
28035000600,2807.0,1223.0,986.0,1473.0,592.0,639.0
28035000700,492.0,501.0,521.0,712.0,340.0,686.0
28035000800,1106.0,772.0,610.0,1241.0,680.0,1139.0
28035000900,494.0,2256.0,350.0,181.0,32.0,22.0
28035001000,713.0,1836.0,862.0,635.0,164.0,198.0
28035001100,853.0,762.0,687.0,832.0,240.0,266.0
28035010101,1615.0,419.0,582.0,1813.0,601.0,648.0
28035010102,1792.0,464.0,735.0,1880.0,706.0,651.0
28035010200,1510.0,550.0,722.0,1736.0,913.0,836.0
28035010300,961.0,316.0,479.0,976.0,322.0,503.0
28035010400,1186.0,373.0,568.0,1100.0,419.0,601.0
28035010500,1211.0,462.0,486.0,1107.0,501.0,499.0
28035010600,2156.0,598.0,935.0,2435.0,980.0,1000.0
28035010700,618.0,292.0,323.0,716.0,292.0,222.0
28037950100,1336.0,410.0,564.0,1430.0,746.0,956.0
28037950200,805.0,207.0,252.0,791.0,342.0,359.0
28039950101,1648.0,477.0,638.0,1698.0,670.0,710.0
28039950102,1342.0,388.0,543.0,1261.0,528.0,573.0
28039950200,668.0,267.0,387.0,781.0,251.0,447.0
28039950301,1891.0,510.0,650.0,1925.0,737.0,817.0
28039950302,890.0,262.0,302.0,881.0,367.0,332.0
28041950100,1517.0,863.0,1561.0,2787.0,849.0,670.0
28041950200,1788.0,476.0,679.0,1733.0,766.0,947.0
28043950100,1478.0,401.0,583.0,1754.0,810.0,805.0
28043950200,1432.0,406.0,548.0,1667.0,741.0,762.0
28043950300,870.0,287.0,301.0,759.0,355.0,427.0
28043950400,783.0,321.0,278.0,762.0,299.0,328.0
28043950500,1203.0,387.0,507.0,1309.0,617.0,955.0
28045030100,974.0,334.0,441.0,1275.0,706.0,829.0
28045030200,1469.0,562.0,637.0,1721.0,754.0,685.0
28045030300,2652.0,877.0,1034.0,2657.0,1163.0,1035.0
28045030400,536.0,158.0,189.0,731.0,394.0,325.0
28045030500,1782.0,370.0,678.0,2258.0,1242.0,2165.0
28045030601,1949.0,544.0,789.0,2189.0,889.0,864.0
28045030602,1761.0,512.0,595.0,2048.0,825.0,782.0
28045990000,0.0,0.0,0.0,0.0,0.0,0.0
28047000100,44.0,20.0,15.0,54.0,37.0,89.0
28047000300,603.0,205.0,246.0,547.0,258.0,220.0
28047000600,218.0,119.0,161.0,467.0,224.0,269.0
28047000900,548.0,1911.0,278.0,194.0,8.0,8.0
28047001201,1350.0,812.0,782.0,1007.0,476.0,802.0
28047001202,1420.0,707.0,810.0,1596.0,690.0,765.0
28047001300,618.0,493.0,521.0,897.0,309.0,265.0
28047001400,325.0,143.0,216.0,533.0,238.0,262.0
28047001501,788.0,324.0,414.0,998.0,425.0,615.0
28047001502,1192.0,581.0,648.0,1273.0,511.0,431.0
28047001600,815.0,208.0,302.0,1067.0,492.0,770.0
28047001700,1180.0,619.0,828.0,1591.0,624.0,768.0
28047001800,859.0,263.0,353.0,688.0,315.0,369.0
28047001900,627.0,303.0,357.0,822.0,400.0,349.0
28047002000,795.0,376.0,432.0,967.0,374.0,290.0
28047002300,590.0,186.0,260.0,611.0,250.0,281.0
28047002400,1357.0,447.0,457.0,1037.0,404.0,390.0
28047002500,629.0,697.0,294.0,204.0,11.0,4.0
28047002600,1154.0,378.0,423.0,909.0,397.0,575.0
28047002700,1621.0,465.0,699.0,1826.0,689.0,791.0
28047002800,630.0,250.0,331.0,798.0,353.0,436.0
28047002900,181.0,55.0,106.0,311.0,295.0,395.0
28047003000,923.0,230.0,320.0,923.0,459.0,440.0
28047003101,2021.0,598.0,739.0,2133.0,903.0,963.0
28047003102,1562.0,473.0,577.0,1964.0,1006.0,886.0
28047003204,1055.0,441.0,490.0,1111.0,413.0,407.0
28047003205,1637.0,581.0,888.0,1637.0,618.0,667.0
28047003206,2313.0,636.0,1128.0,2196.0,934.0,696.0
28047003207,1499.0,589.0,861.0,1390.0,439.0,359.0
28047003208,971.0,515.0,664.0,1340.0,369.0,277.0
28047003301,2177.0,1057.0,1286.0,2351.0,805.0,862.0
28047003303,1643.0,720.0,1009.0,1879.0,582.0,579.0
28047003304,1005.0,263.0,383.0,1296.0,567.0,761.0
28047003402,2727.0,845.0,1304.0,3292.0,1157.0,982.0
28047003403,519.0,148.0,182.0,740.0,272.0,236.0
28047003404,1451.0,417.0,542.0,1857.0,637.0,569.0
28047003501,2717.0,714.0,1129.0,2948.0,1147.0,909.0
28047003502,1687.0,500.0,699.0,1855.0,679.0,589.0
28047003504,1493.0,500.0,754.0,1680.0,707.0,619.0
28047003505,1833.0,489.0,890.0,2005.0,779.0,798.0
28047003600,223.0,94.0,125.0,287.0,190.0,173.0
28047003700,784.0,399.0,409.0,784.0,285.0,415.0
28047003800,193.0,105.0,123.0,363.0,185.0,192.0
28047003900,699.0,367.0,423.0,1020.0,386.0,429.0
28047980000,0.0,15.0,32.0,38.0,2.0,0.0
28047990000,0.0,0.0,0.0,0.0,0.0,0.0
28049000100,1117.0,301.0,615.0,1316.0,521.0,785.0
28049000200,1383.0,405.0,724.0,1521.0,634.0,798.0
28049000301,1061.0,352.0,450.0,601.0,136.0,75.0
28049000302,1124.0,577.0,731.0,1146.0,296.0,236.0
28049000400,943.0,315.0,482.0,883.0,344.0,457.0
28049000500,1626.0,608.0,743.0,1481.0,883.0,771.0
28049000600,842.0,305.0,363.0,890.0,392.0,687.0
28049000700,1940.0,747.0,688.0,1533.0,700.0,328.0
28049000800,1468.0,519.0,508.0,1036.0,521.0,479.0
28049000900,460.0,184.0,221.0,526.0,224.0,420.0
28049001000,363.0,151.0,134.0,403.0,204.0,269.0
28049001100,379.0,146.0,143.0,525.0,237.0,413.0
28049001200,469.0,176.0,220.0,520.0,190.0,270.0
28049001300,859.0,443.0,730.0,1129.0,458.0,590.0
28049001400,686.0,216.0,252.0,728.0,504.0,715.0
28049001500,444.0,882.0,566.0,728.0,354.0,333.0
28049001600,622.0,1238.0,583.0,832.0,401.0,242.0
28049001900,545.0,195.0,204.0,545.0,216.0,264.0
28049002000,272.0,110.0,96.0,290.0,143.0,148.0
28049002100,914.0,403.0,400.0,857.0,420.0,294.0
28049002200,769.0,242.0,308.0,642.0,263.0,253.0
28049002300,872.0,348.0,342.0,635.0,213.0,129.0
28049002400,1401.0,529.0,520.0,1089.0,572.0,502.0
28049002500,698.0,281.0,287.0,697.0,247.0,211.0
28049002700,223.0,185.0,217.0,515.0,141.0,110.0
28049003000,642.0,263.0,267.0,577.0,204.0,179.0
28049003200,291.0,488.0,149.0,372.0,132.0,165.0
28049003300,2426.0,761.0,927.0,1710.0,438.0,328.0
28049003400,1638.0,455.0,519.0,862.0,206.0,185.0
28049003500,1607.0,491.0,629.0,887.0,211.0,150.0
28049003600,1568.0,386.0,494.0,1110.0,252.0,204.0
28049003700,1032.0,327.0,400.0,825.0,205.0,190.0
28049003800,1070.0,411.0,409.0,767.0,210.0,185.0
28049010101,1310.0,787.0,1120.0,1539.0,679.0,786.0
28049010102,1523.0,625.0,942.0,1551.0,549.0,584.0
28049010201,1044.0,435.0,506.0,739.0,284.0,284.0
28049010202,1447.0,550.0,728.0,1477.0,1178.0,820.0
28049010203,1008.0,308.0,309.0,694.0,372.0,250.0
28049010301,889.0,309.0,316.0,798.0,513.0,488.0
28049010304,1577.0,480.0,595.0,1786.0,762.0,1020.0
28049010305,959.0,323.0,493.0,900.0,300.0,417.0
28049010400,970.0,503.0,469.0,1026.0,382.0,574.0
28049010500,1933.0,632.0,697.0,2331.0,1202.0,1101.0
28049010600,1349.0,405.0,480.0,1429.0,701.0,611.0
28049010700,1527.0,1301.0,772.0,1935.0,817.0,949.0
28049010801,590.0,207.0,218.0,369.0,117.0,127.0
28049010804,430.0,314.0,341.0,430.0,118.0,136.0
28049010805,1140.0,349.0,521.0,1206.0,470.0,340.0
28049010806,842.0,294.0,350.0,1001.0,436.0,549.0
28049010807,873.0,246.0,275.0,1213.0,582.0,525.0
28049010808,1388.0,462.0,532.0,1611.0,520.0,280.0
28049010809,903.0,236.0,296.0,964.0,368.0,275.0
28049010901,883.0,332.0,390.0,717.0,307.0,202.0
28049010902,524.0,182.0,194.0,503.0,188.0,253.0
28049011001,2024.0,674.0,827.0,1384.0,389.0,494.0
28049011002,1717.0,415.0,583.0,1232.0,286.0,224.0
28049011101,939.0,260.0,358.0,842.0,280.0,183.0
28049011102,2935.0,834.0,1295.0,3198.0,944.0,812.0
28049011103,1890.0,420.0,1091.0,1769.0,416.0,387.0
28049011201,727.0,191.0,251.0,963.0,429.0,366.0
28049011202,2077.0,621.0,789.0,2635.0,1198.0,1151.0
28049011300,1086.0,321.0,408.0,1193.0,605.0,635.0
28049011400,307.0,126.0,129.0,417.0,166.0,137.0
28049011500,629.0,1906.0,209.0,459.0,173.0,226.0
28051950100,1361.0,378.0,515.0,1102.0,483.0,609.0
28051950200,1137.0,391.0,375.0,1053.0,484.0,640.0
28051950300,977.0,286.0,312.0,766.0,279.0,321.0
28051950400,657.0,194.0,230.0,583.0,279.0,325.0
28051950500,1820.0,884.0,554.0,1352.0,540.0,527.0
28053950100,805.0,224.0,288.0,729.0,315.0,299.0
28053950200,703.0,206.0,262.0,696.0,328.0,404.0
28053950300,1344.0,431.0,481.0,1082.0,405.0,466.0
28055950100,318.0,167.0,165.0,399.0,168.0,203.0
28057950100,1250.0,360.0,511.0,1454.0,659.0,757.0
28057950200,1657.0,519.0,687.0,1869.0,678.0,899.0
28057950300,731.0,802.0,281.0,690.0,330.0,558.0
28057950400,1184.0,400.0,448.0,1454.0,627.0,956.0
28057950500,1046.0,317.0,436.0,1108.0,481.0,531.0
28059040101,2049.0,539.0,746.0,2227.0,787.0,894.0
28059040102,2115.0,611.0,784.0,2385.0,854.0,914.0
28059040201,2378.0,647.0,884.0,2706.0,1152.0,955.0
28059040203,1496.0,464.0,563.0,1650.0,543.0,461.0
28059040204,1782.0,582.0,829.0,2126.0,721.0,643.0
28059040300,2037.0,943.0,1140.0,2139.0,734.0,856.0
28059040400,1920.0,615.0,1019.0,2019.0,811.0,973.0
28059040500,622.0,201.0,221.0,1027.0,550.0,1029.0
28059040600,1342.0,434.0,625.0,1613.0,692.0,860.0
28059040700,2410.0,625.0,910.0,3009.0,1130.0,1129.0
28059040800,1637.0,527.0,769.0,1783.0,728.0,625.0
28059040900,3585.0,876.0,1512.0,3610.0,1005.0,846.0
28059041000,1519.0,542.0,658.0,1492.0,724.0,646.0
28059041100,1967.0,533.0,788.0,1896.0,839.0,747.0
28059041300,1529.0,518.0,688.0,1883.0,955.0,998.0
28059041400,609.0,193.0,284.0,823.0,512.0,607.0
28059041500,298.0,98.0,126.0,396.0,198.0,216.0
28059041600,705.0,223.0,308.0,738.0,338.0,284.0
28059041700,593.0,253.0,218.0,618.0,389.0,268.0
28059041800,593.0,231.0,246.0,751.0,431.0,524.0
28059041900,627.0,197.0,233.0,720.0,308.0,369.0
28059042000,1512.0,534.0,641.0,1340.0,462.0,385.0
28059042100,962.0,319.0,490.0,910.0,310.0,276.0
28059042200,1293.0,621.0,803.0,1384.0,456.0,646.0
28059042500,566.0,202.0,257.0,618.0,269.0,329.0
28059042600,624.0,167.0,209.0,813.0,382.0,433.0
28059042700,225.0,80.0,113.0,299.0,150.0,158.0
28059042900,530.0,205.0,279.0,617.0,250.0,270.0
28059990000,0.0,0.0,0.0,0.0,0.0,0.0
28061950100,1102.0,350.0,407.0,1267.0,674.0,804.0
28061950200,577.0,188.0,235.0,540.0,237.0,341.0
28061950300,1332.0,386.0,537.0,1487.0,655.0,780.0
28061950400,1367.0,412.0,534.0,1469.0,730.0,810.0
28063950100,1609.0,570.0,689.0,1761.0,764.0,830.0
28063950200,323.0,220.0,240.0,473.0,165.0,168.0
28065950100,1419.0,486.0,503.0,1525.0,746.0,982.0
28065950201,900.0,307.0,378.0,952.0,435.0,458.0
28065950202,812.0,238.0,302.0,1012.0,538.0,628.0
28067950100,1864.0,590.0,646.0,1856.0,818.0,973.0
28067950200,1337.0,417.0,552.0,1582.0,735.0,876.0
28067950301,1277.0,373.0,518.0,1384.0,599.0,696.0
28067950302,858.0,310.0,363.0,968.0,476.0,618.0
28067950401,988.0,303.0,474.0,864.0,372.0,589.0
28067950402,1604.0,547.0,714.0,1313.0,594.0,781.0
28067950500,1263.0,511.0,569.0,1143.0,413.0,532.0
28067950600,2351.0,779.0,875.0,1828.0,693.0,895.0
28067950700,920.0,299.0,408.0,867.0,457.0,531.0
28067950800,1423.0,394.0,606.0,1508.0,715.0,787.0
28067950900,2028.0,609.0,840.0,2226.0,1000.0,1056.0
28067951000,889.0,801.0,363.0,911.0,367.0,482.0
28067951100,1631.0,543.0,694.0,1722.0,805.0,931.0
28067980000,1.0,0.0,0.0,1.0,1.0,1.0
28069030100,1400.0,683.0,608.0,1424.0,632.0,739.0
28069030200,1222.0,377.0,484.0,1405.0,713.0,896.0
28071950100,1193.0,366.0,467.0,1366.0,544.0,546.0
28071950201,584.0,572.0,462.0,700.0,264.0,413.0
28071950202,583.0,2044.0,635.0,698.0,301.0,577.0
28071950301,1037.0,4208.0,329.0,179.0,39.0,24.0
28071950302,711.0,1382.0,606.0,653.0,226.0,361.0
28071950401,1685.0,850.0,835.0,1833.0,826.0,667.0
28071950402,992.0,263.0,346.0,1186.0,571.0,561.0
28071950501,1548.0,610.0,896.0,1917.0,784.0,947.0
28071950502,549.0,189.0,265.0,657.0,306.0,309.0
28071950503,1144.0,1915.0,852.0,1277.0,472.0,553.0
28073020100,2233.0,599.0,921.0,2318.0,837.0,832.0
28073020201,2012.0,554.0,1030.0,1993.0,587.0,500.0
28073020202,2289.0,509.0,738.0,2549.0,1018.0,996.0
28073020301,1985.0,1056.0,1337.0,2011.0,785.0,789.0
28073020302,2291.0,2288.0,1675.0,1844.0,473.0,785.0
28073020400,1686.0,548.0,769.0,1862.0,780.0,920.0
28073020500,1861.0,511.0,756.0,1972.0,650.0,710.0
28073020600,1027.0,323.0,328.0,981.0,453.0,476.0
28075000200,837.0,302.0,330.0,878.0,390.0,501.0
28075000300,662.0,257.0,248.0,649.0,269.0,343.0
28075000400,1757.0,511.0,577.0,1252.0,573.0,606.0
28075000600,715.0,219.0,260.0,564.0,183.0,182.0
28075000700,1504.0,468.0,468.0,1032.0,308.0,403.0
28075000800,460.0,353.0,229.0,567.0,296.0,337.0
28075000900,1593.0,490.0,619.0,1365.0,479.0,642.0
28075001000,980.0,313.0,565.0,971.0,451.0,657.0
28075001101,894.0,358.0,475.0,941.0,470.0,624.0
28075001102,1112.0,379.0,493.0,1019.0,500.0,915.0
28075010201,1544.0,487.0,673.0,1720.0,894.0,868.0
28075010202,2031.0,1034.0,944.0,2020.0,852.0,967.0
28075010301,1439.0,390.0,476.0,1652.0,769.0,725.0
28075010302,1683.0,414.0,618.0,1959.0,901.0,1120.0
28075010400,435.0,314.0,646.0,1123.0,312.0,262.0
28075010500,1460.0,524.0,598.0,1698.0,771.0,841.0
28075010600,1926.0,736.0,820.0,2205.0,964.0,1063.0
28075010700,303.0,150.0,177.0,411.0,185.0,248.0
28075980000,13.0,6.0,9.0,10.0,11.0,14.0
28077960100,1117.0,306.0,404.0,1236.0,604.0,638.0
28077960200,1223.0,434.0,504.0,1233.0,529.0,664.0
28077960300,1081.0,321.0,448.0,1175.0,521.0,620.0
28079040100,882.0,242.0,354.0,953.0,394.0,513.0
28079040400,3094.0,633.0,755.0,1838.0,810.0,888.0
28079040500,833.0,274.0,318.0,889.0,426.0,489.0
28079040600,1944.0,617.0,839.0,1389.0,500.0,766.0
28079040700,963.0,270.0,348.0,919.0,460.0,445.0
28081950101,1411.0,385.0,641.0,1422.0,479.0,427.0
28081950102,942.0,263.0,406.0,1073.0,455.0,595.0
28081950201,2072.0,508.0,915.0,2283.0,799.0,888.0
28081950202,1470.0,475.0,677.0,1736.0,684.0,649.0
28081950301,1303.0,397.0,481.0,1451.0,483.0,563.0
28081950302,845.0,299.0,391.0,1095.0,461.0,465.0
28081950401,1328.0,320.0,430.0,1103.0,405.0,442.0
28081950402,1784.0,350.0,600.0,2120.0,1017.0,898.0
28081950500,1477.0,426.0,663.0,1513.0,683.0,839.0
28081950601,1054.0,284.0,630.0,1075.0,372.0,475.0
28081950602,893.0,368.0,568.0,962.0,337.0,829.0
28081950700,990.0,342.0,529.0,985.0,342.0,563.0
28081950800,896.0,297.0,449.0,853.0,348.0,533.0
28081950901,1047.0,239.0,349.0,897.0,289.0,370.0
28081950902,1632.0,501.0,583.0,1285.0,532.0,543.0
28081951001,1061.0,362.0,425.0,1164.0,451.0,423.0
28081951002,1249.0,468.0,455.0,966.0,379.0,426.0
28081951100,1781.0,556.0,700.0,1936.0,797.0,821.0
28081980000,0.0,0.0,0.0,0.0,0.0,0.0
28083950100,292.0,116.0,116.0,272.0,169.0,156.0
28083950200,875.0,210.0,343.0,688.0,350.0,593.0
28083950300,1648.0,1205.0,676.0,1313.0,529.0,487.0
28083950400,1647.0,583.0,937.0,1803.0,603.0,602.0
28083950600,1141.0,350.0,638.0,1361.0,750.0,1061.0
28083950700,590.0,192.0,266.0,599.0,251.0,178.0
28083950800,1496.0,523.0,502.0,1115.0,456.0,382.0
28083950900,1619.0,527.0,564.0,1177.0,366.0,389.0
28085950100,1077.0,322.0,445.0,1194.0,561.0,540.0
28085950200,1692.0,457.0,702.0,1830.0,806.0,794.0
28085950300,1885.0,574.0,757.0,1973.0,907.0,938.0
28085950400,1861.0,531.0,725.0,1881.0,846.0,849.0
28085950500,1455.0,388.0,579.0,1293.0,538.0,868.0
28085950600,1693.0,451.0,647.0,1565.0,701.0,955.0
28087000101,1619.0,423.0,606.0,1913.0,650.0,672.0
28087000102,735.0,215.0,288.0,722.0,272.0,260.0
28087000200,401.0,431.0,360.0,182.0,7.0,8.0
28087000300,1766.0,737.0,833.0,2212.0,1208.0,1073.0
28087000401,2216.0,687.0,858.0,2275.0,890.0,906.0
28087000403,1176.0,323.0,491.0,1377.0,550.0,446.0
28087000404,1126.0,289.0,415.0,1248.0,543.0,489.0
28087000500,955.0,264.0,361.0,1071.0,437.0,894.0
28087000600,1292.0,369.0,411.0,796.0,230.0,584.0
28087000700,1297.0,1056.0,642.0,1183.0,557.0,492.0
28087000800,1055.0,385.0,375.0,865.0,414.0,458.0
28087000900,1219.0,779.0,771.0,1411.0,653.0,857.0
28087001000,574.0,166.0,212.0,714.0,383.0,336.0
28087001100,570.0,197.0,204.0,558.0,248.0,229.0
28089030101,1935.0,375.0,692.0,2314.0,968.0,1083.0
28089030104,638.0,178.0,390.0,831.0,330.0,269.0
28089030105,940.0,747.0,450.0,935.0,359.0,319.0
28089030106,1048.0,794.0,1224.0,1185.0,319.0,598.0
28089030107,447.0,373.0,453.0,737.0,429.0,317.0
28089030108,1317.0,707.0,1152.0,1373.0,311.0,164.0
28089030201,2278.0,397.0,685.0,2680.0,1037.0,681.0
28089030202,1584.0,191.0,391.0,1780.0,440.0,424.0
28089030203,864.0,190.0,305.0,1015.0,279.0,321.0
28089030204,1232.0,148.0,296.0,1410.0,471.0,340.0
28089030205,584.0,108.0,95.0,768.0,377.0,268.0
28089030206,514.0,80.0,62.0,634.0,303.0,390.0
28089030301,1735.0,227.0,337.0,1912.0,723.0,490.0
28089030302,1731.0,445.0,582.0,1870.0,928.0,795.0
28089030400,3319.0,818.0,1922.0,3824.0,1339.0,954.0
28089030500,2806.0,884.0,1030.0,1584.0,574.0,693.0
28089030600,1074.0,407.0,409.0,859.0,369.0,357.0
28089030700,190.0,101.0,93.0,238.0,119.0,115.0
28089030800,606.0,219.0,219.0,620.0,284.0,320.0
28089030900,1647.0,449.0,576.0,1713.0,843.0,729.0
28089031000,551.0,199.0,171.0,531.0,250.0,290.0
28091950100,1520.0,493.0,634.0,1729.0,818.0,958.0
28091950200,1010.0,291.0,403.0,1027.0,481.0,506.0
28091950300,1071.0,294.0,390.0,882.0,339.0,474.0
28091950400,885.0,348.0,560.0,1091.0,457.0,901.0
28091950500,1343.0,431.0,530.0,1324.0,597.0,592.0
28091950600,1494.0,406.0,570.0,1379.0,652.0,546.0
28093950100,1691.0,534.0,738.0,2072.0,893.0,852.0
28093950200,1992.0,636.0,884.0,2594.0,1156.0,1243.0
28093950300,1793.0,613.0,770.0,2250.0,949.0,844.0
28093950401,845.0,281.0,341.0,713.0,366.0,391.0
28093950402,1110.0,983.0,756.0,1348.0,425.0,443.0
28093950500,1852.0,535.0,736.0,2044.0,971.0,954.0
28095950100,1440.0,496.0,508.0,1734.0,794.0,934.0
28095950200,1918.0,634.0,756.0,2119.0,971.0,1054.0
28095950300,840.0,259.0,339.0,910.0,423.0,702.0
28095950400,1004.0,318.0,378.0,956.0,416.0,720.0
28095950501,877.0,256.0,334.0,984.0,405.0,468.0
28095950502,1107.0,308.0,426.0,1245.0,616.0,582.0
28095950600,874.0,245.0,350.0,961.0,451.0,457.0
28095950700,645.0,229.0,285.0,660.0,279.0,387.0
28095950800,912.0,330.0,375.0,797.0,398.0,526.0
28097950100,623.0,200.0,243.0,780.0,457.0,489.0
28097950200,664.0,177.0,233.0,716.0,421.0,492.0
28097950300,1567.0,459.0,564.0,1446.0,603.0,897.0
28099010100,1761.0,446.0,646.0,1687.0,788.0,772.0
28099010200,734.0,206.0,301.0,814.0,431.0,425.0
28099010400,1140.0,324.0,444.0,1000.0,418.0,534.0
28099010500,867.0,253.0,338.0,631.0,315.0,540.0
28099010600,1428.0,378.0,551.0,1434.0,672.0,805.0
28099010700,1521.0,407.0,521.0,1281.0,595.0,654.0
28099940100,1471.0,490.0,492.0,912.0,304.0,266.0
28101050100,815.0,213.0,326.0,935.0,457.0,574.0
28101050200,986.0,237.0,358.0,999.0,432.0,555.0
28101050300,1905.0,874.0,649.0,1622.0,622.0,725.0
28101050400,1334.0,345.0,535.0,1413.0,618.0,720.0
28101050500,997.0,315.0,400.0,946.0,429.0,659.0
28103950100,1601.0,489.0,555.0,1495.0,649.0,694.0
28103950200,980.0,304.0,367.0,997.0,439.0,533.0
28103950300,730.0,298.0,284.0,667.0,239.0,325.0
28105950100,1501.0,2965.0,803.0,1367.0,523.0,522.0
28105950200,1489.0,1722.0,891.0,1684.0,691.0,614.0
28105950300,1056.0,459.0,427.0,822.0,326.0,433.0
28105950400,1052.0,3792.0,863.0,925.0,348.0,415.0
28105950500,777.0,1030.0,602.0,836.0,328.0,487.0
28105950601,816.0,2322.0,324.0,652.0,312.0,357.0
28105950602,1247.0,1462.0,893.0,1075.0,470.0,537.0
28105950700,2072.0,658.0,847.0,2285.0,1014.0,1026.0
28107950100,2086.0,628.0,793.0,2192.0,930.0,900.0
28107950200,808.0,254.0,313.0,618.0,306.0,413.0
28107950300,1450.0,461.0,562.0,1688.0,719.0,762.0
28107950400,1420.0,406.0,566.0,1525.0,711.0,632.0
28107950500,1966.0,666.0,680.0,2042.0,728.0,759.0
28107950600,2191.0,638.0,864.0,1763.0,730.0,945.0
28109950100,1403.0,458.0,558.0,1692.0,798.0,822.0
28109950200,1402.0,542.0,613.0,1718.0,906.0,822.0
28109950300,887.0,685.0,292.0,700.0,350.0,494.0
28109950401,1886.0,594.0,712.0,2172.0,1098.0,1078.0
28109950402,1784.0,559.0,664.0,1869.0,751.0,764.0
28109950501,1992.0,582.0,715.0,2213.0,972.0,1070.0
28109950502,1882.0,489.0,686.0,2097.0,1125.0,1365.0
28109950600,1082.0,372.0,495.0,1137.0,524.0,786.0
28109950700,2223.0,797.0,955.0,2044.0,856.0,935.0
28111950101,1268.0,347.0,502.0,1318.0,601.0,730.0
28111950102,1097.0,324.0,423.0,1130.0,506.0,456.0
28111950200,939.0,285.0,397.0,1066.0,474.0,546.0
28113950101,1496.0,356.0,546.0,1473.0,566.0,612.0
28113950102,1097.0,264.0,396.0,1192.0,630.0,638.0
28113950200,1426.0,606.0,507.0,1263.0,560.0,569.0
28113950300,1986.0,516.0,653.0,1232.0,550.0,563.0
28113950400,597.0,198.0,317.0,688.0,400.0,806.0
28113950500,1984.0,540.0,785.0,1772.0,816.0,911.0
28113950600,1896.0,577.0,765.0,1975.0,940.0,949.0
28113950700,1133.0,300.0,430.0,1146.0,571.0,683.0
28115950101,1070.0,309.0,424.0,1271.0,564.0,550.0
28115950102,1725.0,468.0,731.0,1645.0,589.0,623.0
28115950200,1302.0,410.0,528.0,1341.0,513.0,594.0
28115950300,1575.0,475.0,671.0,1455.0,609.0,877.0
28115950400,1406.0,440.0,516.0,1610.0,556.0,620.0
28115950500,1396.0,451.0,533.0,1320.0,568.0,567.0
28117950100,1461.0,478.0,679.0,1661.0,726.0,872.0
28117950200,1640.0,550.0,604.0,1842.0,820.0,1001.0
28117950300,1598.0,1079.0,619.0,1518.0,671.0,1057.0
28117950400,1077.0,346.0,485.0,1380.0,617.0,765.0
28117950500,578.0,189.0,233.0,501.0,209.0,277.0
28119950100,720.0,225.0,261.0,583.0,269.0,252.0
28119950200,435.0,158.0,173.0,510.0,231.0,323.0
28119950300,1129.0,392.0,394.0,1142.0,539.0,581.0
28121020101,1369.0,363.0,491.0,1545.0,512.0,543.0
28121020102,3345.0,639.0,1339.0,3578.0,1238.0,1100.0
28121020206,2164.0,634.0,953.0,2558.0,1174.0,1037.0
28121020207,1421.0,663.0,907.0,1667.0,688.0,1071.0
28121020208,1474.0,362.0,488.0,1788.0,1182.0,1370.0
28121020209,860.0,299.0,506.0,1252.0,736.0,754.0
28121020210,1304.0,207.0,354.0,1624.0,647.0,441.0
28121020211,2009.0,607.0,1749.0,2198.0,664.0,603.0
28121020212,728.0,109.0,257.0,807.0,329.0,231.0
28121020213,390.0,153.0,267.0,383.0,148.0,96.0
28121020301,864.0,273.0,369.0,832.0,309.0,463.0
28121020302,1532.0,1022.0,1778.0,2236.0,589.0,481.0
28121020401,1379.0,416.0,581.0,1176.0,413.0,426.0
28121020402,1580.0,524.0,684.0,1771.0,760.0,769.0
28121020500,133.0,615.0,1088.0,1959.0,503.0,391.0
28121020600,2680.0,842.0,1428.0,2405.0,765.0,758.0
28121020701,305.0,133.0,156.0,330.0,110.0,144.0
28121020703,453.0,136.0,182.0,530.0,310.0,347.0
28121020704,1606.0,583.0,780.0,1674.0,630.0,685.0
28121020801,612.0,123.0,191.0,719.0,352.0,235.0
28121020802,3541.0,913.0,1883.0,3328.0,992.0,1023.0
28121020803,552.0,161.0,216.0,637.0,283.0,227.0
28121020900,1827.0,537.0,641.0,2185.0,949.0,886.0
28121021001,1688.0,436.0,755.0,1791.0,724.0,731.0
28121021002,2070.0,588.0,818.0,2015.0,831.0,761.0
28121021003,1370.0,392.0,510.0,1589.0,628.0,649.0
28121980000,20.0,5.0,5.0,28.0,15.0,14.0
28123020100,2019.0,645.0,809.0,1921.0,744.0,786.0
28123020200,1336.0,414.0,441.0,1370.0,553.0,612.0
28123020300,1376.0,446.0,594.0,1542.0,690.0,723.0
28123020400,860.0,409.0,441.0,784.0,339.0,405.0
28123020500,1447.0,572.0,683.0,1152.0,492.0,541.0
28123020600,994.0,293.0,387.0,978.0,422.0,445.0
28125950100,795.0,243.0,272.0,843.0,394.0,384.0
28125950200,525.0,179.0,207.0,517.0,289.0,323.0
28127950100,1431.0,381.0,519.0,1524.0,681.0,628.0
28127950200,994.0,289.0,395.0,950.0,418.0,589.0
28127950300,1647.0,502.0,612.0,1763.0,882.0,837.0
28127950400,2028.0,638.0,816.0,2200.0,1010.0,1155.0
28127950500,1546.0,476.0,567.0,1172.0,527.0,639.0
28129950100,1444.0,420.0,535.0,1486.0,719.0,837.0
28129950200,1674.0,492.0,595.0,1694.0,805.0,900.0
28129950300,1341.0,429.0,484.0,1447.0,589.0,783.0
28131020100,982.0,310.0,520.0,1089.0,445.0,524.0
28131020201,1939.0,624.0,780.0,2136.0,889.0,945.0
28131020202,1770.0,1097.0,683.0,1745.0,846.0,675.0
28133950100,1130.0,877.0,1767.0,2769.0,611.0,487.0
28133950200,1360.0,427.0,451.0,1128.0,641.0,627.0
28133950300,820.0,258.0,306.0,687.0,221.0,236.0
28133950401,859.0,243.0,390.0,868.0,423.0,537.0
28133950402,1876.0,699.0,736.0,1535.0,690.0,568.0
28133950500,906.0,633.0,344.0,623.0,301.0,229.0
28133950600,702.0,261.0,281.0,745.0,304.0,311.0
28135950100,1161.0,371.0,414.0,1234.0,589.0,609.0
28135950200,846.0,269.0,291.0,721.0,305.0,401.0
28135950300,954.0,907.0,1232.0,1713.0,393.0,385.0
28135950400,740.0,238.0,278.0,802.0,346.0,421.0
28137950100,1519.0,460.0,581.0,1658.0,747.0,725.0
28137950200,1668.0,507.0,641.0,1961.0,1021.0,934.0
28137950301,1329.0,402.0,456.0,1290.0,615.0,598.0
28137950302,1784.0,429.0,703.0,1825.0,679.0,742.0
28137950400,1713.0,1282.0,614.0,1240.0,490.0,578.0
28139950100,1366.0,406.0,516.0,1423.0,647.0,748.0
28139950200,1813.0,567.0,747.0,1887.0,779.0,892.0
28139950300,718.0,228.0,313.0,676.0,289.0,557.0
28139950400,2086.0,746.0,828.0,2257.0,929.0,1058.0
28141950100,724.0,191.0,274.0,948.0,539.0,616.0
28141950200,593.0,170.0,254.0,652.0,304.0,612.0
28141950300,1512.0,432.0,580.0,1820.0,833.0,1128.0
28141950400,1954.0,639.0,740.0,2150.0,974.0,1178.0
28143950100,1877.0,638.0,869.0,1690.0,599.0,449.0
28143950200,1471.0,397.0,563.0,1232.0,557.0,570.0
28143980000,0.0,0.0,0.0,0.0,0.0,0.0
28145950100,1154.0,332.0,474.0,1275.0,624.0,647.0
28145950200,1412.0,439.0,613.0,1431.0,620.0,647.0
28145950300,1269.0,417.0,524.0,1174.0,453.0,787.0
28145950400,1114.0,343.0,474.0,1128.0,428.0,564.0
28145950500,1422.0,420.0,561.0,1603.0,683.0,791.0
28145950600,972.0,305.0,402.0,1066.0,431.0,487.0
28147950100,2052.0,561.0,789.0,1828.0,893.0,1010.0
28147950200,409.0,109.0,169.0,389.0,186.0,454.0
28147950300,1802.0,535.0,772.0,1794.0,895.0,981.0
28149950100,1414.0,369.0,536.0,1618.0,811.0,767.0
28149950200,1299.0,358.0,501.0,1105.0,517.0,486.0
28149950300,798.0,245.0,409.0,655.0,257.0,289.0
28149950400,785.0,216.0,317.0,791.0,421.0,430.0
28149950500,626.0,231.0,288.0,589.0,255.0,398.0
28149950600,1269.0,372.0,533.0,1473.0,788.0,929.0
28149950700,677.0,231.0,274.0,752.0,333.0,311.0
28149950800,1133.0,362.0,510.0,1157.0,458.0,538.0
28149950901,1366.0,402.0,589.0,1569.0,767.0,582.0
28149950902,1161.0,311.0,432.0,1221.0,441.0,467.0
28149951101,1413.0,366.0,604.0,1540.0,817.0,600.0
28149951102,1431.0,373.0,594.0,1468.0,492.0,461.0
28151000100,414.0,156.0,157.0,476.0,233.0,225.0
28151000200,600.0,181.0,200.0,520.0,255.0,239.0
28151000300,1149.0,357.0,416.0,841.0,421.0,439.0
28151000400,943.0,318.0,365.0,677.0,358.0,287.0
28151000600,941.0,299.0,347.0,780.0,332.0,323.0
28151000701,1115.0,274.0,437.0,1073.0,410.0,474.0
28151000702,1010.0,301.0,488.0,1039.0,540.0,543.0
28151000800,904.0,252.0,332.0,957.0,544.0,437.0
28151000900,992.0,261.0,365.0,831.0,360.0,306.0
28151001000,377.0,119.0,144.0,318.0,154.0,144.0
28151001100,552.0,183.0,187.0,423.0,250.0,213.0
28151001200,679.0,211.0,228.0,578.0,308.0,532.0
28151001300,840.0,235.0,287.0,572.0,317.0,188.0
28151001400,1369.0,407.0,436.0,1232.0,397.0,455.0
28151001500,1117.0,382.0,404.0,1296.0,583.0,575.0
28151001600,554.0,211.0,209.0,532.0,276.0,254.0
28151001700,762.0,283.0,291.0,722.0,311.0,312.0
28151002000,412.0,104.0,137.0,389.0,164.0,194.0
28151002100,428.0,132.0,154.0,347.0,161.0,155.0
28153950100,1538.0,434.0,627.0,1517.0,676.0,711.0
28153950200,1385.0,504.0,575.0,1261.0,517.0,730.0
28153950300,1359.0,411.0,523.0,1497.0,674.0,781.0
28153950400,1441.0,471.0,582.0,1518.0,597.0,662.0
28155950100,1227.0,339.0,478.0,1356.0,559.0,653.0
28155950200,960.0,300.0,376.0,1148.0,499.0,656.0
28155950300,516.0,157.0,193.0,478.0,194.0,305.0
28157950100,1181.0,329.0,435.0,1059.0,551.0,634.0
28157950200,1220.0,618.0,875.0,1726.0,633.0,730.0
28159950100,691.0,251.0,380.0,958.0,512.0,602.0
28159950200,931.0,295.0,376.0,1099.0,550.0,649.0
28159950300,1265.0,336.0,446.0,950.0,445.0,518.0
28159950400,1001.0,315.0,410.0,942.0,473.0,678.0
28159950500,1166.0,330.0,413.0,1158.0,541.0,724.0
28161950100,922.0,264.0,358.0,994.0,530.0,563.0
28161950200,1094.0,317.0,441.0,1103.0,571.0,716.0
28161950300,1210.0,359.0,494.0,1360.0,706.0,819.0
28163950100,1170.0,632.0,1828.0,3152.0,657.0,613.0
28163950200,987.0,283.0,365.0,829.0,342.0,432.0
28163950300,1591.0,429.0,528.0,1009.0,409.0,687.0
28163950400,462.0,115.0,184.0,522.0,279.0,289.0
28163950500,1657.0,564.0,550.0,1080.0,381.0,389.0
28163950600,1578.0,416.0,654.0,1662.0,843.0,919.0
