44001030200,864.0,26.848974518334366,184.0,5.717837165941578,190.0,5.904288377874456,1089.0,33.84089496581728,418.0,12.989434431323804,473.0,14.698570540708515
44001030300,1286.0,28.207940337793374,211.0,4.628207940337793,209.0,4.584338670761132,1567.0,34.37157271331432,644.0,14.12590480368502,642.0,14.082035534108355
44001030400,1283.0,32.47279169830423,123.0,3.1131359149582387,110.0,2.7841052898000505,1304.0,33.004302708175146,569.0,14.401417362692989,562.0,14.224247026069351
44001030500,708.0,21.61832061068702,343.0,10.473282442748092,507.0,15.48091603053435,1019.0,31.114503816793892,361.0,11.022900763358779,337.0,10.290076335877863
44001030601,697.0,20.67022538552788,218.0,6.465005931198102,293.0,8.68920521945433,1064.0,31.553973902728348,537.0,15.92526690391459,563.0,16.696322657176747
44001030602,660.0,16.14481409001957,306.0,7.4853228962818,381.0,9.319960861056751,1141.0,27.910958904109588,600.0,14.677103718199607,1000.0,24.46183953033268
44001030700,646.0,16.013882002974714,689.0,17.07982151710461,490.0,12.146752602875557,1046.0,25.929598413485373,463.0,11.477441745166088,700.0,17.352503718393653
44001030800,1034.0,18.213845340849037,2107.0,37.11467324290999,377.0,6.64083142504844,970.0,17.08648934296283,514.0,9.054077858023604,675.0,11.890082790206096
44001030901,1385.0,21.84542586750789,534.0,8.422712933753944,560.0,8.832807570977918,2029.0,32.003154574132495,901.0,14.211356466876971,931.0,14.684542586750787
44001030902,1238.0,17.46860448708904,666.0,9.397488358967122,481.0,6.7870749259207,1902.0,26.837872160293497,1056.0,14.90052208268661,1744.0,24.608437985043036
44003020101,1282.0,19.61744452945677,559.0,8.553940321346595,828.0,12.670237184391736,1988.0,30.420811017597554,1014.0,15.516449885233358,864.0,13.221117061973986
44003020102,984.0,20.085731781996326,477.0,9.736680955296999,717.0,14.635639926515614,1457.0,29.740763421106347,595.0,12.145335782812818,669.0,13.655848132271892
44003020200,953.0,19.20983672646644,522.0,10.522072162870389,780.0,15.722636565208628,1455.0,29.328764362023783,606.0,12.215279177585165,645.0,13.001411005845595
44003020300,1368.0,23.13937753721245,632.0,10.690121786197563,892.0,15.087956698240864,1704.0,28.822733423545333,601.0,10.16576454668471,715.0,12.094046008119081
44003020400,640.0,21.724372029871013,270.0,9.164969450101832,381.0,12.932790224032587,916.0,31.093007467752887,389.0,13.204344874405974,350.0,11.880515953835708
44003020500,871.0,20.199443413729128,315.0,7.305194805194805,534.0,12.384044526901668,1254.0,29.081632653061224,566.0,13.126159554730984,772.0,17.90352504638219
44003020601,1725.0,27.143981117230524,427.0,6.719118804091266,598.0,9.40991345397325,2213.0,34.82297403619197,686.0,10.794649881982691,706.0,11.109362706530291
44003020602,692.0,19.465541490857944,260.0,7.313642756680731,356.0,10.014064697609001,1127.0,31.70182841068917,530.0,14.908579465541491,590.0,16.59634317862166
44003020603,1433.0,21.745068285280727,463.0,7.025796661608498,585.0,8.877086494688923,2089.0,31.699544764795146,910.0,13.808801213960548,1110.0,16.84370257966616
44003020604,1246.0,23.276667289370444,398.0,7.435083130954605,606.0,11.320754716981133,1689.0,31.55240052307117,625.0,11.67569587147394,789.0,14.739398468148702
44003020701,486.0,25.077399380804955,129.0,6.656346749226007,138.0,7.120743034055728,691.0,35.655314757481946,276.0,14.241486068111456,218.0,11.248710010319918
44003020702,1047.0,22.333617747440275,296.0,6.313993174061433,360.0,7.679180887372014,1639.0,34.96160409556314,688.0,14.675767918088736,658.0,14.035836177474403
44003020703,1602.0,23.227490213136146,457.0,6.626069305495143,403.0,5.843120197187183,2362.0,34.246773959692625,995.0,14.426562273452227,1078.0,15.629984051036683
44003020800,1551.0,25.044404973357015,463.0,7.4761827870176,498.0,8.041336993379621,2250.0,36.33134183755853,838.0,13.53140642661069,593.0,9.575326982076538
44003020901,735.0,21.060171919770774,244.0,6.991404011461317,379.0,10.859598853868196,1056.0,30.25787965616046,468.0,13.40974212034384,608.0,17.421203438395416
44003020903,1834.0,30.439834024896268,232.0,3.8506224066390047,216.0,3.5850622406639006,2110.0,35.0207468879668,888.0,14.738589211618258,745.0,12.365145228215768
44003020904,1026.0,27.477236207820035,134.0,3.5886448848419925,135.0,3.6154258168184255,1149.0,30.77129084092126,475.0,12.72094268880557,815.0,21.826459560792717
44003021001,545.0,21.355799373040753,198.0,7.758620689655173,290.0,11.363636363636363,840.0,32.9153605015674,346.0,13.557993730407524,333.0,13.04858934169279
44003021002,955.0,19.11529223378703,324.0,6.485188150520416,507.0,10.148118494795836,1603.0,32.08566853482786,743.0,14.871897518014412,864.0,17.293835068054445
44003021100,1181.0,21.858226910975382,472.0,8.735887469924117,684.0,12.65963353692393,1698.0,31.426985008328707,579.0,10.716268739589117,789.0,14.602998334258746
44003021200,780.0,21.161150298426477,338.0,9.169831795984807,375.0,10.173629951166577,1098.0,29.788388497015735,478.0,12.967986977753663,617.0,16.73901247965274
44003021300,908.0,18.82645656230562,282.0,5.846983205473771,389.0,8.065519386274103,1556.0,32.26207754509641,810.0,16.794526228488493,878.0,18.2044370723616
44003021401,847.0,21.335012594458437,313.0,7.8841309823677586,429.0,10.806045340050378,1275.0,32.11586901763224,501.0,12.619647355163726,605.0,15.239294710327457
44003021402,806.0,21.7720151269584,268.0,7.239330091842247,424.0,11.453268503511616,1172.0,31.658562938951917,516.0,13.938411669367909,516.0,13.938411669367909
44003021501,734.0,22.7174249458372,245.0,7.582791705354379,365.0,11.296812132466728,1089.0,33.70473537604457,422.0,13.060971835345095,376.0,11.637264004952028
44003021502,1000.0,23.004370830457788,318.0,7.315389924085576,488.0,11.2261329652634,1490.0,34.276512537382104,590.0,13.572578789970095,461.0,10.605014952841039
44003021600,296.0,19.3717277486911,96.0,6.282722513089005,90.0,5.890052356020942,477.0,31.217277486910994,295.0,19.30628272251309,274.0,17.93193717277487
44003021700,1066.0,21.72849571952711,405.0,8.255197717081126,562.0,11.455360782715044,1659.0,33.81573583367305,657.0,13.39176518548716,557.0,11.353444761516512
44003021800,848.0,20.20009528346832,414.0,9.861838970938543,476.0,11.338732729871367,1334.0,31.7770366841353,560.0,13.339685564554548,566.0,13.482610767031918
44003021901,817.0,22.359058565955117,260.0,7.1154898741105645,426.0,11.658456486042693,1176.0,32.18390804597701,443.0,12.123700054734538,532.0,14.559386973180077
44003021902,573.0,20.738327904451683,216.0,7.81758957654723,337.0,12.196887441187116,808.0,29.243575823380386,342.0,12.37785016286645,487.0,17.625769091567136
44003021903,808.0,20.03968253968254,256.0,6.349206349206349,386.0,9.5734126984127,1214.0,30.109126984126984,629.0,15.600198412698413,739.0,18.328373015873016
44003022000,531.0,15.590135055783911,237.0,6.9583088667058135,451.0,13.241338813857897,1062.0,31.180270111567822,522.0,15.325895478567233,603.0,17.704051673517323
44003022100,1041.0,18.679346850888212,352.0,6.316167234882469,506.0,9.079490400143548,1564.0,28.063879418625515,768.0,13.78072851247084,1342.0,24.080387582989413
44003022201,1485.0,21.672504378283712,594.0,8.669001751313484,618.0,9.019264448336251,2078.0,30.326911850554584,1036.0,15.119673088149446,1041.0,15.192644483362521
44003022202,439.0,12.107004964147821,222.0,6.122448979591836,398.0,10.976282404853833,885.0,24.407060121345836,520.0,14.340871483728627,1162.0,32.04633204633205
44003022300,681.0,16.160417655434266,342.0,8.115804461319412,491.0,11.651637399145704,1156.0,27.432368296155673,512.0,12.149976269577598,1032.0,24.489795918367346
44003022400,407.0,18.94785847299814,145.0,6.750465549348231,170.0,7.9143389199255125,675.0,31.424581005586592,381.0,17.737430167597765,370.0,17.225325884543764
44003980000,0.0,0.0,0.0,0.0,0.0,0.0,1.0,33.33333333333333,2.0,66.66666666666666,0.0,0.0
44005040101,1133.0,22.95380875202593,506.0,10.251215559157211,360.0,7.293354943273905,1502.0,30.429497568881686,749.0,15.1742301458671,686.0,13.897893030794165
44005040102,1492.0,25.139005897219878,295.0,4.970513900589722,333.0,5.61078348778433,1919.0,32.333614153327716,977.0,16.46166807076664,919.0,15.48441449031171
44005040103,1586.0,23.763859754270303,373.0,5.588852262511238,416.0,6.2331435421036865,2085.0,31.240635301168712,961.0,14.399160922984716,1253.0,18.774348216961343
44005040200,349.0,30.24263431542461,146.0,12.65164644714038,260.0,22.530329289428074,325.0,28.162911611785095,51.0,4.419410745233969,23.0,1.9930675909878681
44005040302,423.0,17.18813490451036,141.0,5.729378301503454,223.0,9.06135717188135,736.0,29.906542056074763,355.0,14.425030475416497,583.0,23.689557090613572
44005040303,959.0,29.745657568238215,205.0,6.358560794044665,372.0,11.538461538461538,974.0,30.21091811414392,328.0,10.173697270471465,386.0,11.9727047146402
44005040304,652.0,22.20708446866485,245.0,8.344686648501362,302.0,10.286103542234333,887.0,30.21117166212534,395.0,13.453678474114442,455.0,15.497275204359672
44005040400,1421.0,21.68141592920354,335.0,5.1113823619163865,446.0,6.805004577357339,1952.0,29.783338419285933,1004.0,15.318889227952395,1396.0,21.299969484284407
44005040500,1328.0,30.69810448451225,407.0,9.408229311141932,581.0,13.430420711974108,1160.0,26.814609338881183,447.0,10.332871012482663,403.0,9.315765141007859
44005040600,825.0,18.390548372715113,410.0,9.139545251894782,710.0,15.827017387427553,1355.0,30.205082478823,588.0,13.107445385644226,598.0,13.330361123495319
44005040700,499.0,14.802729160486502,290.0,8.602788490062297,386.0,11.450608128151883,997.0,29.57579353307624,585.0,17.353900919608424,614.0,18.214179768614656
44005040800,303.0,11.957379636937649,378.0,14.917127071823206,324.0,12.786108918705605,620.0,24.467245461720598,330.0,13.022888713496448,579.0,22.849250197316493
44005040900,934.0,19.511176101942763,1109.0,23.166910382285355,403.0,8.41863379987466,1075.0,22.456653436390223,554.0,11.573010236055985,712.0,14.873616043451014
44005041000,158.0,7.927747114902157,505.0,25.33868539889614,319.0,16.006021073758152,530.0,26.593075765178124,245.0,12.293025589563472,236.0,11.841445057701955
44005041100,281.0,17.717528373266077,141.0,8.89029003783102,208.0,13.114754098360656,369.0,23.266078184110974,248.0,15.636822194199244,339.0,21.37452711223203
44005041200,264.0,13.829229963331588,714.0,37.40178103719225,444.0,23.25825039287585,420.0,22.001047668936614,38.0,1.9905709795704558,29.0,1.5191199580932426
44005041300,1099.0,20.19107110049605,238.0,4.372588645967297,256.0,4.703288627595077,1660.0,30.497887194561823,1196.0,21.973176557045747,994.0,18.261987874334007
44005041400,686.0,19.51080773606371,160.0,4.550625711035267,201.0,5.716723549488054,1013.0,28.811149032992034,662.0,18.828213879408416,794.0,22.582480091012513
44005041601,682.0,21.493854396470216,218.0,6.870469587141506,367.0,11.566341002206114,1009.0,31.79955877718248,381.0,12.007563819728963,516.0,16.26221241727072
44005041602,817.0,18.343062415806017,222.0,4.984283789851818,347.0,7.790749887741357,1344.0,30.17512348450831,711.0,15.96317916479569,1013.0,22.74360125729681
44005041701,599.0,18.318042813455655,201.0,6.146788990825688,225.0,6.8807339449541285,996.0,30.458715596330276,492.0,15.045871559633028,757.0,23.149847094801224
44005041702,1068.0,21.25796178343949,297.0,5.911624203821656,313.0,6.2300955414012735,1711.0,34.056528662420384,857.0,17.05812101910828,778.0,15.485668789808917
44005990000,0.0,0,0.0,0,0.0,0,0.0,0,0.0,0,0.0,0
44007000101,1410.0,27.60375880971026,1551.0,30.364134690681283,498.0,9.749412685982772,982.0,19.224745497259203,341.0,6.675802662490211,326.0,6.382145653876273
44007000102,1567.0,29.126394052044606,622.0,11.561338289962825,649.0,12.063197026022305,1489.0,27.676579925650557,599.0,11.133828996282528,454.0,8.438661710037175
44007000200,1997.0,30.68059609771086,818.0,12.567214625902595,781.0,11.998770932554924,1738.0,26.701490244277153,612.0,9.402365954831772,563.0,8.649562144722692
44007000300,2130.0,31.346578366445915,913.0,13.43635025754231,876.0,12.891832229580574,1813.0,26.681383370125094,611.0,8.991905813097866,452.0,6.651949963208241
44007000400,1444.0,37.93012871027056,501.0,13.159968479117415,451.0,11.846598371421067,945.0,24.822695035460992,274.0,7.197268190175992,192.0,5.04334121355398
44007000500,1135.0,36.91056910569105,384.0,12.487804878048781,339.0,11.02439024390244,777.0,25.26829268292683,242.0,7.869918699186992,198.0,6.439024390243903
44007000600,535.0,31.619385342789595,266.0,15.721040189125295,170.0,10.047281323877069,414.0,24.46808510638298,105.0,6.205673758865248,202.0,11.93853427895981
44007000700,812.0,30.074074074074076,294.0,10.888888888888888,320.0,11.851851851851853,789.0,29.22222222222222,207.0,7.666666666666666,278.0,10.296296296296296
44007000800,583.0,12.649164677804295,2024.0,43.914081145584724,546.0,11.846387502712085,693.0,15.035799522673033,368.0,7.984378390106314,395.0,8.57018876111955
44007000900,329.0,14.035836177474403,746.0,31.825938566552903,381.0,16.254266211604097,409.0,17.44880546075085,150.0,6.399317406143344,329.0,14.035836177474403
44007001000,488.0,19.598393574297187,520.0,20.883534136546185,430.0,17.269076305220885,581.0,23.333333333333332,265.0,10.642570281124499,206.0,8.273092369477911
44007001100,363.0,14.427662957074721,709.0,28.17965023847377,544.0,21.62162162162162,595.0,23.64864864864865,150.0,5.961844197138315,155.0,6.160572337042925
44007001200,905.0,30.782312925170068,377.0,12.82312925170068,372.0,12.653061224489795,856.0,29.115646258503403,236.0,8.027210884353742,194.0,6.598639455782313
44007001300,1138.0,26.336496181439482,657.0,15.204813700532286,861.0,19.92594306873409,1075.0,24.878500347141866,328.0,7.590835454755844,262.0,6.063411247396436
44007001400,2219.0,32.69004124926341,948.0,13.965822038892162,983.0,14.481437831467295,1772.0,26.104890984089568,504.0,7.424867413081909,362.0,5.3329404832056575
44007001500,794.0,26.221928665786,308.0,10.171730515191546,410.0,13.540290620871861,935.0,30.878467635402906,352.0,11.624834874504623,229.0,7.562747688243064
44007001600,2859.0,32.90745856353591,1177.0,13.547421731123388,1354.0,15.584714548802946,2291.0,26.369705340699817,549.0,6.319060773480663,458.0,5.2716390423572745
44007001700,1181.0,31.038107752956634,438.0,11.511169513797634,596.0,15.66360052562418,1013.0,26.62286465177398,284.0,7.463863337713534,293.0,7.700394218134034
44007001800,2555.0,35.45164423477175,840.0,11.655335090883863,933.0,12.94574719023172,1912.0,26.529762730678506,500.0,6.937699458859442,467.0,6.479811294574719
44007001900,1847.0,32.72501771793054,700.0,12.402551381998581,898.0,15.910701630049608,1510.0,26.754075124025512,401.0,7.104890148830617,288.0,5.10276399716513
44007002000,1923.0,30.02810743285447,1287.0,20.09681449094316,773.0,12.07058088694566,1494.0,23.329169269206744,444.0,6.9331667707682705,483.0,7.542161149281699
44007002101,657.0,25.105082155139474,291.0,11.11960259839511,382.0,14.596866641192205,746.0,28.50592281238059,244.0,9.323653037829576,297.0,11.34887275506305
44007002102,1898.0,32.001348845051425,743.0,12.527398415107063,865.0,14.58438711852976,1613.0,27.196088349350866,435.0,7.334344967121901,377.0,6.3564323048389815
44007002200,1604.0,33.2987336516504,728.0,15.113140959103177,781.0,16.213410836620305,1228.0,25.493045463981733,289.0,5.999584803819805,187.0,3.8820842848245793
44007002300,945.0,17.60104302477184,1310.0,24.399329484075245,630.0,11.734028683181226,1272.0,23.69156267461352,451.0,8.400074501769417,761.0,14.17396163158875
44007002400,1287.0,18.82955376737381,1912.0,27.97366495976591,638.0,9.334308705193855,1515.0,22.165325530358448,634.0,9.275786393562546,849.0,12.421360643745428
44007002500,651.0,21.47097625329815,428.0,14.116094986807386,691.0,22.79023746701847,880.0,29.023746701846964,228.0,7.519788918205805,154.0,5.0791556728232194
44007002600,902.0,28.753586228881094,446.0,14.21740516416959,462.0,14.72744660503666,759.0,24.195090851131653,257.0,8.19254064392732,311.0,9.913930506853681
44007002700,1719.0,29.409751924721984,1672.0,28.605645851154833,603.0,10.31650983746792,1192.0,20.393498716852008,317.0,5.4234388366124895,342.0,5.851154833190762
44007002800,1858.0,30.069590548632462,741.0,11.992231752710794,892.0,14.435992879106651,1565.0,25.327722932513353,468.0,7.57404110697524,655.0,10.600420780061498
44007002900,1813.0,26.3785828604685,700.0,10.184781027207915,1058.0,15.393569038265678,1882.0,27.382511276007566,677.0,9.850138222028226,743.0,10.810417576022116
44007003100,632.0,14.495412844036698,813.0,18.646788990825687,762.0,17.477064220183486,894.0,20.504587155963304,449.0,10.298165137614678,810.0,18.577981651376145
44007003200,701.0,21.013189448441246,368.0,11.031175059952037,696.0,20.863309352517987,919.0,27.547961630695443,357.0,10.701438848920864,295.0,8.842925659472423
44007003300,706.0,16.761633428300097,334.0,7.929724596391264,762.0,18.091168091168093,1312.0,31.14909781576448,545.0,12.939221272554605,553.0,13.129154795821464
44007003400,1012.0,20.99585062240664,244.0,5.062240663900415,439.0,9.107883817427386,1338.0,27.759336099585063,770.0,15.975103734439832,1017.0,21.099585062240664
44007003500,445.0,9.771629336846727,827.0,18.15985946420729,1165.0,25.581906016688627,1030.0,22.61747913921827,442.0,9.705753184014053,645.0,14.163372859025033
44007003601,244.0,7.986906710310966,1854.0,60.687397708674304,388.0,12.700490998363339,314.0,10.27823240589198,136.0,4.451718494271685,119.0,3.8952536824877253
44007003602,943.0,15.851403597243236,4077.0,68.53252647503783,198.0,3.3282904689863844,337.0,5.664817616406119,215.0,3.614052781980165,179.0,3.008909060346277
44007003700,263.0,7.285318559556788,1154.0,31.966759002770083,811.0,22.465373961218837,667.0,18.47645429362881,291.0,8.060941828254848,424.0,11.745152354570637
44007010101,921.0,23.53091466530404,251.0,6.412876852324987,489.0,12.493612672457843,1241.0,31.70669391926418,480.0,12.263668880940216,532.0,13.592233009708737
44007010102,650.0,18.796992481203006,186.0,5.3788316946211685,312.0,9.022556390977442,935.0,27.038750722961247,532.0,15.384615384615385,843.0,24.378253325621746
44007010200,1435.0,21.40193885160328,650.0,9.694258016405668,916.0,13.66144668158091,1935.0,28.859060402684566,652.0,9.724086502609993,1117.0,16.659209545115587
44007010300,776.0,18.757553782934494,335.0,8.097655305777133,432.0,10.442349528643945,1201.0,29.030698573845783,578.0,13.971476915639352,815.0,19.700265893159294
44007010400,1433.0,21.170039887723448,640.0,9.454867779583395,962.0,14.211848131186292,1904.0,28.128231644260598,773.0,11.419707490028069,1057.0,15.615305067218202
44007010501,1078.0,22.88261515601783,388.0,8.236043302908087,491.0,10.422415623009977,1220.0,25.89683718955636,585.0,12.417745701549565,949.0,20.144343026958182
44007010502,847.0,17.642157883774214,440.0,9.164757342220371,590.0,12.289106436159134,1349.0,28.098312851489272,532.0,11.081024786502812,1043.0,21.7246406998542
44007010600,1227.0,19.085394307046197,513.0,7.979468035464303,667.0,10.374863897962358,2044.0,31.79343599315601,993.0,15.445636957536163,985.0,15.321200808834966
44007010701,479.0,19.95002082465639,150.0,6.247396917950853,194.0,8.07996668054977,742.0,30.903790087463555,327.0,13.619325281132861,509.0,21.199500208246562
44007010702,835.0,19.459333488697272,298.0,6.944768119319505,465.0,10.83663481705896,1296.0,30.20274994173852,615.0,14.33232346772314,782.0,18.224190165462595
44007010800,1432.0,29.635761589403977,570.0,11.79635761589404,647.0,13.389900662251655,1282.0,26.531456953642383,399.0,8.257450331125828,502.0,10.389072847682119
44007010900,1399.0,28.086729572375024,571.0,11.463561533828548,792.0,15.900421602087933,1428.0,28.668941979522184,355.0,7.1270829150772945,436.0,8.753262397109014
44007011000,1796.0,31.980056980056982,678.0,12.072649572649572,822.0,14.636752136752138,1456.0,25.925925925925924,413.0,7.353988603988604,451.0,8.03062678062678
44007011100,1339.0,31.55042412818096,505.0,11.899151743638077,653.0,15.386427898209238,1140.0,26.861451460885956,312.0,7.351555136663525,295.0,6.950989632422242
44007011200,1292.0,22.481294588480946,491.0,8.543587958935097,721.0,12.545676004872108,1626.0,28.293022446493822,677.0,11.780059161301548,940.0,16.35635983991648
44007011301,992.0,23.00556586270872,302.0,7.003710575139147,517.0,11.989795918367346,1342.0,31.122448979591837,564.0,13.079777365491651,595.0,13.7987012987013
44007011302,916.0,22.517207472959686,258.0,6.342182890855458,384.0,9.43952802359882,1397.0,34.34119960668633,554.0,13.618485742379546,559.0,13.741396263520159
44007011401,2011.0,23.95473496128648,434.0,5.1697438951757,703.0,8.37403216200119,2688.0,32.01905896366885,1064.0,12.674210839785587,1495.0,17.80821917808219
44007011402,978.0,23.66319864505202,222.0,5.371400919428986,248.0,6.000483909992741,1456.0,35.22864747157029,586.0,14.178562787321559,643.0,15.557706266634405
44007011403,1709.0,23.546431523835768,444.0,6.117387710112979,765.0,10.540093689721687,2451.0,33.7696335078534,820.0,11.297878203361808,1069.0,14.728575365114358
44007011500,1364.0,22.0,452.0,7.290322580645162,630.0,10.161290322580644,1788.0,28.838709677419356,820.0,13.225806451612904,1146.0,18.483870967741936
44007011600,1451.0,23.935994721214122,372.0,6.136588584625536,366.0,6.037611349389641,1977.0,32.612999010227654,937.0,15.456944902672385,959.0,15.819861431870669
44007011701,1163.0,24.198918019142738,364.0,7.573866000832292,489.0,10.17478152309613,1432.0,29.796088223054518,533.0,11.090303786933001,825.0,17.166042446941322
44007011702,1017.0,24.025513819985825,327.0,7.725017717930546,387.0,9.142452161587526,1428.0,33.734939759036145,508.0,12.000944956295772,566.0,13.371131585164186
44007011800,1399.0,20.50718264438581,612.0,8.970976253298153,773.0,11.330987980064497,2104.0,30.841395485194955,839.0,12.298446203459395,1095.0,16.051011433597186
44007011901,646.0,20.46246436490339,266.0,8.425720620842572,380.0,12.036743744060816,985.0,31.200506810262908,380.0,12.036743744060816,500.0,15.837820715869496
44007011902,605.0,12.577962577962579,251.0,5.218295218295219,381.0,7.920997920997921,1236.0,25.696465696465697,891.0,18.523908523908524,1446.0,30.062370062370064
44007012000,1151.0,19.154601431186556,490.0,8.154435014145449,620.0,10.317856548510568,1895.0,31.536029289399238,791.0,13.163587951406225,1062.0,17.67348976535197
44007012102,892.0,20.393232738911752,462.0,10.562414266117969,613.0,14.014631915866484,1302.0,29.766803840877916,528.0,12.071330589849108,577.0,13.191586648376772
44007012103,324.0,10.832497492477431,266.0,8.893346706787028,370.0,12.37044466733534,742.0,24.80775660314276,356.0,11.90237378803076,933.0,31.19358074222668
44007012104,820.0,19.199250760945915,386.0,9.037696089908687,580.0,13.579957855303206,1314.0,30.76562865839382,535.0,12.5263404354952,636.0,14.891126199953172
44007012200,1518.0,20.911971345915415,551.0,7.590577214492354,609.0,8.389585342333655,2390.0,32.92464526794324,978.0,13.472930155668825,1213.0,16.710290673646508
44007012300,1354.0,20.130835563484982,497.0,7.389235801367826,730.0,10.853404698186143,2085.0,30.999107939339876,909.0,13.514719000892061,1151.0,17.11269699672911
44007012401,1372.0,19.494174481386757,535.0,7.601591361182154,756.0,10.741687979539643,2155.0,30.61949417448139,868.0,12.333049161693662,1352.0,19.2100028417164
44007012402,488.0,19.419021090330283,178.0,7.08316752884998,276.0,10.982888977317947,811.0,32.27218463987266,316.0,12.574612017508954,444.0,17.668125746120175
44007012500,1059.0,19.101731601731604,437.0,7.882395382395383,531.0,9.577922077922079,1552.0,27.994227994227995,671.0,12.103174603174603,1294.0,23.340548340548338
44007012601,725.0,16.36199503498082,2459.0,55.495373504852175,110.0,2.482509591514331,597.0,13.473256601218687,283.0,6.386820130895961,257.0,5.800045136538028
44007012602,1437.0,20.356991075223117,486.0,6.884827879303017,610.0,8.641450630400907,2294.0,32.49752089531095,1009.0,14.293809321433631,1223.0,17.325400198328374
44007012701,1045.0,19.30181012190617,367.0,6.7787218322866645,314.0,5.799778352419653,1593.0,29.423716291097158,757.0,13.982268193572219,1338.0,24.713705208718135
44007012702,1008.0,21.53846153846154,268.0,5.726495726495727,322.0,6.880341880341881,1519.0,32.45726495726496,664.0,14.188034188034187,899.0,19.20940170940171
44007012801,900.0,18.572018159306644,344.0,7.09863805200165,412.0,8.50185720181593,1314.0,27.1151465125877,690.0,14.23854725546843,1186.0,24.473792818819646
44007012802,530.0,22.00996677740864,135.0,5.606312292358804,184.0,7.641196013289036,803.0,33.34717607973422,331.0,13.745847176079733,425.0,17.64950166112957
44007012803,1170.0,24.2788960365221,275.0,5.706578128242374,285.0,5.91409006017846,1700.0,35.277028429134674,737.0,15.293629383689561,652.0,13.529777962232828
44007012900,1229.0,24.61446024434208,378.0,7.570598838373724,567.0,11.355898257560584,1564.0,31.323853394752653,562.0,11.2557580612858,693.0,13.879431203685158
44007013001,795.0,22.707797772065124,224.0,6.3981719508711805,267.0,7.626392459297343,1268.0,36.21822336475293,578.0,16.509568694658668,369.0,10.539845758354756
44007013002,1738.0,22.784478238070268,515.0,6.751442055584687,682.0,8.940744625065548,2657.0,34.83219716832722,1108.0,14.525432616675408,928.0,12.165705296276874
44007013101,1020.0,22.011221406991798,345.0,7.444971946482521,325.0,7.013379369874838,1651.0,35.62796719896418,732.0,15.796288303841175,561.0,12.106171773845489
44007013102,1205.0,23.173076923076923,355.0,6.826923076923077,360.0,6.923076923076923,1830.0,35.19230769230769,772.0,14.846153846153845,678.0,13.038461538461538
44007013201,1022.0,22.40245506356861,297.0,6.51030249890399,279.0,6.115738711091626,1527.0,33.4721613327488,714.0,15.651030249890399,723.0,15.84831214379658
44007013202,1369.0,23.4337555631633,374.0,6.40191715166039,391.0,6.692913385826772,1945.0,33.29339267374187,962.0,16.466963368709344,801.0,13.711057856898323
44007013300,1059.0,22.783993115318417,298.0,6.411359724612736,278.0,5.981067125645438,1628.0,35.02581755593804,794.0,17.08261617900172,591.0,12.71514629948365
44007013400,804.0,20.557402198926106,281.0,7.18486320634109,338.0,8.642290974175403,1257.0,32.140117616977754,602.0,15.39248274098696,629.0,16.082843262592686
44007013500,1048.0,21.970649895178195,851.0,17.840670859538786,583.0,12.222222222222221,1299.0,27.232704402515722,515.0,10.79664570230608,474.0,9.937106918238994
44007013600,720.0,23.952095808383234,289.0,9.614105123087159,359.0,11.942781104457751,938.0,31.20425815036593,358.0,11.909514304723885,342.0,11.377245508982035
44007013701,1036.0,24.678418294425917,399.0,9.504525964745117,560.0,13.339685564554548,1283.0,30.56217246307766,499.0,11.886612672701286,421.0,10.028585040495475
44007013702,598.0,21.056338028169012,280.0,9.859154929577464,364.0,12.816901408450704,901.0,31.72535211267606,386.0,13.59154929577465,311.0,10.950704225352114
44007013800,1057.0,21.888589770138744,399.0,8.262580244357009,611.0,12.652723131083041,1428.0,29.571339821909298,636.0,13.170428660178091,698.0,14.454338372333817
44007013900,477.0,15.779027456169366,225.0,7.442937479325174,283.0,9.36156136288455,818.0,27.0592127026133,449.0,14.852795236520015,771.0,25.504465762487595
44007014000,1326.0,22.701592193117616,454.0,7.772641670946756,700.0,11.984249272384865,1763.0,30.183187810306457,724.0,12.395137818866631,874.0,14.963191234377677
44007014100,1347.0,26.39623750734862,493.0,9.660983735057808,696.0,13.639035861258083,1305.0,25.573192239858905,524.0,10.268469527728787,738.0,14.462081128747794
44007014200,533.0,9.151785714285714,939.0,16.122939560439562,1203.0,20.65590659340659,2251.0,38.65041208791209,476.0,8.173076923076923,422.0,7.245879120879121
44007014300,827.0,17.399537134441406,296.0,6.227645697454239,336.0,7.069219440353461,1394.0,29.328844940037868,726.0,15.274563433620871,1174.0,24.700189354092153
44007014400,669.0,17.959731543624162,215.0,5.771812080536913,275.0,7.38255033557047,1013.0,27.194630872483224,518.0,13.906040268456376,1035.0,27.78523489932886
44007014501,1447.0,27.67259514247466,322.0,6.157965194109773,305.0,5.832855230445592,1924.0,36.79479824058137,707.0,13.520749665327978,524.0,10.021036527060623
44007014502,750.0,18.15101645692159,265.0,6.413359148112294,395.0,9.559535333978703,1231.0,29.791868344627296,612.0,14.811229428848016,879.0,21.2729912875121
44007014600,1828.0,25.9401163615723,458.0,6.49921952603945,492.0,6.981694338016177,2539.0,36.02951610614446,904.0,12.828153824322408,826.0,11.721299843905209
44007014700,1848.0,24.80869915424889,734.0,9.853671633776345,1011.0,13.572291582762789,2051.0,27.53389716740502,719.0,9.65230232245939,1086.0,14.579138139347563
44007014800,1115.0,19.72753007784855,442.0,7.820240622788393,683.0,12.08421797593772,1616.0,28.591648973814575,695.0,12.2965322009908,1101.0,19.47983014861996
44007015000,1203.0,26.573889993373097,422.0,9.321846697592225,578.0,12.767837419924897,1399.0,30.903468080406448,408.0,9.012591119946984,517.0,11.420366688756351
44007015100,1332.0,29.3909973521624,479.0,10.56928508384819,582.0,12.842012356575463,1277.0,28.17740511915269,379.0,8.362753751103266,483.0,10.657546337157987
44007015200,387.0,15.783034257748776,166.0,6.769983686786298,237.0,9.66557911908646,686.0,27.97716150081566,351.0,14.314845024469822,625.0,25.489396411092986
44007015300,673.0,28.22986577181208,277.0,11.619127516778525,322.0,13.506711409395974,653.0,27.390939597315434,227.0,9.521812080536913,232.0,9.731543624161073
44007015400,669.0,29.303547963206306,287.0,12.571178274200614,287.0,12.571178274200614,662.0,28.99693385895751,198.0,8.672798948751643,180.0,7.884362680683312
44007015500,1006.0,24.753937007874015,446.0,10.974409448818898,553.0,13.60728346456693,1250.0,30.757874015748033,391.0,9.621062992125983,418.0,10.28543307086614
44007015600,573.0,23.687474162877223,229.0,9.466721785861926,336.0,13.890037205456801,756.0,31.252583712277797,233.0,9.632079371641174,292.0,12.071103761885077
44007015700,756.0,20.655737704918035,322.0,8.797814207650273,410.0,11.202185792349727,1124.0,30.710382513661198,463.0,12.650273224043715,585.0,15.983606557377051
44007015800,877.0,22.93410041841004,309.0,8.080543933054393,477.0,12.473849372384937,1191.0,31.14539748953975,457.0,11.950836820083682,513.0,13.415271966527198
44007015900,700.0,23.2249502322495,296.0,9.82083609820836,390.0,12.93961512939615,894.0,29.66157929661579,352.0,11.678832116788321,382.0,12.67418712674187
44007016000,827.0,24.81248124812481,376.0,11.281128112811281,476.0,14.281428142814281,1010.0,30.303030303030305,331.0,9.930993099309932,313.0,9.390939093909392
44007016100,1323.0,28.263191625721003,635.0,13.565477462080752,706.0,15.082247383037812,1335.0,28.519547105319376,362.0,7.733390301217688,320.0,6.836146122623371
44007016300,569.0,20.95764272559853,269.0,9.90791896869245,308.0,11.344383057090239,885.0,32.59668508287293,311.0,11.4548802946593,373.0,13.738489871086557
44007016400,1432.0,28.66866866866867,609.0,12.192192192192191,703.0,14.074074074074074,1379.0,27.60760760760761,395.0,7.907907907907907,477.0,9.54954954954955
44007016500,698.0,18.402320063274452,285.0,7.513841286580543,533.0,14.052201423675193,1189.0,31.347218560506196,541.0,14.263116266807277,547.0,14.42130239915634
44007016600,443.0,24.220885729907053,206.0,11.262985237834883,265.0,14.488791689447785,475.0,25.970475669764898,188.0,10.278840896664844,252.0,13.778020776380536
44007016700,776.0,24.721248805352023,369.0,11.755336094297547,442.0,14.080917489646383,982.0,31.283848359350113,306.0,9.748327492832113,264.0,8.410321758521823
44007016800,696.0,22.393822393822393,236.0,7.5933075933075935,344.0,11.068211068211069,1036.0,33.33333333333333,386.0,12.41956241956242,410.0,13.191763191763192
44007016900,345.0,18.24431517715494,123.0,6.504494976203066,213.0,11.263881544156531,527.0,27.86885245901639,276.0,14.595452141723955,407.0,21.523003701745107
44007017000,830.0,18.547486033519554,319.0,7.128491620111732,495.0,11.06145251396648,1369.0,30.59217877094972,632.0,14.12290502793296,830.0,18.547486033519554
44007017100,1371.0,27.79805352798054,506.0,10.259529602595297,629.0,12.753446877534468,1394.0,28.26439578264396,460.0,9.326845093268451,572.0,11.597729115977291
44007017300,750.0,22.879804758999388,317.0,9.670530811470408,413.0,12.599145820622331,1053.0,32.12324588163514,408.0,12.446613788895668,337.0,10.280658938377059
44007017400,1413.0,32.96780214652357,459.0,10.709286047596827,565.0,13.182454503033131,1068.0,24.91833877741484,369.0,8.609426038264116,412.0,9.612692487167521
44007017500,708.0,22.292191435768263,291.0,9.162468513853904,429.0,13.507556675062974,924.0,29.093198992443327,384.0,12.090680100755668,440.0,13.85390428211587
44007017600,808.0,31.053036126056877,292.0,11.222136817832437,374.0,14.373558800922368,746.0,28.670253651037665,225.0,8.647194465795542,157.0,6.033820138355112
44007017700,765.0,21.45260796410544,236.0,6.618059450364553,425.0,11.918115535614133,1125.0,31.547952888390352,473.0,13.264161525518789,542.0,15.199102636006732
44007017800,603.0,23.60078277886497,261.0,10.215264187866929,351.0,13.737769080234832,739.0,28.923679060665364,277.0,10.841487279843443,324.0,12.681017612524462
44007017900,824.0,26.666666666666668,333.0,10.776699029126213,424.0,13.72168284789644,845.0,27.346278317152105,323.0,10.453074433656957,341.0,11.035598705501618
44007018000,436.0,16.05301914580265,227.0,8.357879234167893,292.0,10.751104565537556,793.0,29.19734904270987,340.0,12.51840942562592,628.0,23.12223858615611
44007018100,643.0,25.20580164641317,285.0,11.172089376715014,372.0,14.582516660133283,718.0,28.145825166601334,238.0,9.3296746373971,295.0,11.564092512740103
44007018200,635.0,23.70287420679358,314.0,11.720791340052259,501.0,18.701007838745802,772.0,28.816722657708098,242.0,9.033221351250468,215.0,8.025382605449796
44007018300,560.0,31.319910514541387,190.0,10.626398210290827,255.0,14.261744966442953,503.0,28.131991051454136,148.0,8.277404921700224,132.0,7.38255033557047
44007018400,1707.0,25.94224924012158,493.0,7.4924012158054705,656.0,9.969604863221884,1763.0,26.793313069908812,858.0,13.03951367781155,1103.0,16.7629179331307
44007018500,580.0,20.251396648044693,211.0,7.36731843575419,291.0,10.160614525139664,867.0,30.272346368715088,393.0,13.722067039106145,522.0,18.226256983240223
44009041500,166.0,15.689981096408317,37.0,3.497164461247637,92.0,8.695652173913043,337.0,31.852551984877124,202.0,19.092627599243855,224.0,21.17202268431002
44009050102,438.0,20.362622036262206,131.0,6.090190609019061,153.0,7.112970711297072,652.0,30.3114830311483,392.0,18.224081822408184,385.0,17.89865178986518
44009050103,1388.0,24.83005366726297,426.0,7.620751341681574,594.0,10.626118067978533,1686.0,30.161001788908763,707.0,12.647584973166367,789.0,14.114490161001788
44009050104,991.0,25.0189346124716,256.0,6.463014390305479,233.0,5.88235294117647,1255.0,31.68391820247412,677.0,17.091643524362535,549.0,13.860136329209796
44009050301,1183.0,25.047639212365024,301.0,6.373067965276308,328.0,6.944738513656574,1552.0,32.86047004022867,713.0,15.096337073893713,646.0,13.677747194579718
44009050302,578.0,21.102592186929535,151.0,5.5129609346476816,203.0,7.411464037970063,800.0,29.207740051113547,515.0,18.802482657904346,492.0,17.96276013143483
44009050401,1483.0,31.090146750524113,272.0,5.70230607966457,240.0,5.031446540880504,1782.0,37.35849056603773,620.0,12.997903563941298,373.0,7.819706498951782
44009050402,546.0,19.654427645788335,151.0,5.435565154787617,176.0,6.3354931605471565,874.0,31.461483081353492,539.0,19.402447804175665,492.0,17.71058315334773
44009050500,1453.0,22.40209682392846,585.0,9.019426456984274,483.0,7.446808510638298,2223.0,34.27382053654024,1018.0,15.695343817452976,724.0,11.16250385445575
44009050600,1937.0,24.81106699116178,497.0,6.366081721531959,699.0,8.953503266299474,2856.0,36.58255411809914,1068.0,13.680030741642115,750.0,9.606763161265532
44009050700,1936.0,23.37317397078353,516.0,6.229626946758421,708.0,8.547627671133647,2816.0,33.99734395750332,1191.0,14.378848243390077,1116.0,13.473379210431002
44009050801,1364.0,22.816995650719303,509.0,8.514553362328538,827.0,13.834058213449312,1697.0,28.387420541987286,593.0,9.919705587152894,988.0,16.527266644362662
44009050802,777.0,19.67088607594937,237.0,6.0,333.0,8.430379746835442,1108.0,28.050632911392405,597.0,15.113924050632912,898.0,22.734177215189874
44009050901,1364.0,22.943650126156435,403.0,6.7788057190916735,544.0,9.150546677880572,1911.0,32.14465937762826,804.0,13.523969722455845,919.0,15.458368376787215
44009050902,1318.0,23.807803468208093,343.0,6.195809248554913,399.0,7.207369942196531,1804.0,32.58670520231214,829.0,14.974710982658959,843.0,15.227601156069365
44009051000,195.0,12.302839116719243,43.0,2.7129337539432177,67.0,4.2271293375394325,345.0,21.766561514195583,342.0,21.577287066246058,593.0,37.41324921135647
44009051101,1002.0,21.25132555673383,298.0,6.320254506892894,330.0,6.998939554612937,1519.0,32.21633085896076,765.0,16.224814422057264,801.0,16.98833510074231
44009051102,591.0,18.567389255419418,222.0,6.974552309142319,239.0,7.508639648130694,958.0,30.097392397109644,591.0,18.567389255419418,582.0,18.28463713477851
44009051201,1250.0,27.316433566433567,362.0,7.910839160839162,411.0,8.981643356643357,1396.0,30.506993006993007,567.0,12.390734265734265,590.0,12.893356643356643
44009051202,853.0,19.373154667272313,407.0,9.243697478991598,483.0,10.969793322734498,1224.0,27.7992277992278,613.0,13.92232568703157,823.0,18.69180104474222
44009051302,746.0,18.221787982413286,350.0,8.549096238397654,260.0,6.350757205666829,1126.0,27.503663898387888,820.0,20.029311187103076,792.0,19.345383488031263
44009051304,410.0,20.572002007024587,106.0,5.3186151530356245,84.0,4.214751630707476,608.0,30.506773707977924,372.0,18.665328650275967,413.0,20.722528850978424
44009051305,894.0,22.305389221556887,321.0,8.008982035928144,262.0,6.536926147704591,1156.0,28.842315369261478,608.0,15.169660678642716,767.0,19.13672654690619
44009051306,1472.0,24.170771756978652,501.0,8.226600985221674,507.0,8.32512315270936,1905.0,31.2807881773399,922.0,15.139573070607554,783.0,12.857142857142856
44009051400,1527.0,26.869611120886855,3908.0,68.7664965687137,55.0,0.9677986978708428,101.0,1.7772303360900934,52.0,0.9150096779869786,40.0,0.7038535984515221
44009051502,1462.0,20.010949904188337,1181.0,16.16479605803449,609.0,8.33561456337257,2041.0,27.935943060498218,1107.0,15.151929920613194,906.0,12.400766493293183
44009051503,502.0,11.97804819852064,1165.0,27.797661655929375,284.0,6.776425674063469,788.0,18.802195180147933,598.0,14.268670961584348,854.0,20.376998329754233
44009051504,452.0,10.134529147982063,1453.0,32.57847533632287,196.0,4.394618834080718,822.0,18.4304932735426,652.0,14.618834080717487,885.0,19.843049327354258
44009990100,0.0,0,0.0,0,0.0,0,0.0,0,0.0,0,0.0,0
44009990200,0.0,0,0.0,0,0.0,0,0.0,0,0.0,0,0.0,0
