tract,0-18,19-25,26-34,35-54,55-64,65+
22001960200,1779.0,528.0,709.0,1647.0,740.0,648.0
22001960300,1051.0,316.0,410.0,1046.0,389.0,421.0
22001960400,1980.0,584.0,742.0,1945.0,677.0,729.0
22001960500,1768.0,586.0,739.0,1849.0,653.0,582.0
22001960600,1673.0,536.0,690.0,1635.0,664.0,837.0
22001960700,1255.0,380.0,441.0,1241.0,507.0,534.0
22001960800,1364.0,480.0,554.0,1374.0,616.0,1061.0
22001960900,1554.0,501.0,533.0,1321.0,545.0,681.0
22001961000,1490.0,529.0,644.0,1386.0,602.0,727.0
22001961100,1110.0,326.0,431.0,1090.0,439.0,421.0
22001961200,976.0,321.0,362.0,1057.0,416.0,374.0
22003950100,1553.0,385.0,587.0,1436.0,572.0,639.0
22003950200,757.0,529.0,1118.0,2048.0,545.0,462.0
22003950300,864.0,319.0,308.0,734.0,414.0,535.0
22003950400,1156.0,320.0,425.0,1219.0,539.0,752.0
22003950500,1860.0,673.0,1172.0,2450.0,833.0,940.0
22005030101,1915.0,508.0,902.0,2047.0,709.0,553.0
22005030102,1390.0,487.0,642.0,1549.0,564.0,519.0
22005030103,1617.0,479.0,654.0,1818.0,616.0,539.0
22005030203,3427.0,629.0,1177.0,3654.0,1071.0,750.0
22005030204,3341.0,746.0,1435.0,3431.0,1055.0,734.0
22005030205,3203.0,739.0,1305.0,3178.0,837.0,618.0
22005030206,2721.0,883.0,1457.0,2836.0,870.0,683.0
22005030300,4477.0,903.0,1717.0,4501.0,1362.0,983.0
22005030401,1157.0,460.0,547.0,1276.0,478.0,544.0
22005030402,1823.0,628.0,877.0,1891.0,775.0,904.0
22005030500,2512.0,742.0,947.0,2850.0,1017.0,874.0
22005030600,1509.0,532.0,628.0,1525.0,558.0,441.0
22005030900,1376.0,417.0,444.0,1015.0,461.0,504.0
22005031000,1784.0,760.0,796.0,1799.0,861.0,848.0
22007050100,1010.0,329.0,408.0,1080.0,498.0,505.0
22007050200,1332.0,413.0,604.0,1658.0,732.0,798.0
22007050300,1045.0,342.0,427.0,1049.0,503.0,561.0
22007050400,786.0,270.0,346.0,897.0,374.0,435.0
22007050500,821.0,320.0,288.0,834.0,373.0,372.0
22007050600,1120.0,351.0,482.0,1358.0,507.0,474.0
22009030100,622.0,192.0,284.0,718.0,362.0,352.0
22009030200,756.0,164.0,327.0,773.0,322.0,424.0
22009030300,959.0,283.0,399.0,1015.0,426.0,437.0
22009030400,1969.0,734.0,872.0,1950.0,840.0,1099.0
22009030500,1809.0,587.0,737.0,1910.0,870.0,1128.0
22009030600,1457.0,437.0,560.0,1422.0,671.0,868.0
22009030700,1557.0,725.0,1125.0,2459.0,890.0,879.0
22009030800,799.0,216.0,306.0,771.0,343.0,460.0
22009030900,920.0,297.0,369.0,948.0,325.0,428.0
22011960100,1848.0,493.0,638.0,1836.0,770.0,829.0
22011960200,1285.0,331.0,509.0,1434.0,630.0,600.0
22011960300,1220.0,387.0,492.0,1127.0,500.0,628.0
22011960400,859.0,268.0,441.0,914.0,383.0,448.0
22011960500,1405.0,372.0,641.0,1488.0,630.0,734.0
22011960600,826.0,251.0,322.0,924.0,459.0,512.0
22011960700,2327.0,856.0,1271.0,2554.0,887.0,871.0
22013970100,973.0,335.0,382.0,909.0,393.0,713.0
22013970200,437.0,138.0,162.0,536.0,253.0,363.0
22013970300,798.0,281.0,278.0,889.0,437.0,672.0
22013970400,694.0,229.0,256.0,755.0,323.0,399.0
22013970500,642.0,249.0,261.0,802.0,438.0,504.0
22015010400,531.0,174.0,246.0,520.0,168.0,139.0
22015010500,1401.0,468.0,641.0,1141.0,447.0,752.0
22015010601,2253.0,884.0,1052.0,1812.0,587.0,625.0
22015010602,622.0,432.0,461.0,686.0,246.0,497.0
22015010701,910.0,795.0,670.0,1022.0,372.0,500.0
22015010702,1120.0,568.0,641.0,1010.0,408.0,430.0
22015010801,991.0,430.0,554.0,858.0,259.0,300.0
22015010804,1966.0,764.0,1231.0,2042.0,591.0,791.0
22015010805,648.0,641.0,691.0,582.0,205.0,526.0
22015010806,1000.0,354.0,514.0,979.0,436.0,850.0
22015010900,946.0,925.0,532.0,362.0,34.0,22.0
22015011001,2180.0,624.0,930.0,2438.0,963.0,747.0
22015011002,1114.0,270.0,434.0,1526.0,665.0,635.0
22015011103,1805.0,468.0,816.0,2175.0,899.0,812.0
22015011105,1962.0,538.0,818.0,2158.0,863.0,824.0
22015011106,2370.0,751.0,1112.0,2353.0,932.0,963.0
22015011107,564.0,186.0,215.0,548.0,245.0,293.0
22015011108,3321.0,686.0,1339.0,3809.0,1461.0,1281.0
22015011109,2197.0,464.0,1004.0,2375.0,722.0,650.0
22015011110,1711.0,627.0,919.0,2110.0,1001.0,1141.0
22015011200,1410.0,489.0,594.0,1850.0,946.0,1050.0
22015011300,557.0,193.0,209.0,472.0,210.0,198.0
22017020500,1021.0,321.0,359.0,766.0,362.0,197.0
22017020600,243.0,78.0,83.0,206.0,147.0,196.0
22017020700,224.0,93.0,102.0,317.0,145.0,237.0
22017021000,536.0,191.0,270.0,433.0,180.0,148.0
22017021100,647.0,379.0,412.0,920.0,401.0,339.0
22017021200,1020.0,1038.0,715.0,1148.0,489.0,218.0
22017021300,815.0,274.0,273.0,601.0,319.0,353.0
22017021400,467.0,267.0,341.0,532.0,216.0,333.0
22017021500,559.0,297.0,402.0,642.0,260.0,233.0
22017021600,755.0,476.0,697.0,963.0,487.0,520.0
22017021700,598.0,200.0,234.0,427.0,243.0,331.0
22017021800,482.0,158.0,158.0,365.0,157.0,189.0
22017021900,366.0,131.0,167.0,344.0,205.0,255.0
22017022000,458.0,148.0,167.0,439.0,226.0,390.0
22017022100,1608.0,610.0,647.0,1398.0,898.0,824.0
22017022200,1578.0,617.0,689.0,1331.0,727.0,527.0
22017022300,969.0,316.0,356.0,722.0,357.0,314.0
22017022400,1449.0,415.0,519.0,1051.0,324.0,263.0
22017022500,1573.0,527.0,585.0,1305.0,537.0,509.0
22017022600,772.0,149.0,308.0,947.0,468.0,500.0
22017022700,538.0,167.0,349.0,694.0,262.0,340.0
22017022800,951.0,276.0,628.0,1151.0,481.0,528.0
22017022900,887.0,808.0,861.0,1297.0,523.0,689.0
22017023000,856.0,405.0,573.0,1069.0,642.0,1051.0
22017023100,296.0,63.0,83.0,393.0,239.0,468.0
22017023200,533.0,175.0,192.0,446.0,180.0,135.0
22017023300,642.0,198.0,217.0,509.0,236.0,244.0
22017023400,2561.0,766.0,896.0,1863.0,603.0,493.0
22017023500,964.0,359.0,390.0,904.0,520.0,598.0
22017023600,840.0,323.0,272.0,629.0,369.0,559.0
22017023700,2257.0,812.0,800.0,1638.0,649.0,541.0
22017023800,1435.0,601.0,664.0,1471.0,841.0,1429.0
22017023901,1275.0,976.0,1014.0,1513.0,794.0,1249.0
22017023903,1019.0,230.0,398.0,1022.0,495.0,895.0
22017023904,575.0,430.0,405.0,706.0,390.0,630.0
22017023905,1034.0,700.0,696.0,1262.0,471.0,481.0
22017024000,2918.0,466.0,969.0,3407.0,1479.0,1303.0
22017024102,965.0,336.0,434.0,1279.0,554.0,659.0
22017024104,1901.0,776.0,929.0,1751.0,630.0,756.0
22017024106,1912.0,744.0,1130.0,1972.0,827.0,919.0
22017024107,1405.0,412.0,687.0,1347.0,497.0,671.0
22017024108,1794.0,584.0,767.0,1828.0,777.0,1318.0
22017024109,884.0,298.0,481.0,1015.0,395.0,631.0
22017024201,1055.0,450.0,608.0,1109.0,398.0,294.0
22017024202,1760.0,516.0,885.0,2140.0,995.0,1001.0
22017024203,1241.0,472.0,666.0,1919.0,700.0,749.0
22017024301,1873.0,589.0,723.0,1922.0,1130.0,871.0
22017024303,1608.0,698.0,864.0,1729.0,647.0,565.0
22017024304,1080.0,378.0,463.0,1515.0,844.0,748.0
22017024400,1093.0,441.0,579.0,1432.0,762.0,793.0
22017024503,1326.0,464.0,583.0,1389.0,615.0,572.0
22017024504,1514.0,426.0,631.0,1780.0,730.0,744.0
22017024601,2159.0,727.0,625.0,1157.0,478.0,490.0
22017024602,1516.0,908.0,972.0,1706.0,607.0,627.0
22017024700,439.0,134.0,248.0,531.0,280.0,346.0
22017024800,249.0,83.0,96.0,342.0,160.0,174.0
22017024900,855.0,283.0,343.0,961.0,447.0,539.0
22017025000,1058.0,339.0,431.0,907.0,406.0,612.0
22017025100,449.0,159.0,183.0,560.0,309.0,413.0
22017025200,225.0,82.0,104.0,308.0,169.0,250.0
22017025300,260.0,191.0,212.0,555.0,198.0,151.0
22017025405,1034.0,338.0,491.0,1265.0,666.0,622.0
22017025406,1084.0,310.0,438.0,1385.0,674.0,619.0
22017980000,0.0,0.0,0.0,0.0,0.0,0.0
22019000100,376.0,236.0,338.0,623.0,274.0,281.0
22019000200,345.0,129.0,152.0,431.0,217.0,255.0
22019000300,569.0,158.0,163.0,457.0,180.0,327.0
22019000400,556.0,146.0,168.0,349.0,189.0,179.0
22019000500,671.0,303.0,457.0,927.0,422.0,426.0
22019000600,2053.0,621.0,727.0,1735.0,830.0,740.0
22019000700,1342.0,574.0,683.0,1121.0,499.0,664.0
22019000800,750.0,450.0,469.0,933.0,365.0,407.0
22019000900,1012.0,317.0,386.0,1173.0,478.0,717.0
22019001000,706.0,369.0,378.0,953.0,510.0,837.0
22019001100,749.0,1534.0,631.0,735.0,284.0,409.0
22019001201,1526.0,563.0,667.0,1164.0,473.0,447.0
22019001202,1060.0,492.0,438.0,669.0,270.0,182.0
22019001300,1505.0,682.0,772.0,1679.0,744.0,1099.0
22019001400,1622.0,474.0,630.0,1452.0,716.0,790.0
22019001500,450.0,172.0,214.0,519.0,255.0,301.0
22019001600,1117.0,714.0,953.0,1617.0,557.0,502.0
22019001700,2218.0,1197.0,1120.0,2375.0,999.0,942.0
22019001801,2948.0,948.0,1159.0,3088.0,1161.0,845.0
22019001901,656.0,184.0,228.0,845.0,537.0,707.0
22019001903,1382.0,835.0,751.0,1500.0,698.0,823.0
22019001904,1271.0,507.0,457.0,1519.0,684.0,758.0
22019002000,2653.0,806.0,1099.0,2784.0,1024.0,964.0
22019002100,937.0,265.0,365.0,831.0,332.0,334.0
22019002201,2348.0,562.0,923.0,2437.0,991.0,701.0
22019002203,1987.0,613.0,765.0,2032.0,720.0,589.0
22019002204,1414.0,355.0,545.0,1486.0,597.0,627.0
22019002300,743.0,204.0,321.0,842.0,359.0,396.0
22019002400,1632.0,465.0,634.0,1550.0,749.0,909.0
22019002500,1009.0,286.0,399.0,1084.0,456.0,402.0
22019002600,1287.0,436.0,621.0,1234.0,578.0,737.0
22019002700,2243.0,673.0,1014.0,2579.0,1084.0,858.0
22019002800,1290.0,483.0,611.0,1245.0,479.0,562.0
22019002900,513.0,193.0,303.0,531.0,226.0,353.0
22019003000,1323.0,501.0,619.0,1187.0,528.0,729.0
22019003101,1345.0,418.0,605.0,1385.0,711.0,854.0
22019003102,675.0,194.0,273.0,742.0,342.0,286.0
22019003200,617.0,174.0,266.0,662.0,268.0,205.0
22019003300,1453.0,479.0,553.0,1303.0,519.0,535.0
22019003400,1381.0,300.0,456.0,1491.0,558.0,490.0
22019003500,974.0,337.0,363.0,988.0,365.0,501.0
22019003600,1027.0,296.0,424.0,1239.0,572.0,656.0
22019980000,0.0,0.0,0.0,0.0,0.0,0.0
22019980100,0.0,0.0,0.0,0.0,0.0,0.0
22021000100,615.0,179.0,236.0,723.0,386.0,378.0
22021000200,771.0,274.0,290.0,860.0,443.0,512.0
22021000300,1125.0,400.0,590.0,1332.0,542.0,614.0
22023970100,1330.0,393.0,549.0,1548.0,521.0,596.0
22023970201,445.0,151.0,188.0,610.0,299.0,285.0
22023990000,0.0,0.0,0.0,0.0,0.0,0.0
22025000100,1000.0,469.0,732.0,1366.0,580.0,599.0
22025000200,776.0,221.0,280.0,669.0,313.0,418.0
22025000300,724.0,236.0,320.0,851.0,472.0,486.0
22027950100,707.0,234.0,227.0,972.0,550.0,750.0
22027950200,481.0,566.0,1169.0,1808.0,520.0,476.0
22027950300,671.0,186.0,246.0,637.0,303.0,488.0
22027950400,1031.0,339.0,327.0,887.0,423.0,597.0
22027950500,699.0,221.0,284.0,768.0,410.0,443.0
22029000100,565.0,164.0,213.0,656.0,450.0,511.0
22029000200,1748.0,506.0,593.0,1327.0,669.0,767.0
22029000300,1200.0,336.0,498.0,1223.0,546.0,577.0
22029000400,1272.0,353.0,473.0,1242.0,552.0,741.0
22029000500,732.0,453.0,715.0,1202.0,378.0,430.0
22031950100,2261.0,601.0,949.0,2715.0,1196.0,1074.0
22031950200,1124.0,351.0,411.0,1194.0,587.0,714.0
22031950300,645.0,197.0,246.0,824.0,393.0,444.0
22031950400,834.0,317.0,353.0,842.0,367.0,465.0
22031950500,566.0,161.0,217.0,580.0,296.0,294.0
22031950600,917.0,264.0,309.0,734.0,348.0,419.0
22031950700,683.0,210.0,269.0,758.0,381.0,438.0
22033000100,607.0,152.0,214.0,416.0,154.0,110.0
22033000200,2382.0,690.0,827.0,1745.0,673.0,519.0
22033000300,587.0,183.0,214.0,517.0,193.0,116.0
22033000400,1034.0,321.0,354.0,873.0,316.0,216.0
22033000500,1315.0,470.0,513.0,1024.0,501.0,367.0
22033000601,1201.0,431.0,430.0,959.0,412.0,255.0
22033000602,1216.0,406.0,473.0,1120.0,559.0,550.0
22033000701,783.0,290.0,329.0,676.0,230.0,158.0
22033000702,992.0,550.0,474.0,891.0,404.0,327.0
22033000900,1171.0,418.0,410.0,1147.0,516.0,623.0
22033001000,950.0,352.0,434.0,929.0,403.0,499.0
22033001102,786.0,496.0,480.0,700.0,256.0,705.0
22033001103,1145.0,429.0,438.0,783.0,301.0,232.0
22033001104,1603.0,611.0,650.0,1113.0,292.0,215.0
22033001600,725.0,489.0,659.0,989.0,416.0,282.0
22033001700,909.0,505.0,830.0,1565.0,743.0,651.0
22033001800,509.0,290.0,426.0,661.0,275.0,435.0
22033001900,488.0,206.0,375.0,725.0,377.0,384.0
22033002000,704.0,243.0,322.0,891.0,526.0,779.0
22033002200,361.0,217.0,194.0,372.0,159.0,164.0
22033002300,474.0,369.0,452.0,805.0,385.0,329.0
22033002400,574.0,521.0,482.0,660.0,273.0,209.0
22033002500,666.0,1273.0,400.0,639.0,252.0,311.0
22033002601,654.0,663.0,613.0,1016.0,497.0,430.0
22033002602,933.0,461.0,602.0,1041.0,386.0,547.0
22033002700,433.0,150.0,177.0,425.0,243.0,216.0
22033002801,545.0,1498.0,992.0,423.0,39.0,17.0
22033002802,672.0,2961.0,286.0,142.0,45.0,25.0
22033003000,1217.0,1838.0,361.0,685.0,307.0,379.0
22033003101,1337.0,411.0,436.0,869.0,406.0,680.0
22033003103,556.0,709.0,792.0,1007.0,159.0,129.0
22033003201,1144.0,336.0,446.0,1108.0,430.0,428.0
22033003202,1006.0,328.0,392.0,1173.0,574.0,496.0
22033003300,1486.0,787.0,551.0,1162.0,559.0,667.0
22033003400,2027.0,744.0,779.0,1613.0,858.0,674.0
22033003501,825.0,377.0,454.0,765.0,360.0,320.0
22033003504,2005.0,629.0,709.0,1618.0,836.0,484.0
22033003505,1310.0,449.0,525.0,1164.0,459.0,326.0
22033003506,1912.0,628.0,747.0,2102.0,772.0,778.0
22033003507,1645.0,434.0,626.0,1629.0,681.0,389.0
22033003601,858.0,360.0,396.0,977.0,423.0,512.0
22033003603,896.0,412.0,443.0,701.0,216.0,340.0
22033003604,2304.0,903.0,962.0,1615.0,441.0,291.0
22033003701,1312.0,484.0,756.0,1631.0,703.0,1167.0
22033003702,750.0,338.0,388.0,859.0,420.0,710.0
22033003703,1482.0,515.0,615.0,1733.0,749.0,1214.0
22033003801,1309.0,1217.0,1279.0,1849.0,1020.0,1005.0
22033003802,727.0,699.0,958.0,1247.0,735.0,1062.0
22033003804,702.0,719.0,925.0,974.0,605.0,941.0
22033003805,1657.0,668.0,980.0,1892.0,871.0,733.0
22033003904,1742.0,888.0,1197.0,1556.0,526.0,615.0
22033003906,1962.0,818.0,1122.0,2577.0,1403.0,1033.0
22033003907,1221.0,760.0,951.0,1531.0,698.0,850.0
22033003908,795.0,487.0,675.0,1118.0,561.0,479.0
22033003909,828.0,754.0,945.0,1132.0,457.0,602.0
22033003910,821.0,569.0,658.0,801.0,191.0,180.0
22033004005,1185.0,733.0,883.0,1595.0,861.0,824.0
22033004006,1691.0,831.0,893.0,2232.0,1403.0,1226.0
22033004009,2423.0,918.0,1208.0,2528.0,970.0,537.0
22033004010,1118.0,418.0,595.0,1510.0,783.0,502.0
22033004011,1315.0,1179.0,939.0,984.0,240.0,145.0
22033004013,363.0,2032.0,686.0,446.0,107.0,75.0
22033004014,1384.0,6398.0,774.0,1234.0,427.0,222.0
22033004015,2341.0,2141.0,1570.0,1871.0,451.0,216.0
22033004016,1773.0,435.0,941.0,2082.0,968.0,680.0
22033004201,1773.0,554.0,702.0,1507.0,681.0,850.0
22033004203,963.0,307.0,339.0,902.0,391.0,421.0
22033004204,1317.0,421.0,514.0,1080.0,428.0,474.0
22033004205,1798.0,590.0,725.0,1667.0,583.0,557.0
22033004301,1551.0,572.0,739.0,1958.0,849.0,950.0
22033004302,1272.0,452.0,600.0,1694.0,831.0,765.0
22033004401,1128.0,345.0,389.0,1347.0,757.0,827.0
22033004402,1620.0,545.0,827.0,1616.0,644.0,489.0
22033004403,1464.0,414.0,588.0,1563.0,785.0,733.0
22033004503,1892.0,607.0,980.0,1735.0,630.0,795.0
22033004504,1422.0,568.0,916.0,1682.0,734.0,637.0
22033004505,2510.0,991.0,1136.0,2107.0,762.0,525.0
22033004507,1205.0,439.0,627.0,1418.0,654.0,550.0
22033004508,2175.0,526.0,612.0,2570.0,1294.0,781.0
22033004509,1879.0,705.0,1222.0,1951.0,731.0,515.0
22033004510,1581.0,537.0,1118.0,2129.0,892.0,727.0
22033004602,1535.0,553.0,606.0,1555.0,649.0,843.0
22033004603,1341.0,364.0,489.0,1425.0,550.0,414.0
22033004604,3487.0,753.0,1353.0,3441.0,1141.0,947.0
22033004700,1323.0,549.0,603.0,1703.0,763.0,724.0
22033004800,431.0,1500.0,364.0,517.0,333.0,615.0
22033004900,936.0,663.0,448.0,1113.0,801.0,749.0
22033005000,591.0,270.0,250.0,802.0,566.0,742.0
22033005100,634.0,465.0,463.0,703.0,388.0,325.0
22033005200,545.0,236.0,260.0,488.0,205.0,222.0
22033005300,786.0,336.0,415.0,970.0,333.0,271.0
22033980000,0.0,0.0,0.0,0.0,0.0,0.0
22035000100,859.0,216.0,269.0,659.0,328.0,429.0
22035000200,381.0,336.0,509.0,846.0,258.0,275.0
22035000300,864.0,254.0,268.0,606.0,237.0,267.0
22037951300,833.0,272.0,321.0,921.0,522.0,479.0
22037951400,884.0,299.0,389.0,1119.0,652.0,678.0
22037951501,297.0,102.0,144.0,388.0,215.0,156.0
22037951502,1176.0,714.0,914.0,2393.0,847.0,623.0
22037951600,1272.0,412.0,550.0,1471.0,747.0,696.0
22039950100,1763.0,717.0,843.0,1820.0,709.0,745.0
22039950200,532.0,155.0,194.0,524.0,260.0,228.0
22039950300,1360.0,596.0,675.0,1484.0,455.0,554.0
22039950400,1821.0,478.0,632.0,1692.0,704.0,865.0
22039950500,1019.0,330.0,333.0,769.0,382.0,549.0
22039950600,1112.0,334.0,361.0,910.0,351.0,597.0
22039950700,909.0,224.0,323.0,1002.0,472.0,466.0
22039950800,1212.0,322.0,446.0,1182.0,508.0,486.0
22041950100,1048.0,291.0,420.0,1120.0,486.0,624.0
22041950200,990.0,391.0,487.0,1201.0,558.0,729.0
22041950300,1769.0,499.0,574.0,1256.0,548.0,764.0
22041950400,715.0,211.0,282.0,829.0,412.0,568.0
22041950500,484.0,125.0,204.0,494.0,249.0,235.0
22041950600,633.0,181.0,224.0,613.0,299.0,468.0
22043020100,650.0,188.0,248.0,710.0,298.0,374.0
22043020200,765.0,206.0,316.0,945.0,447.0,510.0
22043020300,740.0,237.0,257.0,676.0,375.0,432.0
22043020401,1714.0,482.0,681.0,1804.0,774.0,806.0
22043020402,1545.0,709.0,1797.0,2809.0,600.0,568.0
22045030100,2146.0,607.0,706.0,1899.0,793.0,959.0
22045030200,1842.0,529.0,664.0,2012.0,777.0,703.0
22045030301,1028.0,457.0,551.0,1089.0,405.0,418.0
22045030302,1862.0,663.0,844.0,1936.0,657.0,480.0
22045030400,2426.0,783.0,919.0,2210.0,846.0,947.0
22045030500,1297.0,421.0,562.0,1216.0,537.0,523.0
22045030600,1778.0,503.0,587.0,2001.0,772.0,819.0
22045030700,970.0,330.0,470.0,1086.0,462.0,629.0
22045030800,753.0,197.0,264.0,569.0,240.0,279.0
22045030900,1205.0,371.0,400.0,859.0,324.0,377.0
22045031000,1070.0,335.0,404.0,834.0,365.0,422.0
22045031100,1339.0,504.0,716.0,1314.0,601.0,710.0
22045031200,885.0,308.0,345.0,1000.0,456.0,578.0
22045031300,1467.0,503.0,602.0,1845.0,671.0,663.0
22045031600,893.0,295.0,319.0,878.0,377.0,407.0
22045990000,0.0,0.0,0.0,0.0,0.0,0.0
22047952600,722.0,292.0,306.0,796.0,397.0,441.0
22047952700,1695.0,578.0,726.0,1819.0,787.0,685.0
22047952900,1516.0,509.0,597.0,1685.0,718.0,771.0
22047953000,609.0,160.0,241.0,608.0,263.0,325.0
22047953101,1681.0,595.0,695.0,1504.0,762.0,918.0
22047953102,666.0,227.0,239.0,696.0,313.0,330.0
22047953200,1122.0,885.0,1446.0,3089.0,834.0,534.0
22049970100,688.0,208.0,309.0,774.0,440.0,476.0
22049970200,974.0,297.0,432.0,984.0,485.0,606.0
22049970300,862.0,454.0,659.0,1295.0,541.0,751.0
22049970400,1000.0,339.0,360.0,834.0,443.0,560.0
22049970500,398.0,126.0,160.0,467.0,219.0,324.0
22051020101,447.0,220.0,366.0,850.0,345.0,566.0
22051020102,571.0,161.0,307.0,913.0,407.0,652.0
22051020201,363.0,259.0,383.0,523.0,257.0,320.0
22051020202,685.0,485.0,725.0,887.0,275.0,198.0
22051020203,1526.0,611.0,652.0,1900.0,1135.0,1384.0
22051020301,737.0,165.0,238.0,877.0,485.0,750.0
22051020302,1122.0,408.0,558.0,1398.0,788.0,1058.0
22051020303,806.0,274.0,426.0,1033.0,550.0,682.0
22051020400,621.0,194.0,225.0,907.0,536.0,664.0
22051020502,1643.0,648.0,986.0,1739.0,693.0,762.0
22051020505,546.0,178.0,238.0,471.0,221.0,241.0
22051020506,1018.0,420.0,516.0,1157.0,656.0,501.0
22051020507,866.0,441.0,557.0,1197.0,630.0,609.0
22051020508,1812.0,695.0,1018.0,2275.0,1012.0,732.0
22051020511,1030.0,373.0,500.0,1100.0,578.0,571.0
22051020512,434.0,228.0,333.0,644.0,469.0,641.0
22051020513,1089.0,592.0,809.0,1433.0,653.0,546.0
22051020514,848.0,307.0,232.0,1134.0,763.0,518.0
22051020515,702.0,281.0,391.0,928.0,473.0,301.0
22051020516,1295.0,509.0,654.0,1277.0,454.0,484.0
22051020517,885.0,324.0,333.0,1231.0,693.0,432.0
22051020600,1721.0,650.0,780.0,1257.0,370.0,247.0
22051020700,280.0,121.0,130.0,399.0,158.0,116.0
22051021000,548.0,202.0,285.0,722.0,306.0,397.0
22051021100,497.0,220.0,292.0,626.0,262.0,325.0
22051021200,480.0,194.0,296.0,641.0,262.0,642.0
22051021300,617.0,240.0,337.0,872.0,408.0,454.0
22051021400,542.0,146.0,199.0,610.0,286.0,356.0
22051021500,632.0,424.0,497.0,760.0,258.0,321.0
22051021600,1493.0,764.0,1075.0,1809.0,643.0,1035.0
22051021700,1175.0,606.0,742.0,1555.0,618.0,847.0
22051021801,409.0,201.0,302.0,527.0,288.0,532.0
22051021803,1060.0,944.0,1047.0,1119.0,231.0,157.0
22051021804,467.0,319.0,504.0,516.0,125.0,96.0
22051021900,368.0,228.0,290.0,474.0,191.0,244.0
22051022001,863.0,891.0,1042.0,1277.0,375.0,286.0
22051022002,461.0,171.0,257.0,689.0,381.0,655.0
22051022101,268.0,68.0,95.0,405.0,197.0,381.0
22051022102,340.0,164.0,296.0,553.0,307.0,834.0
22051022200,414.0,155.0,193.0,636.0,325.0,526.0
22051022301,534.0,199.0,280.0,825.0,409.0,631.0
22051022302,299.0,151.0,258.0,565.0,253.0,345.0
22051022303,446.0,402.0,645.0,779.0,283.0,261.0
22051022400,553.0,213.0,396.0,956.0,494.0,779.0
22051022500,569.0,184.0,328.0,840.0,425.0,442.0
22051022600,852.0,167.0,240.0,974.0,523.0,473.0
22051022700,510.0,187.0,376.0,854.0,452.0,406.0
22051022800,519.0,247.0,388.0,835.0,436.0,561.0
22051022900,578.0,277.0,411.0,903.0,416.0,423.0
22051023001,316.0,91.0,173.0,482.0,385.0,406.0
22051023002,878.0,303.0,481.0,1141.0,855.0,803.0
22051023003,567.0,175.0,300.0,786.0,385.0,580.0
22051023100,471.0,191.0,325.0,715.0,331.0,379.0
22051023200,562.0,244.0,334.0,828.0,393.0,529.0
22051023300,331.0,126.0,201.0,508.0,227.0,278.0
22051023400,646.0,220.0,327.0,940.0,433.0,606.0
22051023500,987.0,338.0,466.0,1315.0,650.0,726.0
22051023600,1195.0,414.0,603.0,1555.0,670.0,800.0
22051023700,497.0,185.0,194.0,584.0,278.0,383.0
22051023800,790.0,356.0,519.0,1159.0,539.0,545.0
22051023901,490.0,177.0,193.0,670.0,407.0,459.0
22051023902,546.0,97.0,156.0,691.0,415.0,429.0
22051023903,518.0,108.0,189.0,670.0,368.0,432.0
22051023904,503.0,194.0,236.0,774.0,398.0,581.0
22051024001,543.0,197.0,235.0,812.0,423.0,671.0
22051024002,533.0,204.0,248.0,937.0,471.0,620.0
22051024100,768.0,262.0,439.0,1069.0,444.0,496.0
22051024201,331.0,254.0,331.0,613.0,277.0,295.0
22051024202,397.0,550.0,884.0,860.0,313.0,190.0
22051024300,509.0,208.0,333.0,954.0,433.0,420.0
22051024400,543.0,227.0,423.0,910.0,423.0,408.0
22051024500,195.0,118.0,181.0,479.0,240.0,403.0
22051024600,293.0,114.0,139.0,394.0,235.0,242.0
22051024700,292.0,139.0,217.0,514.0,236.0,300.0
22051024800,732.0,185.0,360.0,969.0,464.0,661.0
22051024900,339.0,164.0,307.0,535.0,228.0,207.0
22051025001,2293.0,916.0,1010.0,2132.0,765.0,594.0
22051025002,803.0,301.0,357.0,979.0,348.0,391.0
22051025003,1007.0,334.0,410.0,1048.0,430.0,539.0
22051025102,1062.0,351.0,452.0,1250.0,532.0,652.0
22051025103,967.0,347.0,414.0,1059.0,505.0,446.0
22051025104,1065.0,417.0,561.0,1003.0,424.0,275.0
22051025201,707.0,348.0,427.0,712.0,204.0,215.0
22051025202,1739.0,720.0,954.0,1630.0,564.0,606.0
22051025300,450.0,191.0,260.0,670.0,266.0,419.0
22051025400,1014.0,411.0,564.0,1056.0,418.0,380.0
22051025500,746.0,307.0,432.0,729.0,250.0,251.0
22051025600,333.0,155.0,215.0,456.0,154.0,186.0
22051025700,317.0,126.0,171.0,410.0,177.0,207.0
22051025800,347.0,167.0,200.0,614.0,271.0,203.0
22051025900,559.0,532.0,631.0,1039.0,361.0,390.0
22051026000,408.0,183.0,261.0,574.0,276.0,315.0
22051026100,1317.0,612.0,756.0,1235.0,449.0,513.0
22051026200,296.0,142.0,131.0,359.0,201.0,198.0
22051026300,491.0,227.0,296.0,786.0,320.0,424.0
22051026400,389.0,141.0,205.0,492.0,231.0,302.0
22051026500,303.0,98.0,160.0,461.0,255.0,746.0
22051026600,445.0,183.0,252.0,621.0,245.0,306.0
22051026700,358.0,141.0,217.0,506.0,261.0,389.0
22051026800,727.0,278.0,262.0,738.0,334.0,365.0
22051026900,980.0,337.0,363.0,863.0,375.0,516.0
22051027000,1443.0,546.0,689.0,1707.0,861.0,822.0
22051027100,552.0,236.0,272.0,812.0,367.0,394.0
22051027200,1368.0,510.0,603.0,1502.0,673.0,769.0
22051027501,2136.0,636.0,795.0,2065.0,674.0,424.0
22051027502,889.0,330.0,323.0,927.0,435.0,635.0
22051027601,1378.0,479.0,623.0,1488.0,600.0,684.0
22051027602,1312.0,411.0,423.0,969.0,391.0,369.0
22051027701,1965.0,631.0,645.0,1666.0,696.0,406.0
22051027703,1336.0,427.0,536.0,1143.0,456.0,257.0
22051027803,911.0,417.0,504.0,856.0,293.0,236.0
22051027804,2040.0,764.0,887.0,2610.0,1080.0,640.0
22051027805,2644.0,805.0,1040.0,2848.0,1038.0,691.0
22051027806,1642.0,581.0,695.0,2066.0,873.0,789.0
22051027807,2294.0,796.0,989.0,2890.0,1255.0,719.0
22051027809,2202.0,638.0,1010.0,2162.0,823.0,526.0
22051027810,1270.0,436.0,431.0,1387.0,552.0,266.0
22051027811,1115.0,390.0,364.0,1060.0,387.0,232.0
22051027812,1471.0,479.0,441.0,1288.0,428.0,158.0
22051027901,737.0,222.0,293.0,864.0,380.0,331.0
22051027902,464.0,179.0,199.0,797.0,431.0,435.0
22051028000,1459.0,453.0,750.0,1687.0,567.0,313.0
22051028100,546.0,211.0,215.0,603.0,269.0,279.0
22051028200,1149.0,416.0,533.0,1387.0,523.0,552.0
22051980000,0.0,0.0,0.0,0.0,0.0,0.0
22051990000,0.0,0.0,0.0,0.0,0.0,0.0
22051990100,0.0,0.0,0.0,0.0,0.0,0.0
22053000100,1542.0,407.0,566.0,1488.0,597.0,627.0
22053000200,1282.0,311.0,501.0,1406.0,572.0,543.0
22053000300,1431.0,405.0,577.0,1401.0,568.0,722.0
22053000400,1885.0,479.0,718.0,1915.0,818.0,902.0
22053000500,1108.0,370.0,475.0,1109.0,489.0,921.0
22053000600,1038.0,355.0,414.0,890.0,333.0,470.0
22053000700,612.0,192.0,208.0,588.0,293.0,400.0
22055000100,405.0,652.0,706.0,1133.0,312.0,190.0
22055000200,594.0,221.0,269.0,632.0,247.0,322.0
22055000500,316.0,567.0,378.0,589.0,308.0,375.0
22055000602,820.0,910.0,506.0,1031.0,456.0,618.0
22055000603,544.0,349.0,392.0,646.0,322.0,299.0
22055000604,1231.0,2005.0,1261.0,1459.0,592.0,599.0
22055000700,978.0,333.0,392.0,735.0,308.0,303.0
22055000800,835.0,304.0,335.0,838.0,371.0,360.0
22055000900,642.0,189.0,218.0,437.0,181.0,262.0
22055001001,1536.0,550.0,598.0,1488.0,469.0,465.0
22055001002,942.0,457.0,554.0,920.0,400.0,474.0
22055001003,1060.0,368.0,459.0,1195.0,554.0,558.0
22055001100,1969.0,630.0,768.0,1682.0,642.0,589.0
22055001200,2266.0,684.0,773.0,2131.0,877.0,888.0
22055001300,1221.0,398.0,495.0,1312.0,674.0,903.0
22055001401,2575.0,893.0,1054.0,2830.0,1016.0,643.0
22055001402,2089.0,525.0,1024.0,2249.0,681.0,489.0
22055001403,1142.0,506.0,557.0,1366.0,626.0,653.0
22055001404,2713.0,589.0,1243.0,2898.0,755.0,497.0
22055001405,1987.0,1042.0,1301.0,2381.0,820.0,597.0
22055001406,1156.0,886.0,944.0,1357.0,522.0,561.0
22055001407,1127.0,475.0,545.0,1538.0,855.0,861.0
22055001409,2491.0,758.0,1375.0,2797.0,966.0,924.0
22055001410,3557.0,917.0,1892.0,3719.0,1028.0,793.0
22055001411,528.0,205.0,283.0,652.0,231.0,214.0
22055001500,1083.0,661.0,575.0,1333.0,727.0,959.0
22055001600,707.0,199.0,189.0,859.0,407.0,646.0
22055001700,1596.0,570.0,630.0,1783.0,801.0,1023.0
22055001801,799.0,612.0,556.0,844.0,355.0,402.0
22055001802,735.0,1204.0,583.0,834.0,454.0,520.0
22055001901,1750.0,555.0,803.0,1859.0,590.0,507.0
22055001902,1874.0,712.0,1001.0,2162.0,780.0,729.0
22055001903,1904.0,872.0,1063.0,1614.0,509.0,342.0
22055001904,1014.0,503.0,525.0,1195.0,587.0,582.0
22055001905,1409.0,565.0,798.0,1565.0,505.0,452.0
22055002001,1648.0,519.0,667.0,1573.0,609.0,493.0
22055002002,1900.0,608.0,1008.0,1828.0,560.0,470.0
22055002101,1744.0,403.0,848.0,1428.0,498.0,385.0
22055002102,1352.0,445.0,687.0,1445.0,489.0,355.0
22055002103,1051.0,393.0,532.0,1090.0,502.0,573.0
22055002104,1560.0,476.0,583.0,1888.0,779.0,584.0
22055002200,929.0,3276.0,793.0,753.0,291.0,328.0
22055980000,0.0,0.0,0.0,0.0,0.0,0.0
22057020100,583.0,429.0,420.0,782.0,357.0,558.0
22057020202,899.0,336.0,368.0,1038.0,390.0,476.0
22057020400,541.0,254.0,221.0,568.0,237.0,374.0
22057020500,1619.0,779.0,836.0,1527.0,629.0,624.0
22057020600,544.0,191.0,233.0,632.0,282.0,388.0
22057020702,855.0,404.0,436.0,863.0,351.0,260.0
22057020703,1318.0,489.0,568.0,1590.0,636.0,615.0
22057020704,1550.0,438.0,584.0,1705.0,515.0,528.0
22057020800,903.0,315.0,373.0,1203.0,538.0,523.0
22057020900,571.0,212.0,250.0,598.0,247.0,299.0
22057021000,824.0,338.0,462.0,983.0,355.0,358.0
22057021100,2035.0,659.0,828.0,2269.0,825.0,941.0
22057021200,1205.0,432.0,523.0,1414.0,505.0,676.0
22057021300,691.0,235.0,284.0,821.0,286.0,387.0
22057021400,1078.0,350.0,474.0,1283.0,454.0,610.0
22057021500,1350.0,475.0,644.0,1507.0,551.0,668.0
22057021601,1833.0,582.0,823.0,2191.0,836.0,772.0
22057021602,939.0,297.0,384.0,1091.0,452.0,400.0
22057021700,977.0,416.0,479.0,1169.0,406.0,578.0
22057021800,1421.0,455.0,620.0,1417.0,563.0,699.0
22057021901,2010.0,663.0,1028.0,1839.0,644.0,433.0
22057021902,1001.0,389.0,464.0,1263.0,488.0,575.0
22057022000,448.0,742.0,169.0,359.0,169.0,289.0
22057990000,0.0,0.0,0.0,0.0,0.0,0.0
22059970100,1119.0,459.0,641.0,1357.0,535.0,626.0
22059970200,1426.0,568.0,702.0,1587.0,690.0,953.0
22059970300,1183.0,301.0,518.0,1213.0,566.0,624.0
22061960100,929.0,294.0,378.0,1042.0,493.0,553.0
22061960200,982.0,339.0,450.0,1148.0,600.0,510.0
22061960300,1103.0,2312.0,510.0,682.0,381.0,481.0
22061960400,863.0,1960.0,641.0,905.0,375.0,532.0
22061960500,1016.0,606.0,629.0,984.0,458.0,657.0
22061960600,1224.0,784.0,645.0,1248.0,451.0,653.0
22061960700,1470.0,432.0,642.0,1770.0,781.0,787.0
22061960800,1024.0,876.0,464.0,758.0,370.0,430.0
22061960900,822.0,582.0,325.0,561.0,241.0,283.0
22061961000,1465.0,2914.0,690.0,879.0,411.0,400.0
22063040100,2929.0,945.0,1239.0,2995.0,1187.0,1119.0
22063040201,1567.0,590.0,673.0,1728.0,607.0,543.0
22063040202,1416.0,505.0,710.0,1630.0,559.0,525.0
22063040301,2698.0,674.0,1028.0,2853.0,902.0,808.0
22063040303,3309.0,774.0,1366.0,3144.0,810.0,654.0
22063040304,1634.0,415.0,785.0,1625.0,578.0,444.0
22063040401,2026.0,636.0,888.0,2054.0,712.0,568.0
22063040402,2094.0,663.0,991.0,2137.0,697.0,721.0
22063040500,3388.0,938.0,1404.0,3430.0,1148.0,1009.0
22063040600,2528.0,778.0,1129.0,2482.0,1065.0,1122.0
22063040700,930.0,363.0,495.0,1053.0,480.0,548.0
22063040802,1542.0,502.0,696.0,1877.0,766.0,689.0
22063040804,4696.0,1342.0,2492.0,4028.0,1193.0,939.0
22063040805,1479.0,506.0,702.0,1410.0,515.0,533.0
22063040806,1839.0,525.0,755.0,2021.0,789.0,852.0
22063040901,1808.0,602.0,784.0,2115.0,893.0,899.0
22063040902,1250.0,431.0,534.0,1740.0,881.0,698.0
22065960100,439.0,134.0,190.0,527.0,316.0,371.0
22065960200,673.0,390.0,725.0,928.0,363.0,337.0
22065960300,891.0,325.0,429.0,870.0,299.0,266.0
22065960400,581.0,167.0,156.0,423.0,145.0,152.0
22065960500,602.0,185.0,217.0,583.0,247.0,308.0
22067950100,469.0,102.0,192.0,544.0,274.0,308.0
22067950200,1405.0,421.0,543.0,1471.0,772.0,879.0
22067950300,621.0,182.0,240.0,724.0,361.0,475.0
22067950400,1162.0,362.0,429.0,957.0,374.0,318.0
22067950500,1228.0,411.0,557.0,1142.0,475.0,724.0
22067950600,684.0,214.0,280.0,760.0,503.0,591.0
22067950700,670.0,300.0,419.0,981.0,492.0,512.0
22067950800,1059.0,370.0,403.0,975.0,445.0,503.0
22069000100,568.0,166.0,219.0,644.0,373.0,456.0
22069000200,920.0,291.0,385.0,926.0,437.0,435.0
22069000300,1011.0,348.0,412.0,1193.0,686.0,714.0
22069000400,1352.0,519.0,494.0,913.0,437.0,456.0
22069000500,909.0,363.0,423.0,1002.0,525.0,900.0
22069000600,2298.0,2339.0,1047.0,1577.0,578.0,673.0
22069000700,974.0,1010.0,398.0,712.0,382.0,310.0
22069000800,1132.0,421.0,472.0,1203.0,614.0,668.0
22069000900,1244.0,382.0,424.0,1327.0,627.0,717.0
22071000100,409.0,182.0,420.0,859.0,379.0,260.0
22071000200,342.0,105.0,126.0,371.0,133.0,138.0
22071000300,352.0,125.0,141.0,332.0,144.0,149.0
22071000400,662.0,193.0,291.0,712.0,268.0,232.0
22071000601,354.0,104.0,68.0,155.0,84.0,92.0
22071000602,726.0,245.0,273.0,671.0,313.0,330.0
22071000603,527.0,187.0,227.0,437.0,137.0,114.0
22071000604,1125.0,411.0,458.0,1128.0,460.0,400.0
22071000605,594.0,348.0,275.0,584.0,208.0,220.0
22071000606,1096.0,321.0,365.0,1402.0,583.0,625.0
22071000607,895.0,273.0,332.0,1135.0,509.0,603.0
22071000611,1110.0,450.0,404.0,1036.0,474.0,577.0
22071000612,510.0,83.0,95.0,640.0,268.0,181.0
22071000613,1079.0,424.0,412.0,749.0,495.0,622.0
22071000615,1010.0,608.0,667.0,1113.0,356.0,312.0
22071000616,1397.0,483.0,566.0,1258.0,473.0,595.0
22071000617,1062.0,817.0,839.0,1108.0,363.0,197.0
22071000618,1014.0,299.0,350.0,1137.0,618.0,438.0
22071000701,152.0,70.0,47.0,156.0,58.0,90.0
22071000702,353.0,159.0,155.0,361.0,173.0,114.0
22071000800,415.0,136.0,186.0,374.0,189.0,137.0
22071000901,152.0,59.0,62.0,172.0,88.0,89.0
22071000902,88.0,29.0,38.0,87.0,40.0,43.0
22071000903,130.0,55.0,53.0,140.0,64.0,67.0
22071000904,221.0,72.0,74.0,241.0,114.0,117.0
22071001100,272.0,163.0,288.0,586.0,225.0,148.0
22071001200,130.0,179.0,340.0,664.0,246.0,148.0
22071001301,467.0,258.0,285.0,573.0,254.0,338.0
22071001302,321.0,116.0,117.0,322.0,124.0,125.0
22071001401,358.0,114.0,139.0,319.0,167.0,214.0
22071001402,434.0,174.0,166.0,453.0,212.0,273.0
22071001500,221.0,123.0,123.0,261.0,110.0,102.0
22071001600,3.0,1.0,1.0,0.0,1.0,0.0
22071001701,381.0,104.0,146.0,353.0,191.0,320.0
22071001702,712.0,299.0,411.0,759.0,403.0,275.0
22071001720,1102.0,360.0,461.0,869.0,390.0,278.0
22071001722,1097.0,423.0,435.0,1014.0,463.0,559.0
22071001723,1199.0,410.0,450.0,1219.0,581.0,391.0
22071001724,1232.0,428.0,533.0,1164.0,448.0,460.0
22071001725,1723.0,643.0,697.0,1518.0,763.0,609.0
22071001730,261.0,87.0,88.0,282.0,82.0,46.0
22071001734,163.0,48.0,79.0,275.0,155.0,180.0
22071001735,734.0,334.0,312.0,528.0,220.0,150.0
22071001736,588.0,276.0,233.0,404.0,186.0,85.0
22071001737,758.0,358.0,290.0,689.0,221.0,175.0
22071001739,362.0,183.0,154.0,364.0,242.0,145.0
22071001740,1110.0,612.0,618.0,1042.0,531.0,265.0
22071001741,389.0,139.0,173.0,401.0,174.0,119.0
22071001743,592.0,309.0,316.0,505.0,190.0,112.0
22071001744,1529.0,493.0,637.0,918.0,293.0,169.0
22071001745,962.0,371.0,369.0,946.0,441.0,230.0
22071001746,1423.0,440.0,507.0,1095.0,526.0,356.0
22071001747,878.0,386.0,308.0,1107.0,569.0,290.0
22071001748,1073.0,385.0,418.0,1117.0,484.0,335.0
22071001749,706.0,303.0,348.0,744.0,240.0,207.0
22071001750,943.0,397.0,445.0,897.0,319.0,335.0
22071001751,158.0,108.0,135.0,231.0,83.0,135.0
22071001800,72.0,148.0,270.0,546.0,230.0,143.0
22071001900,340.0,194.0,221.0,458.0,172.0,232.0
22071002000,390.0,153.0,133.0,365.0,151.0,140.0
22071002100,279.0,82.0,94.0,217.0,94.0,97.0
22071002200,320.0,138.0,102.0,264.0,127.0,120.0
22071002300,415.0,178.0,226.0,511.0,257.0,255.0
22071002401,352.0,151.0,195.0,483.0,226.0,231.0
22071002402,754.0,292.0,316.0,876.0,377.0,272.0
22071002501,387.0,178.0,208.0,470.0,210.0,139.0
22071002502,482.0,192.0,219.0,496.0,249.0,209.0
22071002503,369.0,154.0,161.0,514.0,219.0,189.0
22071002504,537.0,191.0,238.0,643.0,334.0,237.0
22071002600,69.0,137.0,294.0,539.0,261.0,317.0
22071002700,403.0,192.0,214.0,397.0,155.0,136.0
22071002800,402.0,178.0,150.0,381.0,132.0,197.0
22071002900,333.0,128.0,154.0,322.0,135.0,102.0
22071003000,367.0,107.0,114.0,276.0,106.0,143.0
22071003100,275.0,96.0,105.0,342.0,141.0,135.0
22071003301,332.0,208.0,235.0,465.0,197.0,165.0
22071003302,667.0,232.0,253.0,715.0,416.0,391.0
22071003303,428.0,384.0,274.0,432.0,157.0,110.0
22071003304,501.0,243.0,246.0,426.0,191.0,154.0
22071003307,244.0,112.0,113.0,285.0,192.0,250.0
22071003308,654.0,498.0,278.0,738.0,408.0,635.0
22071003400,227.0,126.0,170.0,403.0,162.0,150.0
22071003500,281.0,148.0,126.0,365.0,158.0,165.0
22071003600,403.0,156.0,177.0,429.0,168.0,173.0
22071003701,275.0,155.0,202.0,499.0,288.0,326.0
22071003702,717.0,336.0,489.0,1072.0,488.0,424.0
22071003800,30.0,96.0,220.0,505.0,326.0,327.0
22071003900,157.0,130.0,193.0,420.0,202.0,111.0
22071004000,382.0,182.0,222.0,587.0,247.0,263.0
22071004100,191.0,110.0,264.0,473.0,258.0,151.0
22071004401,263.0,113.0,144.0,349.0,140.0,103.0
22071004402,0.0,0.0,0.0,0.0,0.0,0.0
22071004500,486.0,271.0,335.0,644.0,195.0,198.0
22071004600,355.0,278.0,529.0,923.0,399.0,268.0
22071004800,443.0,141.0,135.0,347.0,112.0,74.0
22071004900,435.0,247.0,290.0,560.0,192.0,126.0
22071005000,259.0,220.0,246.0,368.0,105.0,60.0
22071005400,279.0,211.0,455.0,643.0,221.0,139.0
22071005500,372.0,325.0,535.0,661.0,262.0,176.0
22071005601,396.0,209.0,297.0,537.0,226.0,171.0
22071005602,516.0,181.0,396.0,606.0,221.0,181.0
22071005603,262.0,165.0,259.0,357.0,132.0,98.0
22071005604,292.0,123.0,216.0,396.0,155.0,86.0
22071006000,364.0,511.0,419.0,437.0,97.0,33.0
22071006300,391.0,241.0,321.0,604.0,140.0,103.0
22071006400,548.0,331.0,497.0,740.0,255.0,175.0
22071006500,509.0,320.0,472.0,698.0,238.0,182.0
22071006900,230.0,90.0,112.0,225.0,94.0,68.0
22071007000,347.0,876.0,78.0,179.0,81.0,85.0
22071007101,380.0,314.0,302.0,496.0,163.0,140.0
22071007200,515.0,298.0,288.0,532.0,228.0,152.0
22071007501,520.0,175.0,211.0,513.0,253.0,344.0
22071007502,647.0,251.0,267.0,613.0,255.0,369.0
22071007604,448.0,89.0,152.0,506.0,226.0,236.0
22071007605,368.0,136.0,160.0,279.0,150.0,188.0
22071007606,541.0,466.0,598.0,847.0,354.0,377.0
22071007700,155.0,505.0,815.0,742.0,224.0,115.0
22071007800,141.0,135.0,341.0,399.0,130.0,73.0
22071008200,95.0,180.0,427.0,464.0,166.0,249.0
22071008300,164.0,116.0,236.0,329.0,130.0,170.0
22071008400,136.0,235.0,227.0,295.0,114.0,96.0
22071008500,281.0,147.0,129.0,282.0,123.0,155.0
22071008600,192.0,86.0,114.0,285.0,121.0,114.0
22071008800,218.0,274.0,434.0,520.0,140.0,137.0
22071009000,206.0,167.0,387.0,527.0,318.0,357.0
22071009100,308.0,254.0,322.0,589.0,274.0,225.0
22071009200,306.0,111.0,120.0,284.0,149.0,147.0
22071009400,330.0,114.0,121.0,290.0,85.0,110.0
22071009600,235.0,136.0,303.0,458.0,166.0,134.0
22071009700,198.0,153.0,227.0,418.0,160.0,162.0
22071009900,278.0,389.0,659.0,858.0,348.0,511.0
22071010000,341.0,202.0,238.0,442.0,178.0,158.0
22071010100,298.0,346.0,377.0,575.0,247.0,255.0
22071010200,447.0,213.0,222.0,451.0,185.0,171.0
22071010300,593.0,229.0,280.0,561.0,279.0,281.0
22071010600,152.0,144.0,248.0,400.0,162.0,228.0
22071010700,220.0,265.0,385.0,549.0,202.0,174.0
22071010800,253.0,157.0,274.0,423.0,182.0,153.0
22071010900,446.0,420.0,480.0,794.0,356.0,347.0
22071011100,427.0,223.0,277.0,462.0,184.0,164.0
22071011200,235.0,192.0,276.0,339.0,149.0,107.0
22071011400,327.0,172.0,363.0,612.0,233.0,206.0
22071011500,249.0,115.0,244.0,420.0,242.0,258.0
22071011600,289.0,116.0,201.0,419.0,178.0,261.0
22071011700,640.0,356.0,264.0,779.0,453.0,465.0
22071011900,240.0,609.0,305.0,352.0,148.0,110.0
22071012000,243.0,233.0,195.0,376.0,222.0,238.0
22071012101,337.0,1448.0,324.0,453.0,174.0,145.0
22071012102,784.0,2504.0,149.0,199.0,121.0,138.0
22071012200,357.0,335.0,390.0,536.0,192.0,180.0
22071012300,449.0,246.0,331.0,511.0,211.0,171.0
22071012400,361.0,204.0,229.0,469.0,206.0,166.0
22071012500,224.0,278.0,326.0,438.0,195.0,296.0
22071012600,283.0,499.0,404.0,466.0,177.0,141.0
22071012700,362.0,411.0,380.0,634.0,292.0,257.0
22071012800,314.0,312.0,445.0,594.0,245.0,283.0
22071012900,184.0,165.0,281.0,416.0,200.0,182.0
22071013000,307.0,174.0,222.0,428.0,206.0,177.0
22071013100,433.0,147.0,180.0,349.0,158.0,173.0
22071013200,549.0,309.0,335.0,701.0,322.0,268.0
22071013301,764.0,215.0,270.0,1033.0,608.0,590.0
22071013302,459.0,606.0,207.0,530.0,316.0,365.0
22071013400,72.0,464.0,495.0,689.0,308.0,283.0
22071013500,56.0,184.0,386.0,846.0,508.0,399.0
22071013600,178.0,105.0,147.0,292.0,127.0,89.0
22071013700,689.0,214.0,248.0,458.0,243.0,181.0
22071013800,278.0,114.0,93.0,219.0,134.0,139.0
22071013900,122.0,181.0,289.0,546.0,193.0,215.0
22071014000,445.0,127.0,156.0,351.0,268.0,261.0
22071014100,618.0,316.0,395.0,484.0,208.0,177.0
22071014200,258.0,225.0,327.0,527.0,198.0,176.0
22071014300,255.0,97.0,85.0,239.0,142.0,134.0
22071014400,245.0,170.0,308.0,485.0,216.0,172.0
22071014500,191.0,903.0,820.0,1091.0,115.0,9.0
22071980000,0.0,0.0,0.0,0.0,0.0,4.0
22071980100,1.0,0.0,1.0,2.0,0.0,0.0
22071990000,0.0,0.0,0.0,0.0,0.0,0.0
22073000100,1023.0,628.0,735.0,1223.0,544.0,723.0
22073000200,1187.0,445.0,654.0,1404.0,667.0,1050.0
22073000401,451.0,1100.0,218.0,360.0,158.0,130.0
22073000402,732.0,1194.0,398.0,588.0,187.0,128.0
22073000500,851.0,455.0,408.0,792.0,302.0,477.0
22073000600,1444.0,357.0,410.0,832.0,342.0,512.0
22073000700,668.0,182.0,215.0,472.0,179.0,250.0
22073000900,564.0,166.0,167.0,302.0,147.0,116.0
22073001100,1130.0,290.0,363.0,729.0,318.0,314.0
22073001400,791.0,269.0,328.0,706.0,223.0,241.0
22073001500,752.0,197.0,248.0,497.0,146.0,103.0
22073001700,693.0,313.0,295.0,745.0,418.0,526.0
22073005100,373.0,183.0,194.0,512.0,250.0,383.0
22073005201,953.0,264.0,292.0,1210.0,466.0,380.0
22073005203,795.0,236.0,372.0,810.0,371.0,500.0
22073005204,1670.0,401.0,641.0,1755.0,527.0,588.0
22073005301,1857.0,590.0,872.0,1867.0,641.0,643.0
22073005302,1137.0,604.0,704.0,1299.0,672.0,1246.0
22073005400,478.0,240.0,290.0,510.0,239.0,299.0
22073005500,823.0,440.0,460.0,800.0,358.0,513.0
22073005800,706.0,294.0,320.0,738.0,298.0,440.0
22073005900,780.0,313.0,361.0,826.0,320.0,333.0
22073010101,1341.0,404.0,548.0,1389.0,543.0,518.0
22073010102,1900.0,655.0,800.0,1573.0,647.0,525.0
22073010201,1427.0,912.0,858.0,1424.0,581.0,919.0
22073010202,1673.0,428.0,667.0,1889.0,716.0,792.0
22073010301,812.0,339.0,362.0,896.0,496.0,581.0
22073010302,1227.0,320.0,488.0,1098.0,393.0,379.0
22073010400,2599.0,691.0,982.0,2838.0,1027.0,1107.0
22073010502,1145.0,292.0,436.0,1297.0,563.0,546.0
22073010503,498.0,130.0,216.0,584.0,235.0,174.0
22073010504,2437.0,725.0,1038.0,2591.0,1069.0,1069.0
22073010603,1555.0,963.0,1024.0,1814.0,684.0,416.0
22073010604,450.0,148.0,171.0,552.0,311.0,265.0
22073010700,1006.0,307.0,310.0,643.0,256.0,254.0
22073010800,424.0,149.0,207.0,522.0,289.0,346.0
22073010900,1512.0,470.0,481.0,1295.0,611.0,360.0
22073011000,2001.0,485.0,568.0,1010.0,452.0,479.0
22073011100,1093.0,388.0,481.0,862.0,311.0,295.0
22073980000,2.0,0.0,0.0,1.0,0.0,0.0
22075050100,472.0,167.0,184.0,574.0,265.0,304.0
22075050200,2384.0,575.0,836.0,2693.0,960.0,921.0
22075050300,1490.0,466.0,775.0,1173.0,281.0,297.0
22075050400,1015.0,283.0,294.0,1182.0,431.0,535.0
22075050500,404.0,134.0,162.0,406.0,173.0,164.0
22075050600,250.0,93.0,91.0,293.0,156.0,120.0
22075050700,329.0,95.0,127.0,364.0,149.0,108.0
22075050800,295.0,104.0,134.0,333.0,149.0,128.0
22075990000,0.0,0.0,0.0,0.0,0.0,0.0
22077951900,1658.0,456.0,572.0,1537.0,757.0,771.0
22077952000,678.0,223.0,234.0,662.0,359.0,348.0
22077952100,1118.0,394.0,466.0,1401.0,692.0,736.0
22077952200,703.0,203.0,322.0,974.0,665.0,656.0
22077952300,389.0,139.0,204.0,439.0,269.0,450.0
22077952400,1225.0,347.0,482.0,1381.0,543.0,573.0
22079010100,2732.0,689.0,1013.0,2741.0,1087.0,1120.0
22079010300,1487.0,489.0,641.0,1390.0,575.0,700.0
22079010400,590.0,149.0,233.0,717.0,368.0,348.0
22079010500,2044.0,624.0,786.0,1778.0,703.0,728.0
22079010600,1213.0,355.0,509.0,1548.0,661.0,710.0
22079010700,1173.0,365.0,534.0,1452.0,600.0,503.0
22079011000,1130.0,278.0,427.0,774.0,260.0,185.0
22079011300,580.0,197.0,252.0,664.0,324.0,365.0
22079011500,1943.0,706.0,924.0,1929.0,933.0,1275.0
22079011600,481.0,460.0,326.0,574.0,272.0,364.0
22079011700,630.0,456.0,291.0,705.0,260.0,271.0
22079012000,561.0,160.0,210.0,550.0,288.0,225.0
22079012100,994.0,308.0,452.0,932.0,359.0,263.0
22079012200,1201.0,341.0,487.0,957.0,466.0,457.0
22079012301,1536.0,360.0,664.0,1746.0,623.0,747.0
22079012302,784.0,276.0,317.0,967.0,483.0,1047.0
22079012400,929.0,328.0,421.0,1091.0,412.0,615.0
22079012500,1834.0,535.0,730.0,1759.0,785.0,806.0
22079012600,460.0,157.0,217.0,558.0,284.0,571.0
22079012700,1120.0,287.0,331.0,660.0,364.0,332.0
22079012800,294.0,98.0,108.0,299.0,169.0,165.0
22079012900,842.0,248.0,256.0,641.0,275.0,388.0
22079013000,652.0,168.0,270.0,645.0,340.0,422.0
22079013100,766.0,271.0,307.0,744.0,368.0,390.0
22079013200,2394.0,604.0,973.0,2494.0,986.0,906.0
22079013300,1437.0,460.0,484.0,1471.0,715.0,770.0
22079013400,748.0,202.0,276.0,924.0,424.0,387.0
22079013500,1690.0,548.0,705.0,1698.0,786.0,881.0
22079013600,885.0,235.0,321.0,840.0,362.0,431.0
22079013700,964.0,480.0,758.0,1292.0,455.0,461.0
22079013800,997.0,478.0,767.0,1083.0,426.0,742.0
22079013900,767.0,331.0,377.0,908.0,349.0,435.0
22079980000,0.0,1.0,0.0,1.0,2.0,2.0
22081960100,1201.0,390.0,536.0,1369.0,663.0,841.0
22081960300,1234.0,402.0,451.0,1104.0,473.0,545.0
22083970100,949.0,245.0,354.0,827.0,344.0,395.0
22083970200,550.0,155.0,210.0,597.0,322.0,345.0
22083970300,743.0,254.0,323.0,865.0,423.0,486.0
22083970400,727.0,356.0,586.0,1086.0,390.0,344.0
22083970500,1434.0,465.0,502.0,1249.0,525.0,753.0
22083970600,1165.0,307.0,422.0,1130.0,515.0,661.0
22085000100,874.0,267.0,357.0,868.0,342.0,499.0
22085000200,850.0,265.0,301.0,931.0,588.0,741.0
22085000300,751.0,212.0,231.0,589.0,243.0,246.0
22085000400,1308.0,376.0,515.0,1332.0,645.0,713.0
22085000500,879.0,324.0,431.0,847.0,392.0,611.0
22085000600,1107.0,299.0,405.0,1109.0,510.0,598.0
22085000700,521.0,171.0,183.0,725.0,579.0,771.0
22087030103,1095.0,395.0,447.0,1273.0,510.0,462.0
22087030104,446.0,165.0,185.0,554.0,226.0,225.0
22087030105,50.0,32.0,21.0,111.0,80.0,76.0
22087030203,593.0,286.0,355.0,781.0,296.0,333.0
22087030204,1147.0,403.0,417.0,1075.0,416.0,261.0
22087030206,459.0,204.0,244.0,446.0,164.0,116.0
22087030207,780.0,353.0,485.0,722.0,266.0,201.0
22087030208,802.0,284.0,413.0,742.0,237.0,103.0
22087030209,822.0,340.0,380.0,917.0,324.0,264.0
22087030300,320.0,175.0,198.0,390.0,170.0,126.0
22087030400,266.0,163.0,220.0,384.0,128.0,140.0
22087030500,316.0,142.0,170.0,389.0,106.0,133.0
22087030601,298.0,109.0,143.0,259.0,74.0,57.0
22087030602,576.0,258.0,324.0,617.0,219.0,234.0
22087030603,520.0,248.0,276.0,356.0,68.0,29.0
22087030700,338.0,183.0,198.0,422.0,184.0,207.0
22087030800,875.0,485.0,496.0,914.0,345.0,321.0
22087990000,0.0,0.0,0.0,0.0,0.0,0.0
22089060100,612.0,140.0,246.0,681.0,158.0,125.0
22089062100,1738.0,582.0,789.0,1884.0,595.0,405.0
22089062200,720.0,192.0,263.0,759.0,290.0,333.0
22089062301,1898.0,501.0,674.0,2144.0,800.0,432.0
22089062302,1284.0,396.0,460.0,1596.0,640.0,516.0
22089062400,450.0,162.0,187.0,418.0,160.0,195.0
22089062500,805.0,237.0,360.0,909.0,306.0,423.0
22089062700,1212.0,493.0,616.0,1493.0,532.0,475.0
22089062800,1513.0,408.0,628.0,1363.0,486.0,388.0
22089062900,595.0,179.0,310.0,787.0,286.0,427.0
22089063000,311.0,112.0,162.0,416.0,174.0,161.0
22089063100,2173.0,496.0,779.0,2540.0,900.0,687.0
22089063200,1624.0,485.0,653.0,1800.0,668.0,668.0
22091951100,907.0,392.0,375.0,1114.0,607.0,686.0
22091951200,2014.0,663.0,758.0,1916.0,960.0,894.0
22093040100,1073.0,350.0,398.0,1107.0,394.0,519.0
22093040200,929.0,306.0,384.0,933.0,499.0,608.0
22093040300,1036.0,280.0,380.0,1083.0,368.0,274.0
22093040400,663.0,269.0,285.0,718.0,356.0,304.0
22093040500,598.0,224.0,233.0,568.0,291.0,255.0
22093040600,818.0,299.0,344.0,748.0,380.0,357.0
22093040700,914.0,298.0,362.0,1118.0,460.0,524.0
22095070100,633.0,237.0,219.0,949.0,400.0,276.0
22095070200,2418.0,650.0,962.0,2301.0,727.0,385.0
22095070300,1762.0,501.0,739.0,1902.0,743.0,701.0
22095070400,1209.0,377.0,401.0,1427.0,638.0,377.0
22095070500,1930.0,627.0,835.0,1974.0,618.0,339.0
22095070600,758.0,313.0,310.0,787.0,332.0,338.0
22095070700,1025.0,347.0,500.0,1208.0,530.0,774.0
22095070800,792.0,267.0,302.0,668.0,278.0,266.0
22095070900,943.0,327.0,434.0,746.0,316.0,387.0
22095071000,696.0,290.0,322.0,826.0,350.0,377.0
22095071100,872.0,321.0,351.0,901.0,468.0,516.0
22097960100,633.0,167.0,224.0,661.0,301.0,394.0
22097960200,1181.0,308.0,373.0,1210.0,488.0,635.0
22097960300,1089.0,379.0,415.0,1117.0,464.0,578.0
22097960400,667.0,157.0,247.0,645.0,300.0,319.0
22097960500,1346.0,384.0,526.0,1513.0,625.0,642.0
22097960600,1835.0,604.0,664.0,1791.0,829.0,836.0
22097960700,1602.0,416.0,622.0,1507.0,687.0,707.0
22097960800,1036.0,283.0,376.0,999.0,535.0,563.0
22097960900,1157.0,468.0,432.0,984.0,476.0,569.0
22097961000,593.0,240.0,284.0,487.0,238.0,423.0
22097961100,976.0,365.0,376.0,847.0,372.0,527.0
22097961200,1476.0,355.0,577.0,1434.0,569.0,544.0
22097961300,1598.0,498.0,553.0,1180.0,422.0,438.0
22097961400,1291.0,390.0,446.0,1114.0,494.0,723.0
22097961500,1233.0,356.0,428.0,1080.0,561.0,888.0
22097961600,1398.0,429.0,457.0,1112.0,404.0,449.0
22097961700,1876.0,673.0,702.0,2052.0,925.0,1106.0
22097961800,1846.0,535.0,852.0,2095.0,853.0,733.0
22097961900,1068.0,309.0,350.0,974.0,441.0,378.0
22099020100,1350.0,411.0,550.0,1617.0,615.0,641.0
22099020200,2169.0,632.0,888.0,2193.0,809.0,732.0
22099020301,1181.0,315.0,460.0,1361.0,475.0,423.0
22099020302,2173.0,787.0,946.0,2253.0,798.0,770.0
22099020400,1808.0,533.0,742.0,1749.0,753.0,779.0
22099020501,1749.0,687.0,773.0,1715.0,597.0,634.0
22099020502,997.0,289.0,430.0,922.0,390.0,473.0
22099020600,1520.0,537.0,561.0,1666.0,765.0,757.0
22099020800,783.0,250.0,333.0,891.0,365.0,392.0
22099020900,465.0,179.0,226.0,568.0,251.0,264.0
22099021000,297.0,80.0,127.0,472.0,261.0,221.0
22101040100,827.0,357.0,404.0,878.0,300.0,289.0
22101040200,1244.0,363.0,516.0,1431.0,603.0,886.0
22101040300,845.0,347.0,393.0,956.0,379.0,369.0
22101040400,1008.0,427.0,463.0,1161.0,486.0,562.0
22101040500,1487.0,435.0,543.0,1523.0,526.0,526.0
22101040600,1214.0,445.0,522.0,1481.0,516.0,629.0
22101040700,985.0,358.0,426.0,1115.0,469.0,493.0
22101040800,1408.0,401.0,581.0,1342.0,478.0,419.0
22101040900,877.0,325.0,442.0,1095.0,384.0,395.0
22101041000,1104.0,370.0,434.0,1290.0,517.0,509.0
22101041100,513.0,182.0,177.0,533.0,242.0,263.0
22101041200,622.0,200.0,226.0,600.0,261.0,277.0
22101041300,543.0,159.0,187.0,560.0,258.0,415.0
22101041400,918.0,294.0,337.0,993.0,412.0,477.0
22101041500,519.0,172.0,194.0,557.0,301.0,266.0
22101041600,613.0,194.0,224.0,512.0,245.0,277.0
22101990000,0.0,0.0,0.0,0.0,0.0,0.0
22103040102,2300.0,641.0,955.0,2867.0,1292.0,1137.0
22103040103,1092.0,330.0,461.0,1343.0,638.0,627.0
22103040104,1439.0,366.0,550.0,1836.0,1129.0,1023.0
22103040201,2313.0,553.0,940.0,2432.0,1176.0,1063.0
22103040202,1529.0,546.0,581.0,1964.0,1084.0,1158.0
22103040303,2464.0,591.0,766.0,2753.0,1013.0,1296.0
22103040304,1646.0,295.0,281.0,1870.0,1196.0,1226.0
22103040305,3202.0,508.0,1301.0,3510.0,1159.0,945.0
22103040400,1947.0,393.0,803.0,2138.0,1036.0,889.0
22103040501,1025.0,320.0,419.0,854.0,370.0,378.0
22103040502,921.0,261.0,392.0,947.0,538.0,598.0
22103040601,478.0,79.0,73.0,541.0,306.0,589.0
22103040602,532.0,177.0,254.0,720.0,422.0,452.0
22103040604,2128.0,675.0,1341.0,2371.0,850.0,932.0
22103040605,1796.0,349.0,504.0,2058.0,840.0,755.0
22103040701,2231.0,608.0,1001.0,2617.0,1027.0,891.0
22103040704,1674.0,555.0,697.0,1940.0,756.0,736.0
22103040705,1675.0,543.0,762.0,1834.0,709.0,599.0
22103040706,1542.0,442.0,588.0,1688.0,864.0,767.0
22103040708,1728.0,356.0,421.0,2003.0,965.0,633.0
22103040709,1101.0,277.0,357.0,1368.0,577.0,630.0
22103040710,1845.0,384.0,614.0,1933.0,619.0,549.0
22103040801,1333.0,477.0,663.0,1292.0,433.0,514.0
22103040802,1235.0,417.0,578.0,2159.0,1284.0,1041.0
22103040803,2760.0,919.0,1288.0,2846.0,1009.0,659.0
22103040900,704.0,320.0,347.0,714.0,310.0,383.0
22103041002,597.0,177.0,310.0,743.0,416.0,602.0
22103041003,1382.0,388.0,574.0,1516.0,748.0,722.0
22103041004,1136.0,314.0,440.0,1319.0,592.0,876.0
22103041101,1024.0,315.0,557.0,1104.0,467.0,404.0
22103041102,1873.0,597.0,755.0,2035.0,917.0,837.0
22103041103,1013.0,364.0,471.0,945.0,369.0,360.0
22103041104,838.0,303.0,406.0,855.0,407.0,402.0
22103041202,581.0,217.0,252.0,744.0,452.0,436.0
22103041204,2153.0,658.0,917.0,2562.0,1324.0,1270.0
22103041207,1193.0,279.0,370.0,1377.0,526.0,412.0
22103041208,1612.0,175.0,190.0,1735.0,547.0,306.0
22103041209,1451.0,287.0,439.0,1730.0,560.0,566.0
22103041210,671.0,188.0,292.0,771.0,239.0,225.0
22103041211,1973.0,242.0,647.0,2113.0,549.0,605.0
22103041212,1394.0,154.0,349.0,1479.0,277.0,194.0
22103041300,1567.0,475.0,629.0,1965.0,1028.0,941.0
22103990000,0.0,0.0,0.0,0.0,0.0,0.0
22105953200,896.0,238.0,289.0,845.0,309.0,384.0
22105953300,1222.0,363.0,483.0,1091.0,562.0,552.0
22105953400,1622.0,578.0,854.0,1672.0,770.0,786.0
22105953500,1883.0,615.0,732.0,2108.0,1042.0,931.0
22105953600,1925.0,611.0,740.0,1558.0,640.0,648.0
22105953700,2946.0,832.0,1121.0,3106.0,1357.0,1141.0
22105953800,1341.0,415.0,568.0,1389.0,590.0,641.0
22105953900,2514.0,1464.0,1449.0,2216.0,894.0,801.0
22105954001,926.0,1556.0,428.0,814.0,339.0,359.0
22105954002,1444.0,615.0,736.0,1586.0,751.0,652.0
22105954101,1328.0,727.0,721.0,1378.0,617.0,579.0
22105954102,2818.0,933.0,1102.0,3028.0,1270.0,1026.0
22105954200,1070.0,1916.0,420.0,679.0,344.0,323.0
22105954300,1179.0,425.0,498.0,851.0,489.0,609.0
22105954400,1031.0,589.0,572.0,875.0,398.0,419.0
22105954501,1394.0,573.0,715.0,1305.0,598.0,782.0
22105954502,1800.0,837.0,901.0,1838.0,688.0,780.0
22105954600,2793.0,949.0,1342.0,2902.0,1223.0,1130.0
22105954700,1125.0,348.0,459.0,1302.0,638.0,511.0
22105954800,1446.0,454.0,677.0,1481.0,604.0,749.0
22107000100,471.0,139.0,150.0,442.0,291.0,379.0
22107000200,294.0,86.0,102.0,349.0,189.0,227.0
22107000300,628.0,149.0,213.0,560.0,329.0,302.0
22109000101,1741.0,918.0,841.0,1786.0,666.0,605.0
22109000102,1245.0,402.0,467.0,1211.0,443.0,356.0
22109000201,986.0,357.0,437.0,1009.0,325.0,344.0
22109000202,2071.0,776.0,1021.0,2078.0,708.0,636.0
22109000300,1095.0,593.0,742.0,1314.0,556.0,655.0
22109000401,1437.0,532.0,825.0,1307.0,465.0,599.0
22109000402,1001.0,353.0,505.0,1080.0,359.0,486.0
22109000500,1365.0,531.0,742.0,1606.0,689.0,959.0
22109000600,1877.0,709.0,857.0,1777.0,698.0,627.0
22109000700,1779.0,656.0,720.0,1616.0,655.0,692.0
22109000800,1656.0,731.0,797.0,1692.0,697.0,841.0
22109000900,1258.0,514.0,655.0,1397.0,602.0,693.0
22109001000,1664.0,582.0,678.0,1788.0,740.0,720.0
22109001100,1072.0,347.0,363.0,1118.0,430.0,438.0
22109001201,830.0,268.0,283.0,911.0,353.0,388.0
22109001202,1093.0,365.0,452.0,1165.0,417.0,559.0
22109001300,2292.0,937.0,1096.0,2202.0,785.0,492.0
22109001400,959.0,331.0,431.0,949.0,423.0,413.0
22109001500,1950.0,471.0,742.0,2109.0,866.0,712.0
22109001600,772.0,305.0,306.0,932.0,405.0,415.0
22109001700,2594.0,602.0,954.0,3203.0,1116.0,936.0
22109990000,0.0,0.0,0.0,0.0,0.0,0.0
22111960100,1090.0,385.0,430.0,1133.0,568.0,665.0
22111960200,949.0,278.0,382.0,991.0,491.0,659.0
22111960300,719.0,219.0,275.0,742.0,469.0,552.0
22111960400,991.0,442.0,448.0,962.0,354.0,561.0
22111960500,1003.0,318.0,488.0,1343.0,728.0,780.0
22111960600,781.0,275.0,372.0,1040.0,521.0,533.0
22113950100,2681.0,792.0,1224.0,2801.0,933.0,904.0
22113950200,1306.0,388.0,563.0,1482.0,632.0,760.0
22113950400,1331.0,468.0,581.0,1476.0,582.0,909.0
22113950500,1618.0,456.0,647.0,1787.0,666.0,636.0
22113950600,768.0,256.0,327.0,856.0,392.0,493.0
22113950700,1114.0,358.0,457.0,1144.0,478.0,525.0
22113950800,1604.0,506.0,614.0,1217.0,529.0,619.0
22113950901,741.0,243.0,322.0,856.0,428.0,511.0
22113950902,2416.0,680.0,992.0,2199.0,796.0,907.0
22113951001,1275.0,382.0,522.0,1255.0,420.0,553.0
22113951002,998.0,344.0,371.0,1104.0,459.0,463.0
22113951100,406.0,106.0,180.0,494.0,183.0,228.0
22113990000,0.0,0.0,0.0,0.0,0.0,0.0
22115950100,1309.0,380.0,560.0,1584.0,776.0,904.0
22115950200,1477.0,329.0,538.0,1549.0,651.0,736.0
22115950300,1249.0,375.0,457.0,1361.0,573.0,666.0
22115950400,988.0,442.0,500.0,941.0,384.0,496.0
22115950500,1716.0,718.0,887.0,1795.0,671.0,602.0
22115950600,882.0,567.0,710.0,989.0,339.0,267.0
22115950701,71.0,1431.0,353.0,104.0,2.0,0.0
22115950702,1788.0,629.0,768.0,385.0,14.0,5.0
22115950703,856.0,974.0,774.0,304.0,6.0,0.0
22115950704,1575.0,538.0,650.0,852.0,18.0,5.0
22115950800,1375.0,483.0,621.0,1286.0,539.0,561.0
22115950900,1928.0,560.0,922.0,1944.0,684.0,687.0
22117950101,811.0,371.0,583.0,1460.0,472.0,421.0
22117950102,1132.0,309.0,435.0,1166.0,524.0,566.0
22117950200,1743.0,516.0,675.0,1768.0,708.0,766.0
22117950300,1365.0,355.0,442.0,1132.0,549.0,591.0
22117950400,1083.0,266.0,415.0,1108.0,536.0,578.0
22117950500,1375.0,498.0,664.0,1614.0,784.0,931.0
22117950600,1168.0,327.0,469.0,1327.0,739.0,749.0
22117950700,1354.0,445.0,566.0,1335.0,664.0,879.0
22117950800,1195.0,345.0,485.0,925.0,571.0,660.0
22117950900,315.0,116.0,139.0,332.0,167.0,190.0
22117951000,933.0,290.0,377.0,925.0,511.0,505.0
22119031100,477.0,126.0,158.0,548.0,274.0,322.0
22119031200,752.0,245.0,252.0,769.0,399.0,532.0
22119031300,1187.0,433.0,543.0,1310.0,619.0,983.0
22119031400,863.0,228.0,359.0,865.0,439.0,534.0
22119031500,1216.0,544.0,638.0,1809.0,829.0,918.0
22119031600,685.0,178.0,247.0,885.0,390.0,450.0
22119031700,939.0,313.0,383.0,899.0,365.0,423.0
22119031800,800.0,278.0,402.0,747.0,275.0,359.0
22119031900,662.0,236.0,272.0,703.0,338.0,561.0
22119032000,845.0,277.0,368.0,834.0,391.0,790.0
22119032100,1831.0,561.0,737.0,2072.0,987.0,1022.0
22121020100,1020.0,446.0,551.0,1103.0,545.0,668.0
22121020200,758.0,425.0,575.0,967.0,381.0,280.0
22121020300,1536.0,512.0,634.0,1833.0,723.0,657.0
22121020401,1450.0,476.0,504.0,1455.0,514.0,511.0
22121020402,1526.0,519.0,728.0,1654.0,595.0,501.0
22123000100,1226.0,290.0,504.0,1189.0,566.0,877.0
22123000200,1126.0,271.0,394.0,1184.0,533.0,661.0
22123000300,684.0,287.0,392.0,779.0,343.0,416.0
22125951701,790.0,357.0,1291.0,4110.0,1218.0,668.0
22125951702,172.0,41.0,75.0,153.0,34.0,10.0
22125951800,1916.0,482.0,703.0,1944.0,993.0,912.0
22127960100,937.0,291.0,415.0,1115.0,529.0,534.0
22127960200,1085.0,536.0,854.0,2014.0,854.0,895.0
22127960300,837.0,274.0,314.0,744.0,354.0,434.0
22127960400,756.0,236.0,274.0,608.0,272.0,338.0
