county,total_0_to_30_min,total_30_to_45_min,total_45_to_60_min,total_60_plus_min,min_driving_time,avg_driving_time,max_driving_time,age_0_to_18_years_0_30_min,age_0_to_18_years_30_45_min,age_0_to_18_years_45_60_min,age_0_to_18_years_60_plus_min,age_19_to_25_years_0_30_min,age_19_to_25_years_30_45_min,age_19_to_25_years_45_60_min,age_19_to_25_years_60_plus_min,age_26_to_34_years_0_30_min,age_26_to_34_years_30_45_min,age_26_to_34_years_45_60_min,age_26_to_34_years_60_plus_min,age_35_to_54_years_0_30_min,age_35_to_54_years_30_45_min,age_35_to_54_years_45_60_min,age_35_to_54_years_60_plus_min,age_55_to_64_years_0_30_min,age_55_to_64_years_30_45_min,age_55_to_64_years_45_60_min,age_55_to_64_years_60_plus_min,age_65_plus_years_0_to_30_min,age_65_plus_years_30_to_45_min,age_65_plus_years_45_to_60_min,age_65_plus_years_60_min,income_0_to_15_k_0_30_min,income_0_to_15_k_30_45_min,income_0_to_15_k_45_60_min,income_0_to_15_k_60_plus_min,income_15_k_to_50_k_0_30_min,income_15_k_to_50_k_30_45_min,income_15_k_to_50_k_45_60_min,income_15_k_to_50_k_60_plus_min,income_50_k_to_100_k_0_30_min,income_50_k_to_100_k_30_45_min,income_50_k_to_100_k_45_60_min,income_50_k_to_100_k_60_plus_min,income_100_k_to_150_k_0_30_min,income_100_k_to_150_k_30_45_min,income_100_k_to_150_k_45_60_min,income_100_k_to_150_k_60_plus_min,income_150_k_to_200_k_0_30_min,income_150_k_to_200_k_30_45_min,income_150_k_to_200_k_45_60_min,income_150_k_to_200_k_60_plus_min,income_200_k_plus_0_to_30_min,income_200_k_plus_30_to_45_min,income_200_k_plus_45_to_60_min,income_200_k_plus_60_min,insurance_private_health_insurance_0_to_30_min,insurance_private_health_insurance_30_to_45_min,insurance_private_health_insurance_45_to_60_min,insurance_private_health_insurance_60_plus_min,insurance_public_health_insurance_0_to_30_min,insurance_public_health_insurance_30_to_45_min,insurance_public_health_insurance_45_to_60_min,insurance_public_health_insurance_60_plus_min,insurance_no_health_insurance_0_to_30_min,insurance_no_health_insurance_30_to_45_min,insurance_no_health_insurance_45_to_60_min,insurance_no_health_insurance_60_plus_min,race_hispanic_or_latino_any_race_0_to_30_min,race_hispanic_or_latino_any_race_30_to_45_min,race_hispanic_or_latino_any_race_45_to_60_min,race_hispanic_or_latino_any_race_60_plus_min,race_white_0_to_30_min,race_white_30_to_45_min,race_white_45_to_60_min,race_white_60_plus_min,race_black_0_to_30_min,race_black_30_to_45_min,race_black_45_to_60_min,race_black_60_plus_min,race_american_indian_alaska_native_0_to_30_min,race_american_indian_alaska_native_30_to_45_min,race_american_indian_alaska_native_45_to_60_min,race_american_indian_alaska_native_60_plus_min,race_asian_0_to_30_min,race_asian_30_to_45_min,race_asian_45_to_60_min,race_asian_60_plus_min,race_native_hawaiian_other_pacific_islander_0_to_30_min,race_native_hawaiian_other_pacific_islander_30_to_45_min,race_native_hawaiian_other_pacific_islander_45_to_60_min,race_native_hawaiian_other_pacific_islander_60_plus_min,race_multiracial_or_other_0_to_30_min,race_multiracial_or_other_30_to_45_min,race_multiracial_or_other_45_to_60_min,race_multiracial_or_other_60_plus_min,sex_male_0_to_30_min,sex_male_30_to_45_min,sex_male_45_to_60_min,sex_male_60_plus_min,sex_female_0_to_30_min,sex_female_30_to_45_min,sex_female_45_to_60_min,sex_female_60_plus_min
Alachua County,258553,6647,429,0,0,21,56,55265,1421,92,0,54835,1410,91,0,31803,818,53,0,60221,1548,100,0,28117,723,47,0,28312,728,47,0,48210,1239,80,0,96893,2491,161,0,66635,1713,111,0,26496,681,44,0,9732,250,16,0,10596,272,18,0,181112,4656,300,0,72423,1862,120,0,31930,821,53,0,22767,585,38,0,160057,4115,265,0,53037,1363,88,0,775,20,1,0,14882,383,25,0,301,8,0,0,6741,173,11,0,123564,3176,205,0,134989,3470,224,0
Baker County,0,21942,5675,1277,31,53,84,0,5972,1545,348,0,1986,514,116,0,2602,673,151,0,6457,1670,376,0,2518,651,147,0,2407,622,140,0,2381,616,139,0,7762,2008,452,0,7582,1961,441,0,3114,805,181,0,566,146,33,0,540,140,31,0,14265,3690,830,0,7427,1921,432,0,2702,699,157,0,490,127,29,0,18181,4702,1058,0,2890,747,168,0,72,19,4,0,158,41,9,0,0,0,0,0,140,36,8,0,11336,2932,660,0,10606,2743,617
Bay County,170388,6987,2069,63,0,25,72,39495,1619,479,15,16126,661,196,6,19871,815,241,7,49413,2026,600,18,20718,850,252,8,24766,1016,301,9,23089,947,280,9,67301,2760,817,25,52177,2140,633,19,19034,780,231,7,4936,202,60,2,3818,157,46,1,102181,4190,1241,38,64354,2639,781,24,28056,1150,341,10,10759,441,131,4,128684,5277,1562,48,19575,803,238,7,1042,43,13,0,4425,181,54,2,112,5,1,0,5790,237,70,2,84187,3452,1022,31,86201,3535,1047,32
Bradford County,390,16024,15244,49,27,43,62,84,3449,3281,11,35,1442,1371,4,51,2096,1994,6,115,4720,4490,15,48,1957,1862,6,57,2362,2247,7,88,3599,3424,11,134,5486,5218,17,117,4789,4555,15,37,1522,1448,5,10,414,394,1,5,221,210,1,218,8958,8522,28,165,6793,6463,21,61,2522,2399,8,14,575,547,2,289,11857,11279,37,78,3216,3060,10,0,15,14,0,2,95,91,0,0,4,4,0,7,270,257,1,212,8718,8294,27,178,7306,6951,23
Brevard County,566221,2582,22,2,0,13,124,118502,540,5,1,43895,200,2,0,49756,227,2,0,164398,750,6,1,77920,355,3,0,111750,510,4,0,65864,300,3,0,214215,977,8,1,175731,801,7,1,65371,298,3,0,23995,109,1,0,20683,94,1,0,370331,1689,14,2,217149,990,8,1,74196,338,3,0,52139,238,2,0,430767,1965,17,2,55040,251,2,0,1465,7,0,0,12109,55,0,0,390,2,0,0,14015,64,1,0,277828,1267,11,1,288165,1314,11,1
Broward County,1788301,0,0,0,0,2,15,416836,0,0,0,149416,0,0,0,207578,0,0,0,548351,0,0,0,207127,0,0,0,258993,0,0,0,204876,0,0,0,630249,0,0,0,527510,0,0,0,233200,0,0,0,92224,0,0,0,99688,0,0,0,1066134,0,0,0,548369,0,0,0,315040,0,0,0,492669,0,0,0,707532,0,0,0,476128,0,0,0,2290,0,0,0,64220,0,0,0,800,0,0,0,44147,0,0,0,870692,0,0,0,917120,0,0,0
Calhoun County,0,408,2741,12011,35,63,87,0,91,614,2692,0,35,236,1033,0,49,327,1431,0,121,815,3571,0,49,332,1454,0,62,418,1830,0,64,427,1871,0,203,1362,5969,0,101,675,2960,0,33,221,968,0,3,19,84,0,6,37,164,0,203,1363,5973,0,181,1213,5317,0,79,529,2316,0,22,150,655,0,320,2150,9421,0,50,334,1464,0,4,25,110,0,3,17,74,0,0,0,0,0,10,67,293,0,220,1479,6480,0,188,1262,5531
Charlotte County,161772,8483,107,89,0,27,112,23913,1254,16,13,8084,424,5,4,10043,527,7,6,35711,1873,24,20,27409,1437,18,15,56612,2969,37,31,19735,1035,13,11,69966,3669,46,38,49582,2600,33,27,15404,808,10,8,3797,199,3,2,3279,172,2,2,100358,5263,66,55,83911,4400,55,46,22786,1195,15,13,9549,501,6,5,138387,7257,91,76,8435,442,6,5,178,9,0,0,2030,106,1,1,108,6,0,0,3061,161,2,2,78202,4101,51,43,83570,4382,55,46
Citrus County,23713,106500,25757,181,16,38,72,3995,17941,4339,31,1290,5796,1402,10,1469,6596,1595,11,5600,25149,6082,43,3929,17645,4268,30,7431,33372,8071,57,3824,17172,4153,29,10781,48422,11711,82,6538,29363,7102,50,1728,7763,1877,13,425,1911,462,3,417,1874,453,3,13669,61390,14848,104,13180,59196,14317,101,2841,12759,3086,22,1213,5449,1318,9,21084,94695,22903,161,681,3060,740,5,74,333,81,1,356,1598,387,3,0,0,0,0,307,1377,333,2,11593,52067,12593,89,12120,54433,13165,93
Clay County,189573,18726,11088,0,0,27,55,52419,5178,3066,0,15066,1488,881,0,19255,1902,1126,0,58461,5775,3419,0,22337,2206,1306,0,22035,2177,1289,0,15974,1578,934,0,61328,6058,3587,0,67439,6662,3944,0,29329,2897,1715,0,9611,949,562,0,5788,572,339,0,134272,13264,7853,0,57748,5704,3378,0,22438,2216,1312,0,17165,1696,1004,0,141841,14011,8296,0,17797,1758,1041,0,326,32,19,0,6098,602,357,0,177,17,10,0,6188,611,362,0,93248,9211,5454,0,96325,9515,5634,0
Collier County,362216,1764,723,19,0,20,95,73048,356,146,4,24005,117,48,1,31356,153,63,2,89600,436,179,5,48399,236,97,3,95807,467,191,5,29378,143,59,2,124219,605,248,7,115703,563,231,6,45839,223,92,2,18361,89,37,1,28796,140,57,2,221671,1079,443,12,151188,736,302,8,64704,315,129,3,88948,433,178,5,240399,1171,480,13,23541,115,47,1,1040,5,2,0,5531,27,11,0,0,0,0,0,2718,13,5,0,178305,868,356,9,183911,896,367,10
Columbia County,1083,19116,48469,4678,23,51,82,257,4538,11507,1111,103,1810,4590,443,116,2050,5198,502,299,5278,13382,1292,140,2475,6277,606,168,2964,7515,725,165,2905,7366,711,448,7916,20071,1937,315,5555,14084,1359,104,1827,4633,447,29,503,1276,123,23,408,1035,100,594,10481,26574,2565,474,8371,21224,2049,157,2772,7028,678,60,1051,2665,257,793,13995,35484,3425,192,3390,8595,830,1,20,52,5,10,171,434,42,0,7,19,2,27,485,1230,119,552,9747,24715,2386,531,9368,23754,2293
DeSoto County,35045,521,8,9,1,23,95,8094,120,2,2,3564,53,1,1,3997,59,1,1,8514,127,2,2,3990,59,1,1,6886,102,2,2,4803,71,1,1,18049,268,4,5,9671,144,2,3,1646,24,0,0,531,8,0,0,336,5,0,0,14555,216,3,4,17506,260,4,5,8345,124,2,2,10911,162,3,3,20621,307,5,5,3057,45,1,1,77,1,0,0,80,1,0,0,39,1,0,0,264,4,0,0,19654,292,5,5,15391,229,4,4
Dixie County,0,0,2713,15063,55,76,108,0,0,545,3026,0,0,199,1105,0,0,269,1495,0,0,762,4228,0,0,418,2322,0,0,520,2886,0,0,533,2961,0,0,1406,7807,0,0,573,3180,0,0,120,665,0,0,46,254,0,0,35,193,0,0,1184,6571,0,0,1387,7703,0,0,482,2679,0,0,100,553,0,0,2325,12906,0,0,189,1048,0,0,10,58,0,0,11,59,0,0,0,0,0,0,77,428,0,0,1474,8186,0,0,1239,6877
Duval County,899507,2105,0,0,0,9,40,220675,516,0,0,96933,227,0,0,114939,269,0,0,261899,613,0,0,103459,242,0,0,101602,238,0,0,124116,290,0,0,335547,785,0,0,269315,630,0,0,98006,229,0,0,36501,85,0,0,36008,84,0,0,573726,1342,0,0,300703,704,0,0,124616,292,0,0,74858,175,0,0,490985,1149,0,0,268031,627,0,0,1826,4,0,0,37956,89,0,0,622,1,0,0,25364,59,0,0,436098,1020,0,0,463409,1084,0,0
Escambia County,297632,3576,7639,1442,0,26,82,68881,828,1768,334,35300,424,906,171,33226,399,853,161,79836,959,2049,387,36807,442,945,178,43582,524,1119,211,36126,434,927,175,127141,1528,3263,616,94589,1137,2428,458,27006,325,693,131,6762,81,174,33,5985,72,154,29,196057,2356,5032,950,108049,1298,2773,523,38953,468,1000,189,14627,176,375,71,190640,2291,4893,924,70571,848,1811,342,1156,14,30,6,7860,94,202,38,117,1,3,1,12677,152,325,61,146426,1759,3758,709,151206,1817,3881,733
Flagler County,128606,2468,28,0,1,19,51,26682,512,6,0,7666,147,2,0,11075,213,2,0,32401,622,7,0,19936,383,4,0,30846,592,7,0,13153,252,3,0,53783,1032,12,0,40876,785,9,0,13754,264,3,0,3505,67,1,0,3553,68,1,0,79441,1525,17,0,55879,1073,12,0,18203,349,4,0,11290,217,2,0,98981,1900,21,0,12374,237,3,0,20,0,0,0,2818,54,1,0,36,1,0,0,3106,60,1,0,61958,1189,13,0,66648,1279,14,0
Franklin County,0,0,8,12162,58,93,162,0,0,1,2360,0,0,1,1052,0,0,1,1664,0,0,2,3504,0,0,1,1639,0,0,1,1944,0,0,2,2424,0,0,3,5078,0,0,2,3251,0,0,1,925,0,0,0,180,0,0,0,315,0,0,4,6164,0,0,3,5474,0,0,2,2472,0,0,0,570,0,0,6,9519,0,0,1,1716,0,0,0,17,0,0,0,54,0,0,0,106,0,0,0,181,0,0,4,6824,0,0,3,5338
Gadsden County,9819,28238,9528,1781,17,43,70,2511,7220,2436,455,802,2305,778,145,1109,3190,1076,201,2786,8011,2703,505,1300,3739,1262,236,1312,3773,1273,238,1911,5496,1854,347,4275,12294,4148,775,2570,7392,2494,466,730,2100,708,132,232,666,225,42,101,289,98,18,5490,15790,5328,996,4116,11836,3994,746,1515,4356,1470,275,1042,2997,1011,189,3191,9178,3097,579,5411,15562,5251,981,11,31,10,2,42,120,40,8,3,9,3,1,118,340,115,21,4721,13576,4581,856,5098,14662,4947,925
Gilchrist County,859,7285,7168,1059,25,48,68,196,1660,1633,241,102,865,851,126,73,616,606,90,228,1938,1907,282,116,981,965,143,145,1226,1207,178,127,1076,1059,156,377,3201,3150,465,263,2234,2198,325,56,475,467,69,17,146,143,21,18,153,151,22,450,3818,3757,555,350,2969,2922,432,163,1379,1356,200,44,376,370,55,756,6416,6313,933,47,398,391,58,0,4,4,1,1,6,6,1,0,0,0,0,10,87,85,13,451,3823,3762,556,408,3462,3407,503
Glades County,4753,5138,1999,2260,2,42,97,926,1001,389,440,386,417,162,183,538,581,226,256,1260,1362,530,599,618,668,260,294,1025,1108,431,487,1003,1084,422,477,2214,2394,931,1053,1165,1260,490,554,182,197,76,86,99,107,42,47,93,101,39,44,2044,2210,860,972,2414,2609,1015,1147,1138,1230,479,541,994,1074,418,472,2918,3154,1227,1387,566,611,238,269,181,196,76,86,30,32,12,14,0,0,0,0,66,72,28,32,2569,2777,1080,1221,2184,2361,918,1038
Gulf County,0,464,9381,6813,32,66,102,0,78,1580,1148,0,37,750,545,0,62,1252,909,0,149,3009,2185,0,63,1271,923,0,75,1519,1103,0,91,1830,1329,0,181,3647,2648,0,115,2318,1683,0,57,1153,837,0,12,233,169,0,10,195,142,0,269,5432,3945,0,188,3799,2759,0,73,1483,1077,0,26,521,379,0,351,7090,5148,0,74,1501,1090,0,2,39,28,0,3,66,48,0,1,15,11,0,8,154,112,0,279,5635,4092,0,185,3747,2721
Hamilton County,0,0,0,13885,60,86,107,0,0,0,2909,0,0,0,1818,0,0,0,1598,0,0,0,3953,0,0,0,1794,0,0,0,1813,0,0,0,3219,0,0,0,5447,0,0,0,3603,0,0,0,1062,0,0,0,337,0,0,0,200,0,0,0,6965,0,0,0,6890,0,0,0,1835,0,0,0,1265,0,0,0,7688,0,0,0,4549,0,0,0,113,0,0,0,45,0,0,0,0,0,0,0,225,0,0,0,8010,0,0,0,5875
Hardee County,27099,895,36,4,0,22,65,7939,262,11,1,2968,98,4,0,3173,105,4,0,6921,228,9,1,2653,88,4,0,3446,114,5,0,4572,151,6,1,13226,437,18,2,6110,202,8,1,2366,78,3,0,430,14,1,0,391,13,1,0,9895,327,13,1,14130,466,19,2,5675,187,8,1,11854,391,16,2,12620,417,17,2,2136,71,3,0,42,1,0,0,166,5,0,0,6,0,0,0,276,9,0,0,14603,482,20,2,12496,413,17,2
Hendry County,18431,9063,12995,774,0,41,87,5394,2652,3803,227,1966,967,1386,83,2307,1135,1627,97,4997,2457,3523,210,1690,831,1191,71,2077,1021,1465,87,3488,1715,2459,147,8058,3962,5682,339,5091,2503,3589,214,1089,535,768,46,394,194,278,17,309,152,218,13,6752,3320,4761,284,7206,3543,5081,303,5680,2793,4005,239,9446,4645,6660,397,6105,3002,4304,257,2186,1075,1541,92,323,159,227,14,163,80,115,7,29,14,20,1,182,90,129,8,9842,4839,6939,414,8589,4224,6056,361
Hernando County,197548,472,0,0,0,12,32,41280,99,0,0,12900,31,0,0,16091,38,0,0,50901,122,0,0,28032,67,0,0,48345,115,0,0,27278,65,0,0,89052,213,0,0,58177,139,0,0,16107,38,0,0,4059,10,0,0,2863,7,0,0,109407,261,0,0,94438,226,0,0,27661,66,0,0,21901,52,0,0,158816,379,0,0,9747,23,0,0,203,0,0,0,2007,5,0,0,65,0,0,0,4809,11,0,0,95914,229,0,0,101634,243,0,0
Highlands County,10457,55097,38449,2759,25,53,81,1972,10392,7252,520,652,3435,2397,172,799,4211,2939,211,2227,11736,8190,588,1404,7400,5164,371,3388,17854,12460,894,1680,8852,6177,443,5214,27472,19171,1376,2696,14208,9915,711,583,3070,2142,154,157,829,579,42,112,590,412,30,5559,29293,20442,1467,5880,30982,21621,1551,1554,8188,5714,410,1920,10118,7061,507,7234,38117,26600,1909,991,5223,3645,262,15,81,57,4,156,822,574,41,3,16,11,1,123,650,453,33,5114,26947,18805,1349,5329,28081,19596,1406
Hillsborough County,1331894,1457,42,0,0,11,52,333049,364,10,0,139321,152,4,0,169476,185,5,0,393534,431,12,0,141335,155,4,0,155180,170,5,0,168601,184,5,0,471431,516,15,0,395646,433,12,0,163841,179,5,0,64277,70,2,0,68136,75,2,0,825197,903,26,0,428008,468,13,0,199214,218,6,0,353958,387,11,0,682051,746,21,0,206599,226,7,0,2414,3,0,0,53410,58,2,0,867,1,0,0,32683,36,1,0,648927,710,20,0,682967,747,21,0
Holmes County,0,0,2037,17841,46,74,96,0,0,460,4032,0,0,174,1526,0,0,210,1835,0,0,578,5060,0,0,268,2343,0,0,348,3046,0,0,463,4054,0,0,830,7269,0,0,543,4754,0,0,147,1283,0,0,32,278,0,0,24,209,0,0,1058,9263,0,0,902,7898,0,0,359,3144,0,0,31,271,0,0,1792,15696,0,0,152,1331,0,0,12,109,0,0,6,48,0,0,3,26,0,0,40,354,0,0,1084,9494,0,0,953,8347
Indian River County,153577,3284,18,24,1,26,116,31621,676,4,5,9991,214,1,2,12978,277,2,2,38896,832,5,6,21255,454,2,3,38836,830,5,6,16257,348,2,3,63811,1364,7,10,45233,967,5,7,16289,348,2,3,4196,90,0,1,7818,167,1,1,88202,1886,10,14,71209,1522,8,11,24849,531,3,4,19767,423,2,3,115960,2479,14,18,13076,280,2,2,264,6,0,0,1779,38,0,0,0,0,0,0,2748,59,0,0,73892,1580,9,12,79685,1704,9,13
Jackson County,0,111,2898,48337,45,79,111,0,24,617,10297,0,10,256,4265,0,13,333,5550,0,34,875,14593,0,14,373,6220,0,17,444,7413,0,21,555,9251,0,51,1335,22262,0,29,746,12450,0,8,200,3333,0,1,34,565,0,1,27,457,0,67,1753,29246,0,49,1272,21225,0,14,371,6194,0,5,125,2090,0,74,1920,32024,0,29,761,12688,0,1,19,317,0,1,13,219,0,0,2,40,0,2,57,948,0,62,1606,26794,0,50,1292,21544
Jefferson County,2875,9216,2983,301,22,43,79,560,1794,581,59,216,694,225,23,313,1002,324,33,873,2799,906,92,446,1430,463,47,467,1497,484,49,430,1377,446,45,1174,3764,1218,123,899,2882,933,94,258,828,268,27,70,223,72,7,44,140,45,5,1815,5820,1884,190,1242,3983,1289,130,308,988,320,32,110,354,115,12,1687,5407,1750,177,1017,3259,1055,107,7,21,7,1,0,0,0,0,0,0,0,0,56,180,58,6,1504,4823,1561,158,1370,4394,1422,144
Lafayette County,0,0,336,9348,56,81,100,0,0,77,2142,0,0,37,1023,0,0,44,1218,0,0,98,2740,0,0,36,1006,0,0,44,1219,0,0,51,1425,0,0,159,4429,0,0,82,2273,0,0,28,778,0,0,9,255,0,0,7,189,0,0,175,4873,0,0,125,3473,0,0,74,2070,0,0,44,1213,0,0,236,6578,0,0,51,1422,0,0,0,9,0,0,0,7,0,0,0,0,0,0,4,117,0,0,185,5146,0,0,151,4203
Lake County,346716,7751,166,1,0,19,61,75565,1689,36,0,22314,499,11,0,30342,678,15,0,90658,2027,43,0,45982,1028,22,0,81856,1830,39,0,40555,907,19,0,141085,3154,68,1,109306,2444,52,0,37366,835,18,0,9767,218,5,0,8704,195,4,0,215662,4821,103,1,150157,3357,72,1,45410,1015,22,0,46752,1045,22,0,250728,5605,120,1,33565,750,16,0,1137,25,1,0,6288,141,3,0,190,4,0,0,8065,180,4,0,168062,3757,80,1,178655,3994,86,1
Lee County,681630,33811,3840,160,0,20,211,136614,6777,770,32,50860,2523,286,12,63352,3142,357,15,173155,8589,975,41,96629,4793,544,23,161020,7987,907,38,78982,3918,445,19,261508,12972,1473,62,216414,10735,1219,51,72424,3592,408,17,26097,1294,147,6,26245,1302,148,6,416149,20643,2344,98,291177,14443,1640,69,105746,5245,596,25,118858,5896,670,28,495207,24564,2790,117,46248,2294,261,11,1393,69,8,0,10933,542,62,3,37,2,0,0,8899,441,50,2,332410,16489,1872,78,349220,17323,1967,82
Leon County,290359,3270,157,0,0,18,51,67509,760,37,0,58806,662,32,0,36278,409,20,0,70924,799,38,0,30811,347,17,0,26030,293,14,0,38145,430,21,0,95531,1076,52,0,76402,860,41,0,35577,401,19,0,12186,137,7,0,12367,139,7,0,221016,2489,120,0,71896,810,39,0,26812,302,15,0,18971,214,10,0,172067,1938,93,0,82738,932,45,0,740,8,0,0,8902,100,5,0,10,0,0,0,6888,78,4,0,135094,1521,73,0,155265,1748,84,0
Levy County,2945,20391,17792,6705,19,54,94,655,4536,3958,1491,207,1433,1251,471,261,1809,1578,595,802,5553,4846,1826,453,3134,2735,1031,567,3926,3425,1291,542,3753,3275,1234,1427,9881,8622,3249,766,5306,4630,1745,135,937,818,308,41,286,250,94,33,226,197,74,1426,9874,8616,3247,1433,9921,8657,3262,546,3783,3301,1244,237,1643,1433,540,2396,16589,14475,5455,233,1611,1405,530,9,63,55,21,12,83,73,27,0,0,0,0,59,409,357,135,1456,10084,8799,3316,1488,10307,8993,3389
Liberty County,0,33,2548,6787,41,72,110,0,7,570,1520,0,3,230,613,0,5,370,985,0,11,836,2226,0,4,272,725,0,4,270,718,0,5,403,1074,0,15,1142,3041,0,9,691,1842,0,3,218,582,0,0,36,95,0,1,57,151,0,18,1342,3574,0,13,959,2556,0,7,536,1428,0,2,155,414,0,25,1884,5018,0,6,448,1195,0,0,7,19,0,0,18,48,0,0,0,0,0,0,35,94,0,21,1604,4273,0,12,944,2514
Madison County,0,180,2403,16637,41,70,96,0,42,556,3849,0,16,220,1521,0,19,260,1800,0,49,655,4536,0,25,330,2288,0,29,382,2644,0,46,618,4278,0,81,1077,7457,0,38,508,3519,0,10,129,893,0,4,47,324,0,2,24,166,0,92,1234,8542,0,84,1121,7764,0,30,402,2783,0,9,116,806,0,101,1348,9332,0,66,881,6103,0,1,12,82,0,0,4,30,0,0,0,0,0,3,41,284,0,94,1252,8669,0,86,1151,7969
Manatee County,344846,5684,560,189,1,25,81,73869,1218,120,40,23621,389,38,13,31343,517,51,17,89764,1480,146,49,48024,792,78,26,78224,1289,127,43,38313,632,62,21,128317,2115,208,70,103608,1708,168,57,45140,744,73,25,15504,256,25,8,13870,229,23,8,217391,3583,353,119,139574,2301,226,77,52146,860,85,29,54732,902,89,30,253771,4183,412,139,24676,407,40,14,430,7,1,0,6385,105,10,3,150,2,0,0,4746,78,8,3,166194,2739,270,91,178652,2945,290,98
Marion County,333501,30089,5207,961,0,25,78,68181,6151,1065,196,23130,2087,361,67,28297,2553,442,82,83108,7498,1298,239,46024,4152,719,133,84761,7647,1323,244,49534,4469,773,143,150733,13599,2354,434,94143,8494,1470,271,26510,2392,414,76,6485,585,101,19,6118,552,96,18,180414,16277,2817,520,163521,14753,2553,471,51242,4623,800,148,39010,3520,609,112,239299,21590,3736,689,42850,3866,669,123,889,80,14,3,4975,449,78,14,65,6,1,0,6427,580,100,19,160410,14472,2505,462,173091,15616,2703,499
Martin County,158619,7162,643,0,0,24,54,31443,1420,128,0,10351,467,42,0,12601,569,51,0,43057,1944,175,0,22427,1013,91,0,38739,1749,157,0,15890,717,64,0,58235,2630,236,0,45058,2035,183,0,19184,866,78,0,8907,402,36,0,11299,510,46,0,101519,4584,412,0,62904,2840,255,0,22493,1016,91,0,21529,972,87,0,122437,5529,497,0,10414,470,42,0,340,15,1,0,2051,93,8,0,43,2,0,0,1837,83,7,0,78581,3548,319,0,80038,3614,325,0
Miami-Dade County,2624370,443,0,4,0,6,76,603370,102,0,1,284888,48,0,0,315867,53,0,0,786643,133,0,1,278262,47,0,0,355339,60,0,1,474377,80,0,1,997738,169,0,2,662460,112,0,1,245567,41,0,0,99637,17,0,0,109483,18,0,0,1235023,209,0,2,855031,144,0,1,601112,102,0,1,1686287,285,0,3,370383,63,0,1,471181,80,0,1,1937,0,0,0,35756,6,0,0,968,0,0,0,22240,4,0,0,1255609,212,0,2,1333034,225,0,2
Monroe County,31946,9684,9660,17907,0,53,103,5206,1578,1574,2918,2246,681,679,1259,3441,1043,1040,1929,10292,3120,3112,5769,5551,1683,1679,3112,5210,1579,1576,2921,3849,1167,1164,2157,10317,3127,3120,5783,9616,2915,2908,5391,4222,1280,1277,2367,1763,535,533,988,2175,659,658,1219,18663,5657,5643,10462,10395,3151,3143,5827,6852,2077,2072,3841,7755,2351,2345,4347,21310,6460,6444,11946,2108,639,637,1181,109,33,33,61,291,88,88,163,0,0,0,0,387,117,117,217,16937,5134,5121,9494,15009,4550,4539,8413
Nassau County,34543,39395,7031,331,11,39,71,7789,8883,1585,75,2519,2872,513,24,3167,3612,645,30,10073,11488,2050,97,5238,5974,1066,50,5757,6566,1172,55,3639,4150,741,35,10953,12492,2229,105,11201,12775,2280,107,5799,6613,1180,56,1437,1639,293,14,1511,1723,307,14,23319,26595,4746,223,12150,13857,2473,116,4642,5295,945,44,1324,1510,270,13,30233,34479,6154,290,2200,2509,448,21,126,144,26,1,242,276,49,2,3,4,1,0,421,480,86,4,17051,19446,3471,163,17492,19949,3560,168
Okaloosa County,156009,29415,510,15,0,28,61,36544,6890,120,3,16175,3050,53,2,19047,3591,62,2,44531,8396,146,4,18244,3440,60,2,21468,4048,70,2,14116,2662,46,1,51701,9748,169,5,54587,10292,179,5,22091,4165,72,2,7291,1375,24,1,6196,1168,20,1,109477,20641,358,10,48455,9136,159,5,22189,4184,73,2,13474,2540,44,1,115805,21835,379,11,14977,2824,49,1,864,163,3,0,4288,809,14,0,280,53,1,0,6336,1195,21,1,79156,14924,259,7,76853,14490,251,7
Okeechobee County,0,3408,33518,4230,34,64,133,0,851,8368,1056,0,308,3026,382,0,390,3833,484,0,911,8959,1131,0,385,3784,477,0,564,5548,700,0,632,6218,785,0,1644,16164,2040,0,837,8229,1038,0,225,2215,279,0,24,235,30,0,46,448,57,0,1515,14900,1880,0,1644,16164,2040,0,690,6787,856,0,885,8703,1098,0,2160,21241,2681,0,276,2716,343,0,21,207,26,0,33,327,41,0,4,35,4,0,29,285,36,0,1841,18105,2285,0,1567,15413,1945
Orange County,1275803,467,0,12,0,9,91,316489,116,0,3,165518,61,0,2,173792,64,0,2,374024,137,0,4,124885,46,0,1,121096,44,0,1,157587,58,0,2,488788,179,0,5,384952,141,0,4,139496,51,0,1,53335,20,0,1,51714,19,0,0,780853,286,0,7,361400,132,0,3,229586,84,0,2,382869,140,0,4,545184,200,0,5,246810,90,0,2,1245,0,0,0,63640,23,0,1,316,0,0,0,35754,13,0,0,627671,230,0,6,648132,237,0,6
Osceola County,338611,819,605,69,0,22,94,91885,222,164,19,31219,76,56,6,38705,94,69,8,102597,248,183,21,36743,89,66,7,37462,91,67,8,42952,104,77,9,140909,341,252,29,106487,258,190,22,33792,82,60,7,8163,20,15,2,6357,15,11,1,182163,441,326,37,118381,286,212,24,65956,160,118,13,162829,394,291,33,128446,311,230,26,31418,76,56,6,716,2,1,0,8663,21,15,2,446,1,1,0,6121,15,11,1,167819,406,300,34,170793,413,305,35
Palm Beach County,1355769,28544,7004,8,0,14,72,290108,6108,1499,2,111359,2344,575,1,131979,2779,682,1,361195,7604,1866,2,162538,3422,840,1,298591,6286,1543,2,147876,3113,764,1,459751,9679,2375,3,389378,8198,2012,2,173068,3644,894,1,69991,1474,362,0,104248,2195,539,1,830656,17488,4291,5,502110,10571,2594,3,220720,4647,1140,1,283968,5979,1467,2,770142,16214,3979,4,241603,5087,1248,1,676,14,3,0,34202,720,177,0,409,9,2,0,23136,487,120,0,656613,13824,3392,4,697493,14685,3603,4
Pasco County,544127,217,1,0,0,12,49,119275,48,0,0,35895,14,0,0,50969,20,0,0,152339,61,0,0,71266,28,0,0,114384,46,0,0,67884,27,0,0,223265,89,1,0,163195,65,0,0,58035,23,0,0,17809,7,0,0,13987,6,0,0,327222,131,1,0,223708,89,1,0,74623,30,0,0,70625,28,0,0,426315,170,1,0,23717,9,0,0,1768,1,0,0,11549,5,0,0,220,0,0,0,9929,4,0,0,266689,106,1,0,277439,111,1,0
Pinellas County,918921,1,0,0,0,3,31,168443,0,0,0,67336,0,0,0,88563,0,0,0,262590,0,0,0,132728,0,0,0,199261,0,0,0,116948,0,0,0,362668,0,0,0,262093,0,0,0,103999,0,0,0,34463,0,0,0,38674,0,0,0,573479,0,0,0,349135,0,0,0,127309,0,0,0,88168,0,0,0,688656,1,0,0,87860,0,0,0,2272,0,0,0,28463,0,0,0,732,0,0,0,22767,0,0,0,442767,0,0,0,476153,0,0,0
Polk County,629224,18955,3307,718,0,22,87,156071,4702,820,178,54809,1651,288,63,66551,2005,350,76,166855,5026,877,190,75848,2285,399,87,109090,3286,573,124,82645,2490,434,94,266410,8025,1400,304,194699,5865,1023,222,57179,1722,301,65,15974,481,84,18,12268,370,64,14,351691,10594,1849,401,257188,7748,1352,293,98807,2976,519,113,119708,3606,629,137,398315,11999,2094,454,88051,2652,463,100,1524,46,8,2,10290,310,54,12,290,9,2,0,11059,333,58,13,307489,9263,1616,351,321735,9692,1691,367
Putnam County,159,21502,41559,12579,28,53,81,38,5143,9941,3009,12,1671,3230,978,15,1997,3860,1168,41,5603,10831,3278,22,3048,5891,1783,30,4039,7806,2363,36,4912,9495,2874,72,9709,18766,5680,39,5260,10168,3078,8,1097,2120,642,2,242,467,141,2,283,547,166,73,9876,19088,5778,79,10751,20779,6289,30,4069,7866,2381,15,2019,3902,1181,113,15346,29661,8978,27,3640,7036,2130,0,59,114,35,1,116,225,68,0,9,18,5,2,315,608,184,78,10622,20530,6214,80,10880,21029,6365
Santa Rosa County,152559,7922,1604,105,0,27,73,38141,1981,401,26,12636,656,133,9,16840,874,177,12,47549,2469,500,33,18311,951,192,13,19082,991,201,13,13660,709,144,9,46647,2422,490,32,56079,2912,589,39,23216,1206,244,16,7556,392,79,5,5403,281,57,4,109942,5709,1156,76,48161,2501,506,33,17345,901,182,12,7472,388,79,5,126880,6589,1334,87,8545,444,90,6,836,43,9,1,2956,154,31,2,219,11,2,0,5656,294,59,4,78548,4079,826,54,74011,3843,778,51
Sarasota County,407051,2054,0,0,0,12,67,67658,341,0,0,23311,118,0,0,30928,156,0,0,99318,501,0,0,60652,306,0,0,125184,632,0,0,44229,223,0,0,152049,767,0,0,125250,632,0,0,46232,233,0,0,19751,100,0,0,19549,99,0,0,268851,1357,0,0,184958,934,0,0,52695,266,0,0,35688,180,0,0,339694,1714,0,0,19380,98,0,0,520,3,0,0,5495,28,0,0,39,0,0,0,6219,31,0,0,195046,984,0,0,212006,1070,0,0
Seminole County,454683,242,0,0,0,10,36,108837,58,0,0,46199,25,0,0,54682,29,0,0,137462,73,0,0,52898,28,0,0,54605,29,0,0,45390,24,0,0,156496,83,0,0,146190,78,0,0,60133,32,0,0,25561,14,0,0,20990,11,0,0,309683,165,0,0,125092,67,0,0,64227,34,0,0,94856,51,0,0,281269,150,0,0,47696,25,0,0,679,0,0,0,17436,9,0,0,233,0,0,0,12542,7,0,0,217543,116,0,0,237140,126,0,0
St. Johns County,227285,8269,0,0,0,20,44,53854,1959,0,0,18205,662,0,0,20126,732,0,0,68320,2486,0,0,31472,1145,0,0,35308,1285,0,0,19271,701,0,0,63885,2324,0,0,67091,2441,0,0,35686,1298,0,0,19341,704,0,0,22006,801,0,0,172429,6273,0,0,66281,2411,0,0,21829,794,0,0,14121,514,0,0,190369,6926,0,0,12358,450,0,0,481,18,0,0,5415,197,0,0,134,5,0,0,4400,160,0,0,109411,3980,0,0,117874,4288,0,0
St. Lucie County,326585,1638,9,9,0,18,72,75723,380,2,2,24525,123,1,1,31980,160,1,1,89157,447,2,2,40399,203,1,1,64801,325,2,2,48855,245,1,1,138016,692,4,4,98182,493,3,3,26574,133,1,1,7235,36,0,0,7765,39,0,0,174013,873,5,5,144137,723,4,4,57482,288,2,2,55351,278,2,1,197539,991,5,5,61695,309,2,2,397,2,0,0,5531,28,0,0,110,1,0,0,5988,30,0,0,160469,805,4,4,166116,833,5,4
Sumter County,116115,631,1,0,0,17,53,11893,65,0,0,4212,23,0,0,6343,34,0,0,19018,103,0,0,22629,123,0,0,52022,283,1,0,13909,76,0,0,44689,243,0,0,36785,200,0,0,10859,59,0,0,2962,16,0,0,2551,14,0,0,73240,398,1,0,71725,390,1,0,9969,54,0,0,6243,34,0,0,99254,539,1,0,8374,46,0,0,356,2,0,0,417,2,0,0,48,0,0,0,1422,8,0,0,57480,312,1,0,58635,319,1,0
Suwannee County,0,264,6373,38348,43,74,103,0,63,1517,9127,0,20,495,2977,0,26,631,3795,0,70,1693,10187,0,35,857,5156,0,49,1181,7105,0,47,1134,6823,0,111,2676,16102,0,85,2063,12414,0,10,244,1467,0,6,142,854,0,5,115,691,0,136,3289,19792,0,125,3027,18214,0,42,1023,6153,0,25,593,3571,0,199,4797,28863,0,35,835,5022,0,1,19,117,0,1,17,104,0,0,0,0,0,5,110,663,0,130,3149,18946,0,134,3224,19401
Taylor County,0,0,1036,22826,46,80,117,0,0,214,4728,0,0,92,2021,0,0,120,2634,0,0,306,6740,0,0,142,3140,0,0,162,3562,0,0,141,3116,0,0,550,12120,0,0,255,5631,0,0,82,1799,0,0,2,49,0,0,6,131,0,0,616,13582,0,0,443,9765,0,0,146,3217,0,0,34,753,0,0,754,16626,0,0,215,4744,0,0,10,217,0,0,5,101,0,0,1,30,0,0,16,353,0,0,568,12531,0,0,467,10295
Union County,0,10794,3010,298,32,46,66,0,2255,629,62,0,1117,312,31,0,1578,440,44,0,3452,963,95,0,1384,386,38,0,1007,281,28,0,2010,560,56,0,4850,1352,134,0,3088,861,85,0,595,166,16,0,149,42,4,0,103,29,3,0,6430,1793,178,0,4154,1158,115,0,1312,366,36,0,610,170,17,0,7566,2110,209,0,2374,662,66,0,48,13,1,0,46,13,1,0,0,0,0,0,144,40,4,0,6796,1895,188,0,3997,1115,110
Volusia County,510770,6508,1511,56,0,18,67,102696,1309,304,11,47363,603,140,5,46314,590,137,5,136069,1734,402,15,71501,911,211,8,106828,1361,316,12,72580,925,215,8,224682,2863,665,25,145407,1853,430,16,44590,568,132,5,11930,152,35,1,11512,147,34,1,305384,3891,903,34,209978,2675,621,23,79194,1009,234,9,63619,811,188,7,374155,4767,1107,41,53692,684,159,6,1719,22,5,0,8492,108,25,1,48,1,0,0,9032,115,27,1,248034,3160,734,27,262736,3348,777,29
Wakulla County,11477,16700,3980,529,17,43,79,2748,3999,953,127,913,1329,317,42,1379,2006,478,64,3763,5475,1305,173,1419,2065,492,65,1255,1826,435,58,1151,1674,399,53,4076,5931,1413,188,4545,6614,1576,209,1289,1876,447,59,225,327,78,10,193,281,67,9,7745,11270,2686,357,3721,5414,1290,171,1409,2050,488,65,402,585,140,19,9177,13354,3182,423,1624,2363,563,75,70,103,24,3,51,75,18,2,0,0,0,0,149,217,52,7,6286,9146,2180,290,5191,7554,1800,239
Walton County,26443,20946,11010,2544,1,44,120,5785,4583,2409,557,2051,1624,854,197,2946,2334,1227,283,7857,6224,3272,756,3692,2924,1537,355,4111,3257,1712,396,3941,3121,1641,379,10662,8446,4440,1026,7118,5638,2964,685,2726,2159,1135,262,863,684,359,83,1120,887,467,108,15321,12136,6379,1474,10142,8034,4223,976,4723,3741,1967,454,1551,1229,646,149,22218,17599,9251,2138,1398,1108,582,135,142,112,59,14,298,236,124,29,42,33,17,4,796,631,332,77,13416,10627,5586,1291,13027,10319,5424,1253
Washington County,880,5866,6641,13999,26,57,81,197,1311,1484,3128,75,497,563,1186,100,665,753,1588,264,1762,1994,4204,109,727,824,1736,136,904,1023,2157,182,1211,1371,2890,369,2463,2788,5877,240,1603,1814,3825,61,410,464,977,17,111,126,266,10,69,78,164,501,3342,3783,7975,417,2779,3146,6631,120,801,907,1912,29,195,221,466,687,4581,5186,10932,134,893,1011,2132,8,54,61,128,1,8,9,19,4,25,29,60,17,112,127,267,475,3166,3585,7556,405,2700,3056,6443