county,total_0_to_10_mi,total_10_to_20_mi,total_20_to_30_mi,total_30_plus_mi,min_straight_line,avg_straight_line,max_straight_line,age_0_to_18_years_0_10_mi,age_0_to_18_years_10_20_mi,age_0_to_18_years_20_30_mi,age_0_to_18_years_30_plus_mi,age_19_to_25_years_0_10_mi,age_19_to_25_years_10_20_mi,age_19_to_25_years_20_30_mi,age_19_to_25_years_30_plus_mi,age_26_to_34_years_0_10_mi,age_26_to_34_years_10_20_mi,age_26_to_34_years_20_30_mi,age_26_to_34_years_30_plus_mi,age_35_to_54_years_0_10_mi,age_35_to_54_years_10_20_mi,age_35_to_54_years_20_30_mi,age_35_to_54_years_30_plus_mi,age_55_to_64_years_0_10_mi,age_55_to_64_years_10_20_mi,age_55_to_64_years_20_30_mi,age_55_to_64_years_30_plus_mi,age_65_plus_years_0_to_10_mi,age_65_plus_years_10_to_20_mi,age_65_plus_years_20_to_30_mi,age_65_plus_years_30_mi,income_0_to_15_k_0_10_mi,income_0_to_15_k_10_20_mi,income_0_to_15_k_20_30_mi,income_0_to_15_k_30_plus_mi,income_15_k_to_50_k_0_10_mi,income_15_k_to_50_k_10_20_mi,income_15_k_to_50_k_20_30_mi,income_15_k_to_50_k_30_plus_mi,income_50_k_to_100_k_0_10_mi,income_50_k_to_100_k_10_20_mi,income_50_k_to_100_k_20_30_mi,income_50_k_to_100_k_30_plus_mi,income_100_k_to_150_k_0_10_mi,income_100_k_to_150_k_10_20_mi,income_100_k_to_150_k_20_30_mi,income_100_k_to_150_k_30_plus_mi,income_150_k_to_200_k_0_10_mi,income_150_k_to_200_k_10_20_mi,income_150_k_to_200_k_20_30_mi,income_150_k_to_200_k_30_plus_mi,income_200_k_plus_0_to_10_mi,income_200_k_plus_10_to_20_mi,income_200_k_plus_20_to_30_mi,income_200_k_plus_30_mi,insurance_private_health_insurance_0_to_10_mi,insurance_private_health_insurance_10_to_20_mi,insurance_private_health_insurance_20_to_30_mi,insurance_private_health_insurance_30_plus_mi,insurance_public_health_insurance_0_to_10_mi,insurance_public_health_insurance_10_to_20_mi,insurance_public_health_insurance_20_to_30_mi,insurance_public_health_insurance_30_plus_mi,insurance_no_health_insurance_0_to_10_mi,insurance_no_health_insurance_10_to_20_mi,insurance_no_health_insurance_20_to_30_mi,insurance_no_health_insurance_30_plus_mi,race_hispanic_or_latino_any_race_0_to_10_mi,race_hispanic_or_latino_any_race_10_to_20_mi,race_hispanic_or_latino_any_race_20_to_30_mi,race_hispanic_or_latino_any_race_30_plus_mi,race_white_0_to_10_mi,race_white_10_to_20_mi,race_white_20_to_30_mi,race_white_30_plus_mi,race_black_0_to_10_mi,race_black_10_to_20_mi,race_black_20_to_30_mi,race_black_30_plus_mi,race_american_indian_alaska_native_0_to_10_mi,race_american_indian_alaska_native_10_to_20_mi,race_american_indian_alaska_native_20_to_30_mi,race_american_indian_alaska_native_30_plus_mi,race_asian_0_to_10_mi,race_asian_10_to_20_mi,race_asian_20_to_30_mi,race_asian_30_plus_mi,race_native_hawaiian_other_pacific_islander_0_to_10_mi,race_native_hawaiian_other_pacific_islander_10_to_20_mi,race_native_hawaiian_other_pacific_islander_20_to_30_mi,race_native_hawaiian_other_pacific_islander_30_plus_mi,race_multiracial_or_other_0_to_10_mi,race_multiracial_or_other_10_to_20_mi,race_multiracial_or_other_20_to_30_mi,race_multiracial_or_other_30_plus_mi,sex_male_0_to_10_mi,sex_male_10_to_20_mi,sex_male_20_to_30_mi,sex_male_30_plus_mi,sex_female_0_to_10_mi,sex_female_10_to_20_mi,sex_female_20_to_30_mi,sex_female_30_plus_mi
Anderson County,37104,21798,339,0,512,19784,36183,7959,4676,73,0,2764,1624,25,0,4297,2524,39,0,10461,6145,95,0,4148,2437,38,0,4595,2699,42,0,5043,2963,46,0,15674,9208,143,0,11432,6716,104,0,2610,1533,24,0,1575,925,14,0,784,460,7,0,23373,13731,213,0,12459,7319,114,0,5781,3396,53,0,6599,3877,60,0,22972,13495,210,0,6856,4028,63,0,132,78,1,0,186,109,2,0,5,3,0,0,356,209,3,0,21005,12340,192,0,16099,9458,147,0
Andrews County,0,3,1547,14058,27890,51092,74586,0,1,478,4342,0,0,152,1378,0,0,181,1649,0,1,415,3769,0,0,153,1392,0,0,168,1529,0,0,131,1186,0,1,477,4331,0,1,531,4821,0,1,248,2255,0,0,103,933,0,0,57,516,0,2,967,8789,0,1,408,3706,0,1,268,2434,0,2,901,8181,0,1,586,5319,0,0,23,210,0,0,1,5,0,0,1,13,0,0,0,0,0,0,37,335,0,2,787,7152,0,2,760,6906
Angelina County,70356,17032,2741,0,1280,19787,43725,19514,4724,760,0,6130,1484,239,0,7830,1895,305,0,19104,4625,744,0,8007,1938,312,0,9770,2365,381,0,10600,2566,413,0,28996,7020,1130,0,21560,5219,840,0,6054,1466,236,0,1791,434,70,0,1358,329,53,0,39615,9590,1544,0,26472,6409,1032,0,13007,3149,507,0,13678,3311,533,0,44701,10822,1742,0,10073,2439,393,0,63,15,2,0,778,188,30,0,6,1,0,0,1051,254,41,0,33912,8210,1321,0,36443,8822,1420,0
Aransas County,0,8574,14599,7,17131,30011,58207,0,1746,2973,1,0,521,887,0,0,630,1072,0,0,2142,3647,2,0,1431,2436,1,0,2105,3584,2,0,1295,2205,1,0,3445,5865,3,0,2045,3482,2,0,1032,1757,1,0,336,573,0,0,418,712,0,0,4854,8265,4,0,3698,6297,3,0,1539,2621,1,0,2114,3600,2,0,6006,10227,5,0,126,215,0,0,23,38,0,0,73,124,0,0,0,0,0,0,233,397,0,0,4238,7215,3,0,4337,7384,3
Archer County,2887,3113,3309,537,10238,36160,65621,734,791,841,137,189,204,217,35,239,257,273,44,891,961,1022,166,380,410,436,71,454,490,521,85,310,334,356,58,870,938,997,162,1001,1080,1148,186,486,524,557,90,120,130,138,22,98,105,112,18,2106,2271,2414,392,798,860,914,148,359,387,411,67,233,251,267,43,2563,2763,2937,477,19,20,21,3,33,36,38,6,14,15,16,3,0,0,0,0,26,28,30,5,1435,1547,1644,267,1453,1566,1665,270
Armstrong County,0,152,1392,189,18645,43559,78189,0,35,325,44,0,7,62,8,0,15,138,19,0,40,366,50,0,24,216,29,0,31,285,39,0,14,128,17,0,43,395,54,0,52,476,65,0,30,274,37,0,11,103,14,0,2,15,2,0,120,1097,149,0,44,407,55,0,10,95,13,0,19,177,24,0,127,1165,159,0,1,10,1,0,2,17,2,0,0,0,0,0,0,0,0,0,3,24,3,0,77,709,96,0,75,684,93
Atascosa County,42787,7517,39,0,820,17763,37052,12749,2240,12,0,3461,608,3,0,4312,757,4,0,11702,2056,11,0,5154,905,5,0,5408,950,5,0,4622,812,4,0,15059,2645,14,0,14006,2461,13,0,6121,1075,6,0,1961,345,2,0,1028,181,1,0,25865,4544,23,0,13230,2324,12,0,7899,1388,7,0,26810,4710,24,0,15070,2647,14,0,304,53,0,0,55,10,0,0,150,26,0,0,0,0,0,0,395,69,0,0,21293,3741,19,0,21494,3776,19,0
Austin County,3261,22107,3966,0,8348,26965,42712,858,5815,1043,0,233,1579,283,0,313,2123,381,0,923,6258,1123,0,437,2963,531,0,497,3370,605,0,376,2548,457,0,1098,7443,1335,0,975,6612,1186,0,511,3467,622,0,183,1241,223,0,116,785,141,0,2186,14820,2659,0,973,6597,1183,0,545,3693,663,0,855,5794,1039,0,2050,13899,2493,0,286,1939,348,0,1,5,1,0,2,15,3,0,0,0,0,0,68,460,83,0,1607,10892,1954,0,1654,11215,2012,0
Bailey County,0,0,72,7843,41437,67380,85319,0,0,23,2521,0,0,6,704,0,0,8,869,0,0,17,1892,0,0,7,766,0,0,10,1091,0,0,8,839,0,0,41,4463,0,0,17,1906,0,0,4,424,0,0,1,133,0,0,1,102,0,0,30,3333,0,0,27,2965,0,0,21,2314,0,0,44,4839,0,0,25,2784,0,0,2,165,0,0,0,0,0,0,0,39,0,0,0,8,0,0,0,0,0,0,38,4165,0,0,34,3678
Bandera County,558,15059,5398,644,10811,31664,51242,114,3084,1106,132,28,766,275,33,38,1027,368,44,166,4479,1606,192,100,2687,963,115,112,3015,1081,129,72,1949,699,83,190,5120,1835,219,174,4689,1681,201,70,1901,681,81,30,813,291,35,22,595,213,25,363,9811,3516,420,221,5957,2135,255,84,2265,812,97,98,2639,946,113,443,11962,4287,512,4,96,35,4,3,72,26,3,1,30,11,1,0,0,0,0,10,261,94,11,275,7433,2664,318,283,7626,2733,326
Bastrop County,66522,17835,62,0,9,14732,32750,18138,4863,17,0,4731,1268,4,0,6894,1848,6,0,20405,5471,19,0,8787,2356,8,0,7567,2029,7,0,6482,1738,6,0,22771,6105,21,0,20860,5593,19,0,11016,2954,10,0,3553,952,3,0,1827,490,2,0,41169,11038,38,0,21329,5719,20,0,12693,3403,12,0,22540,6043,21,0,37148,9960,34,0,5139,1378,5,0,268,72,0,0,591,158,1,0,0,0,0,0,866,232,1,0,33629,9016,31,0,32893,8819,30,0
Baylor County,0,0,40,3571,43443,75622,96139,0,0,9,773,0,0,3,237,0,0,3,296,0,0,10,921,0,0,5,455,0,0,10,888,0,0,7,671,0,0,18,1653,0,0,9,778,0,0,2,196,0,0,1,75,0,0,2,196,0,0,25,2278,0,0,14,1264,0,0,7,657,0,0,3,300,0,0,34,3092,0,0,1,64,0,0,0,0,0,0,0,0,0,0,0,0,0,0,1,114,0,0,19,1725,0,0,20,1846
Bee County,28314,2884,77,0,469,16323,34204,6523,664,18,0,3260,332,9,0,4203,428,11,0,8692,885,24,0,2798,285,8,0,2838,289,8,0,4023,410,11,0,9882,1006,27,0,9671,985,26,0,2666,272,7,0,580,59,2,0,1522,155,4,0,15802,1610,43,0,8747,891,24,0,6271,639,17,0,16627,1694,45,0,8964,913,24,0,2318,236,6,0,244,25,1,0,78,8,0,0,0,0,0,0,81,8,0,0,17457,1778,48,0,10857,1106,30,0
Bell County,337725,18368,0,0,730,15320,28472,101188,5503,0,0,45824,2492,0,0,50087,2724,0,0,85602,4656,0,0,28277,1538,0,0,26747,1455,0,0,42403,2306,0,0,127060,6911,0,0,110590,6015,0,0,36943,2009,0,0,10912,594,0,0,9698,527,0,0,235906,12830,0,0,101079,5497,0,0,43850,2385,0,0,79770,4338,0,0,159801,8691,0,0,72072,3920,0,0,1316,72,0,0,8758,476,0,0,2634,143,0,0,13359,727,0,0,170044,9248,0,0,167681,9120,0,0
Bexar County,1859294,18196,0,0,658,12446,23388,528459,5172,0,0,209489,2050,0,0,247461,2422,0,0,512179,5012,0,0,180534,1767,0,0,181172,1773,0,0,257215,2517,0,0,652082,6382,0,0,576444,5641,0,0,230162,2252,0,0,74455,729,0,0,67266,658,0,0,1137079,11128,0,0,591164,5785,0,0,308405,3018,0,0,1102587,10790,0,0,525993,5148,0,0,143392,1403,0,0,3346,33,0,0,49289,482,0,0,773,8,0,0,32332,316,0,0,921770,9021,0,0,936132,9161,0,0
Blanco County,199,3879,7429,16,12971,30913,49530,45,882,1690,4,11,216,413,1,15,293,560,1,57,1104,2115,5,35,685,1311,3,36,699,1339,3,16,317,606,1,76,1473,2821,6,61,1184,2268,5,25,495,949,2,11,218,417,1,10,194,372,1,132,2566,4914,11,64,1249,2393,5,36,700,1340,3,37,729,1396,3,156,3029,5802,13,0,0,0,0,0,4,8,0,1,27,52,0,0,0,0,0,4,86,164,0,100,1954,3743,8,99,1925,3686,8
Borden County,0,8,506,131,29460,45904,74584,0,2,117,30,0,0,25,6,0,1,39,10,0,2,148,38,0,1,72,19,0,2,104,27,0,1,30,8,0,2,101,26,0,4,209,54,0,2,117,30,0,0,6,2,0,1,42,11,0,7,417,108,0,2,139,36,0,0,20,5,0,0,24,6,0,8,473,123,0,0,0,0,0,0,8,2,0,0,0,0,0,0,0,0,0,0,1,0,0,5,271,70,0,4,235,61
Bosque County,0,2577,8562,7111,20009,45816,66367,0,603,2003,1664,0,154,511,425,0,212,703,584,0,680,2261,1878,0,374,1244,1033,0,554,1840,1528,0,286,949,788,0,1124,3734,3101,0,778,2584,2146,0,259,860,714,0,48,160,133,0,81,269,223,0,1522,5058,4201,0,958,3183,2644,0,541,1796,1492,0,415,1380,1146,0,2065,6860,5698,0,34,114,94,0,9,31,25,0,11,36,30,0,0,0,0,0,44,145,120,0,1267,4209,3496,0,1310,4353,3615
Bowie County,65739,15153,9766,4356,1061,32545,63149,16424,3786,2440,1088,5882,1356,874,390,8138,1876,1209,539,18747,4321,2785,1242,7729,1782,1148,512,8819,2033,1310,584,11525,2657,1712,764,27038,6232,4017,1791,18443,4251,2740,1222,5085,1172,755,337,1725,398,256,114,1944,448,289,129,38526,8880,5723,2553,24361,5615,3619,1614,11121,2564,1652,737,5371,1238,798,356,40844,9415,6067,2706,16854,3885,2504,1117,513,118,76,34,531,122,79,35,3,1,1,0,1618,373,240,107,33398,7699,4961,2213,32341,7455,4804,2143
Brazoria County,317066,38625,5,0,898,15847,32807,91081,11095,1,0,25035,3050,0,0,38957,4746,1,0,99229,12088,1,0,33533,4085,0,0,29232,3561,0,0,27396,3337,0,0,81137,9884,1,0,101653,12383,1,0,57777,7038,1,0,26424,3219,0,0,22593,2752,0,0,222241,27073,3,0,71670,8731,1,0,48816,5947,1,0,95679,11656,1,0,161413,19663,2,0,37826,4608,1,0,884,108,0,0,16640,2027,0,0,5,1,0,0,4658,567,0,0,160826,19592,2,0,156241,19033,2,0
Brazos County,215072,3073,0,0,1753,13461,27680,51764,740,0,0,62568,894,0,0,27466,392,0,0,44264,633,0,0,15269,218,0,0,13743,196,0,0,33242,475,0,0,67156,960,0,0,54047,772,0,0,24138,345,0,0,8925,128,0,0,9684,138,0,0,159627,2281,0,0,40920,585,0,0,30028,429,0,0,53301,762,0,0,124113,1774,0,0,23166,331,0,0,268,4,0,0,10506,150,0,0,99,1,0,0,3627,52,0,0,108384,1549,0,0,106689,1525,0,0
Brewster County,7409,150,465,1299,989,52141,142190,1565,32,98,274,711,14,45,125,778,16,49,136,1981,40,124,347,1138,23,71,200,1235,25,78,217,1093,22,69,192,3768,76,236,661,1736,35,109,304,405,8,25,71,148,3,9,26,264,5,17,46,4461,90,280,782,2251,45,141,395,1577,32,99,277,3669,74,230,643,3350,68,210,587,12,0,1,2,119,2,7,21,186,4,12,33,0,0,0,0,73,1,5,13,3548,72,223,622,3861,78,242,677
Briscoe County,0,7,272,1206,29598,51628,80051,0,2,63,278,0,0,15,65,0,1,25,110,0,2,72,316,0,1,40,176,0,1,59,260,0,1,32,143,0,3,124,547,0,2,86,381,0,0,16,72,0,0,6,25,0,0,8,35,0,4,166,734,0,2,91,402,0,1,58,258,0,2,85,376,0,4,171,756,0,0,5,24,0,0,0,0,0,0,0,0,0,0,1,5,0,0,10,43,0,3,138,613,0,3,134,593
Brooks County,6835,156,293,3,577,19911,51921,1982,45,85,1,600,14,26,0,613,14,26,0,1610,37,69,1,880,20,38,0,1149,26,49,0,2014,46,86,1,2678,61,115,1,1456,33,62,1,573,13,25,0,64,1,3,0,46,1,2,0,2706,62,116,1,3320,76,142,1,1548,35,66,1,6462,147,277,3,360,8,15,0,4,0,0,0,0,0,0,0,0,0,0,0,0,0,0,0,4,0,0,0,3579,82,153,1,3256,74,140,1
Brown County,30683,6724,8,0,567,17851,32859,7635,1673,2,0,3146,689,1,0,3033,665,1,0,7918,1735,2,0,3874,849,1,0,5077,1113,1,0,5210,1142,1,0,12522,2744,3,0,8706,1908,2,0,2841,622,1,0,412,90,0,0,987,216,0,0,19092,4184,5,0,11447,2509,3,0,4434,972,1,0,6249,1369,2,0,22482,4927,6,0,1415,310,0,0,86,19,0,0,182,40,0,0,0,0,0,0,272,60,0,0,15163,3323,4,0,15519,3401,4,0
Burleson County,15383,1574,0,0,602,12298,20669,3767,385,0,0,1087,111,0,0,1347,138,0,0,4318,442,0,0,2184,223,0,0,2681,274,0,0,2096,215,0,0,4915,503,0,0,5236,536,0,0,2002,205,0,0,552,57,0,0,579,59,0,0,9308,952,0,0,5392,552,0,0,3035,311,0,0,3000,307,0,0,10257,1050,0,0,1827,187,0,0,25,3,0,0,68,7,0,0,0,0,0,0,205,21,0,0,7700,788,0,0,7683,786,0,0
Burnet County,24590,21220,2065,22,844,23942,49365,5960,5143,501,5,1686,1455,142,1,2318,2001,195,2,6581,5679,553,6,3468,2993,291,3,4577,3950,384,4,2427,2094,204,2,9411,8121,790,8,8063,6958,677,7,2886,2491,242,3,731,631,61,1,1051,907,88,1,15735,13578,1321,14,8959,7731,752,8,3918,3381,329,3,5373,4637,451,5,18184,15691,1527,16,464,400,39,0,194,167,16,0,197,170,17,0,0,0,0,0,181,156,15,0,12122,10460,1018,11,12469,10760,1047,11
Caldwell County,37781,3042,0,0,812,12862,30865,10561,850,0,0,4150,334,0,0,3983,321,0,0,10339,832,0,0,4243,342,0,0,4504,363,0,0,4232,341,0,0,15056,1212,0,0,12110,975,0,0,4292,346,0,0,1176,95,0,0,906,73,0,0,21567,1736,0,0,12601,1015,0,0,7587,611,0,0,18312,1474,0,0,16450,1324,0,0,2522,203,0,0,52,4,0,0,37,3,0,0,21,2,0,0,389,31,0,0,19097,1538,0,0,18684,1504,0,0
Calhoun County,0,80,16893,4248,24071,46390,67669,0,22,4586,1153,0,6,1299,327,0,8,1685,424,0,22,4560,1147,0,10,2142,539,0,12,2621,659,0,9,1822,458,0,27,5656,1422,0,25,5274,1326,0,15,3173,798,0,2,423,106,0,3,533,134,0,51,10681,2686,0,25,5275,1326,0,13,2731,687,0,36,7674,1930,0,38,7955,2000,0,0,93,23,0,0,6,2,0,5,1025,258,0,0,0,0,0,1,133,34,0,41,8594,2161,0,39,8299,2087
Callahan County,12435,1338,30,0,326,13295,33023,3056,329,7,0,812,87,2,0,1170,126,3,0,3417,368,8,0,1753,189,4,0,2227,240,5,0,2620,282,6,0,4481,482,11,0,3633,391,9,0,1053,113,3,0,322,35,1,0,318,34,1,0,7325,788,18,0,3984,429,10,0,2853,307,7,0,1121,121,3,0,10799,1162,26,0,178,19,0,0,4,0,0,0,35,4,0,0,0,0,0,0,299,32,1,0,5999,645,15,0,6437,693,16,0
Cameron County,397889,20004,2751,0,553,14252,45899,140003,7039,968,0,36812,1851,255,0,45457,2285,314,0,98206,4937,679,0,35977,1809,249,0,41433,2083,286,0,96213,4837,665,0,168878,8490,1168,0,91807,4616,635,0,28083,1412,194,0,6882,346,48,0,6068,305,42,0,133761,6725,925,0,160065,8047,1107,0,124573,6263,861,0,354795,17838,2453,0,38960,1959,269,0,930,47,6,0,391,20,3,0,2097,105,15,0,0,0,0,0,690,35,5,0,192604,9683,1332,0,205285,10321,1419,0
Camp County,0,9829,2586,0,19077,27993,36496,0,2738,721,0,0,739,195,0,0,994,262,0,0,2483,653,0,0,1324,348,0,0,1550,408,0,0,1254,330,0,0,4494,1182,0,0,2939,773,0,0,744,196,0,0,285,75,0,0,121,32,0,0,5893,1550,0,0,3335,878,0,0,1636,431,0,0,2177,573,0,0,5792,1524,0,0,1532,403,0,0,16,4,0,0,31,8,0,0,0,0,0,0,282,74,0,0,4777,1257,0,0,5052,1329,0
Carson County,0,305,2815,3283,17832,46110,73209,0,82,754,879,0,17,160,187,0,27,247,288,0,86,793,925,0,42,386,450,0,52,475,554,0,19,174,203,0,92,850,991,0,120,1107,1291,0,47,436,509,0,21,194,226,0,6,57,67,0,234,2156,2515,0,71,659,769,0,37,346,403,0,28,260,303,0,265,2448,2855,0,3,26,30,0,1,13,15,0,1,10,12,0,0,3,3,0,6,54,63,0,144,1329,1550,0,161,1486,1733
Cass County,16266,8323,5773,0,190,21638,46148,3924,2008,1392,0,1082,554,384,0,1487,761,528,0,4418,2261,1568,0,2276,1164,808,0,3080,1576,1093,0,2791,1428,990,0,7018,3591,2490,0,4372,2237,1551,0,1576,806,559,0,290,148,103,0,222,113,79,0,9555,4889,3391,0,6519,3335,2313,0,2657,1359,943,0,680,348,241,0,12504,6398,4437,0,2800,1433,994,0,27,14,10,0,57,29,20,0,3,1,1,0,189,97,67,0,7931,4058,2814,0,8336,4265,2958,0
Castro County,329,3977,3479,262,10235,36968,56716,106,1280,1119,84,25,308,269,20,34,412,360,27,83,1001,876,66,37,446,390,29,44,531,464,35,38,461,403,30,156,1883,1647,124,93,1124,983,74,28,338,296,22,10,121,105,8,4,49,43,3,152,1833,1603,121,113,1372,1200,90,100,1212,1060,80,202,2448,2141,161,116,1409,1232,93,2,28,24,2,0,3,3,0,2,22,20,1,0,1,1,0,5,64,56,4,167,2017,1764,133,162,1961,1715,129
Chambers County,30704,9001,0,0,99,15417,30988,9200,2697,0,0,2271,666,0,0,3425,1004,0,0,9484,2780,0,0,3539,1037,0,0,2786,817,0,0,3287,964,0,0,9050,2653,0,0,7538,2210,0,0,6040,1771,0,0,3017,884,0,0,1753,514,0,0,19847,5818,0,0,7578,2221,0,0,5484,1608,0,0,6836,2004,0,0,20727,6076,0,0,2313,678,0,0,37,11,0,0,452,132,0,0,0,0,0,0,324,95,0,0,15190,4453,0,0,15515,4548,0,0
Cherokee County,28522,20938,3922,0,963,21843,45039,7934,5824,1091,0,2347,1723,323,0,2934,2154,403,0,7528,5527,1035,0,3505,2573,482,0,4274,3138,588,0,4527,3323,622,0,12684,9312,1744,0,7343,5391,1010,0,2363,1734,325,0,1048,769,144,0,556,408,77,0,15273,11212,2100,0,11252,8260,1547,0,5665,4159,779,0,6108,4484,840,0,17201,12627,2365,0,4425,3249,608,0,50,37,7,0,190,139,26,0,0,0,0,0,549,403,75,0,14294,10493,1966,0,14228,10445,1956,0
Childress County,0,0,0,6780,121573,139425,165185,0,0,0,1430,0,0,0,911,0,0,0,1219,0,0,0,1620,0,0,0,646,0,0,0,954,0,0,0,1043,0,0,0,2755,0,0,0,2052,0,0,0,569,0,0,0,327,0,0,0,38,0,0,0,4520,0,0,0,2398,0,0,0,989,0,0,0,1528,0,0,0,4228,0,0,0,572,0,0,0,55,0,0,0,112,0,0,0,207,0,0,0,81,0,0,0,3998,0,0,0,2782
Clay County,2140,6527,1194,938,5327,35794,64708,501,1528,279,220,121,369,68,53,183,559,102,80,622,1898,347,273,329,1002,183,144,384,1171,214,168,327,998,183,143,803,2450,448,352,573,1748,320,251,316,965,176,139,55,168,31,24,63,193,35,28,1376,4196,767,603,784,2391,437,344,336,1024,187,147,122,371,68,53,1932,5894,1078,847,18,55,10,8,24,73,13,10,10,29,5,4,0,0,0,0,34,103,19,15,1070,3264,597,469,1070,3263,597,469
Cochran County,0,418,2257,166,22130,39919,61056,0,128,691,51,0,38,206,15,0,39,212,16,0,104,564,41,0,46,250,18,0,62,334,24,0,93,501,37,0,158,853,63,0,107,578,42,0,43,233,17,0,10,54,4,0,7,36,3,0,197,1066,78,0,144,777,57,0,116,628,46,0,237,1282,94,0,158,856,63,0,12,65,5,0,1,5,0,0,0,0,0,0,0,0,0,0,8,45,3,0,214,1156,85,0,204,1102,81
Coke County,0,53,2384,633,23595,47513,67803,0,12,519,138,0,3,121,32,0,4,190,50,0,13,598,159,0,8,339,90,0,14,617,164,0,8,342,91,0,23,1051,279,0,15,695,184,0,5,218,58,0,1,37,10,0,1,41,11,0,36,1612,428,0,19,868,230,0,9,386,102,0,11,500,133,0,41,1837,487,0,0,19,5,0,0,21,6,0,0,3,1,0,0,0,0,0,0,4,1,0,28,1245,330,0,25,1139,302
Coleman County,207,1510,6979,570,6742,37964,63191,47,344,1589,130,11,84,386,32,16,115,532,43,56,406,1875,153,31,230,1062,87,45,332,1534,125,30,219,1014,83,101,738,3409,279,49,361,1666,136,14,104,482,39,3,19,88,7,10,70,322,26,107,780,3603,294,88,642,2968,243,50,362,1674,137,33,245,1131,92,162,1187,5483,448,5,38,175,14,2,14,66,5,2,18,82,7,0,0,0,0,1,9,41,3,105,769,3553,290,101,741,3425,280
Collin County,920334,42026,0,0,420,12024,26838,273947,12509,0,0,68549,3130,0,0,118145,5395,0,0,307275,14031,0,0,84216,3846,0,0,68204,3114,0,0,53392,2438,0,0,201060,9181,0,0,269918,12325,0,0,189413,8649,0,0,100872,4606,0,0,105631,4824,0,0,718580,32813,0,0,147929,6755,0,0,116356,5313,0,0,146567,6693,0,0,539245,24624,0,0,84260,3848,0,0,2435,111,0,0,122481,5593,0,0,740,34,0,0,24515,1119,0,0,452345,20656,0,0,467990,21370,0,0
Collingsworth County,0,0,0,3008,116438,146950,169301,0,0,0,869,0,0,0,210,0,0,0,302,0,0,0,744,0,0,0,351,0,0,0,531,0,0,0,316,0,0,0,1498,0,0,0,887,0,0,0,129,0,0,0,111,0,0,0,66,0,0,0,1480,0,0,0,1155,0,0,0,638,0,0,0,987,0,0,0,1754,0,0,0,102,0,0,0,132,0,0,0,3,0,0,0,0,0,0,0,30,0,0,0,1525,0,0,0,1483
Colorado County,0,4778,13837,2167,19814,40175,65822,0,1193,3456,541,0,323,937,147,0,429,1241,194,0,1245,3604,565,0,674,1953,306,0,913,2645,414,0,683,1978,310,0,2001,5796,908,0,1218,3526,552,0,539,1562,245,0,190,551,86,0,145,421,66,0,3105,8993,1409,0,1554,4499,705,0,786,2276,357,0,1384,4008,628,0,2706,7836,1227,0,671,1945,305,0,9,26,4,0,4,13,2,0,0,0,0,0,4,11,2,0,2361,6838,1071,0,2417,6999,1096
Comal County,78535,48340,198,0,810,17322,32542,19370,11923,49,0,4884,3006,12,0,6736,4146,17,0,23257,14315,59,0,11641,7165,29,0,12647,7784,32,0,6841,4211,17,0,21761,13395,55,0,24117,14844,61,0,13312,8194,34,0,6563,4040,17,0,5942,3658,15,0,56226,34608,142,0,23681,14576,60,0,10712,6593,27,0,18733,11530,47,0,56577,34824,143,0,1356,835,3,0,107,66,0,0,776,478,2,0,31,19,0,0,940,578,2,0,38249,23543,97,0,40286,24797,102,0
Comanche County,4873,8094,812,0,306,23136,46945,1212,2014,202,0,322,534,54,0,399,664,67,0,1264,2100,211,0,651,1081,108,0,1025,1702,171,0,845,1404,141,0,2136,3548,356,0,1356,2252,226,0,384,638,64,0,89,147,15,0,65,108,11,0,2636,4379,439,0,1812,3010,302,0,1105,1835,184,0,1190,1977,198,0,3573,5934,595,0,52,86,9,0,10,16,2,0,12,20,2,0,0,0,0,0,35,59,6,0,2398,3983,400,0,2476,4112,413,0
Concho County,3016,514,555,0,1109,25380,39677,445,76,82,0,229,39,42,0,446,76,82,0,1127,192,207,0,364,62,67,0,405,69,75,0,492,84,90,0,1089,185,200,0,944,161,174,0,299,51,55,0,87,15,16,0,106,18,19,0,1801,307,331,0,1200,204,221,0,498,85,92,0,1674,285,308,0,1291,220,238,0,21,4,4,0,0,0,0,0,24,4,4,0,0,0,0,0,9,2,2,0,2075,353,382,0,941,160,173,0
Cooke County,0,4688,29177,6265,22864,45368,78188,0,1277,7948,1707,0,381,2372,509,0,474,2953,634,0,1236,7695,1652,0,598,3723,800,0,721,4485,963,0,482,3000,644,0,1755,10923,2345,0,1422,8849,1900,0,643,4004,860,0,203,1264,272,0,182,1134,243,0,2995,18643,4003,0,1496,9312,1999,0,796,4957,1064,0,833,5187,1114,0,3581,22291,4787,0,106,663,142,0,27,168,36,0,33,203,44,0,3,21,4,0,103,640,138,0,2321,14446,3102,0,2367,14731,3163
Coryell County,45824,20867,4042,552,2603,29414,52884,12813,5835,1130,154,6388,2909,563,77,7107,3236,627,86,12335,5617,1088,149,3529,1607,311,43,3651,1663,322,44,4148,1889,366,50,16923,7706,1493,204,16905,7698,1491,204,4275,1947,377,51,931,424,82,11,569,259,50,7,31836,14497,2808,384,13205,6013,1165,159,4768,2171,421,57,7808,3556,689,94,28045,12771,2474,338,6048,2754,533,73,198,90,17,2,707,322,62,9,262,119,23,3,2758,1256,243,33,22308,10158,1968,269,23516,10709,2074,283
Cottle County,0,0,0,1372,114786,136278,158168,0,0,0,336,0,0,0,71,0,0,0,106,0,0,0,332,0,0,0,204,0,0,0,324,0,0,0,325,0,0,0,553,0,0,0,395,0,0,0,48,0,0,0,33,0,0,0,16,0,0,0,650,0,0,0,678,0,0,0,261,0,0,0,392,0,0,0,752,0,0,0,207,0,0,0,1,0,0,0,0,0,0,0,0,0,0,0,21,0,0,0,671,0,0,0,701
Crane County,0,147,1899,2481,20669,44880,59644,0,46,590,770,0,12,153,199,0,15,193,252,0,43,553,722,0,15,200,261,0,16,211,276,0,15,194,253,0,44,576,752,0,54,699,913,0,22,289,377,0,4,53,69,0,7,91,119,0,99,1278,1669,0,31,405,528,0,25,323,422,0,90,1166,1523,0,50,652,851,0,6,78,102,0,0,2,2,0,0,0,0,0,0,0,0,0,0,2,2,0,75,969,1265,0,72,931,1215
Crockett County,0,0,0,3480,88784,111213,132354,0,0,0,967,0,0,0,209,0,0,0,377,0,0,0,973,0,0,0,450,0,0,0,504,0,0,0,623,0,0,0,1082,0,0,0,1047,0,0,0,585,0,0,0,118,0,0,0,31,0,0,0,2119,0,0,0,790,0,0,0,748,0,0,0,2196,0,0,0,1232,0,0,0,14,0,0,0,0,0,0,0,0,0,0,0,0,0,0,0,38,0,0,0,1719,0,0,0,1761
Crosby County,0,1431,2479,1887,24479,43681,72226,0,434,751,572,0,95,165,126,0,141,245,186,0,354,613,467,0,162,281,214,0,244,423,322,0,207,359,273,0,703,1217,927,0,377,652,497,0,96,166,126,0,24,42,32,0,26,45,34,0,654,1133,862,0,593,1026,781,0,309,536,408,0,780,1351,1028,0,586,1016,773,0,54,94,72,0,0,0,0,0,0,0,0,0,2,4,3,0,9,15,11,0,695,1204,917,0,736,1275,971
Culberson County,0,0,0,2127,45225,61805,99655,0,0,0,619,0,0,0,172,0,0,0,195,0,0,0,560,0,0,0,269,0,0,0,312,0,0,0,449,0,0,0,959,0,0,0,536,0,0,0,115,0,0,0,15,0,0,0,53,0,0,0,1017,0,0,0,825,0,0,0,430,0,0,0,1661,0,0,0,359,0,0,0,9,0,0,0,0,0,0,0,0,0,0,0,2,0,0,0,96,0,0,0,1100,0,0,0,1027
Dallam County,0,0,0,6021,100640,133823,165929,0,0,0,1858,0,0,0,569,0,0,0,733,0,0,0,1672,0,0,0,624,0,0,0,565,0,0,0,583,0,0,0,2671,0,0,0,2202,0,0,0,264,0,0,0,180,0,0,0,119,0,0,0,3233,0,0,0,1652,0,0,0,1509,0,0,0,2497,0,0,0,3211,0,0,0,78,0,0,0,66,0,0,0,60,0,0,0,0,0,0,0,109,0,0,0,3198,0,0,0,2823
Dallas County,2277618,163742,0,0,740,12089,21581,644530,46337,0,0,240705,17305,0,0,334007,24012,0,0,654600,47060,0,0,210208,15112,0,0,193567,13916,0,0,288099,20712,0,0,869462,62507,0,0,661975,47591,0,0,251028,18047,0,0,97295,6995,0,0,109706,7887,0,0,1199126,86208,0,0,681093,48965,0,0,542994,39037,0,0,888232,63857,0,0,693857,49883,0,0,525039,37746,0,0,4030,290,0,0,127929,9197,0,0,1192,86,0,0,37405,2689,0,0,1126811,81009,0,0,1150807,82734,0,0
Dawson County,12277,928,176,0,887,16963,33807,3065,232,44,0,1409,106,20,0,1892,143,27,0,3100,234,44,0,1162,88,17,0,1649,125,24,0,1789,135,26,0,4698,355,67,0,3772,285,54,0,1491,113,21,0,220,17,3,0,300,23,4,0,6982,528,100,0,3914,296,56,0,2747,208,39,0,6791,513,97,0,4493,340,64,0,758,57,11,0,41,3,1,0,100,8,1,0,5,0,0,0,95,7,1,0,7161,541,102,0,5116,387,73,0
Deaf Smith County,18779,687,159,20,1315,21179,70187,6223,228,53,7,1659,61,14,2,2200,80,19,2,4705,172,40,5,1830,67,15,2,2162,79,18,2,2210,81,19,2,7415,271,63,8,6144,225,52,7,2316,85,20,3,412,15,3,0,297,11,3,0,10679,390,90,12,5852,214,49,6,3656,134,31,4,12934,473,109,14,5390,197,46,6,149,5,1,0,46,2,0,0,70,3,1,0,19,1,0,0,158,6,1,0,9363,342,79,10,9416,344,80,10
Delta County,4963,419,0,0,717,11346,24239,1192,101,0,0,355,30,0,0,427,36,0,0,1339,113,0,0,677,57,0,0,972,82,0,0,834,71,0,0,2050,173,0,0,1416,120,0,0,465,39,0,0,90,8,0,0,109,9,0,0,2673,226,0,0,2061,174,0,0,848,72,0,0,340,29,0,0,4003,338,0,0,444,38,0,0,8,1,0,0,39,3,0,0,0,0,0,0,134,11,0,0,2403,203,0,0,2560,216,0,0
Denton County,483501,302205,0,0,1041,15429,29517,141018,88141,0,0,49353,30848,0,0,66826,41769,0,0,153036,95653,0,0,41481,25927,0,0,31786,19867,0,0,31215,19510,0,0,122183,76369,0,0,151105,94446,0,0,91457,57164,0,0,42618,26638,0,0,44917,28075,0,0,363626,227279,0,0,85239,53277,0,0,67223,42016,0,0,94891,59310,0,0,291777,182371,0,0,44665,27917,0,0,1380,862,0,0,35041,21902,0,0,448,280,0,0,15303,9565,0,0,237047,148162,0,0,246454,154042,0,0
DeWitt County,0,2430,20257,18,21970,36054,48920,0,578,4818,4,0,160,1333,1,0,241,2008,2,0,686,5723,5,0,323,2690,2,0,442,3685,3,0,373,3109,3,0,817,6812,6,0,695,5791,5,0,270,2249,2,0,107,892,1,0,168,1403,1,0,1542,12853,11,0,835,6964,6,0,361,3008,3,0,800,6672,6,0,1414,11793,10,0,206,1720,1,0,0,4,0,0,3,24,0,0,0,0,0,0,4,34,0,0,1252,10435,9,0,1178,9822,9
Dickens County,0,0,0,2420,73162,89829,119616,0,0,0,506,0,0,0,176,0,0,0,302,0,0,0,668,0,0,0,297,0,0,0,471,0,0,0,457,0,0,0,948,0,0,0,752,0,0,0,162,0,0,0,53,0,0,0,48,0,0,0,1394,0,0,0,973,0,0,0,513,0,0,0,675,0,0,0,1633,0,0,0,102,0,0,0,5,0,0,0,0,0,0,0,0,0,0,0,2,0,0,0,1256,0,0,0,1164
Dimmit County,9192,232,4,0,458,11480,32748,2882,73,1,0,720,18,0,0,869,22,0,0,2304,58,1,0,1136,29,0,0,1282,32,0,0,2007,51,1,0,3790,96,1,0,2287,58,1,0,569,14,0,0,218,5,0,0,309,8,0,0,3053,77,1,0,3876,98,1,0,2628,66,1,0,7917,200,3,0,1244,31,0,0,16,0,0,0,0,0,0,0,22,1,0,0,0,0,0,0,0,0,0,0,4444,112,2,0,4749,120,2,0
Donley County,0,0,0,3490,70036,96834,122054,0,0,0,809,0,0,0,403,0,0,0,308,0,0,0,812,0,0,0,443,0,0,0,717,0,0,0,547,0,0,0,1535,0,0,0,924,0,0,0,349,0,0,0,34,0,0,0,99,0,0,0,2069,0,0,0,1259,0,0,0,628,0,0,0,350,0,0,0,2855,0,0,0,152,0,0,0,27,0,0,0,22,0,0,0,1,0,0,0,84,0,0,0,1765,0,0,0,1725
Duval County,5931,1910,3136,4,613,21834,48518,1630,525,862,1,554,179,293,0,617,199,326,0,1556,501,823,1,645,208,341,0,928,299,491,1,1191,383,630,1,2679,863,1416,2,1180,380,624,1,396,127,209,0,360,116,190,0,126,41,67,0,2509,808,1326,2,2446,788,1293,2,1650,531,872,1,5253,1692,2777,3,559,180,296,0,86,28,45,0,17,6,9,0,14,5,8,0,0,0,0,0,0,0,0,0,2968,956,1569,2,2963,954,1566,2
Eastland County,1257,4822,12506,0,4766,26726,41883,301,1154,2994,0,117,449,1164,0,114,439,1138,0,311,1193,3095,0,166,638,1655,0,247,948,2460,0,253,970,2516,0,603,2313,5998,0,269,1031,2674,0,80,306,794,0,19,73,189,0,34,130,336,0,628,2407,6244,0,536,2056,5333,0,267,1024,2656,0,186,713,1848,0,1019,3908,10136,0,26,99,258,0,2,9,24,0,4,17,44,0,0,0,0,0,20,75,195,0,624,2391,6202,0,634,2430,6304,0
Ector County,138006,3209,0,0,1387,12776,33814,41783,971,0,0,15755,366,0,0,17757,413,0,0,36271,843,0,0,13561,315,0,0,12878,299,0,0,14804,344,0,0,48832,1135,0,0,42326,984,0,0,19793,460,0,0,6478,151,0,0,5753,134,0,0,77720,1807,0,0,34857,810,0,0,33984,790,0,0,83159,1933,0,0,43934,1021,0,0,6882,160,0,0,361,8,0,0,1452,34,0,0,0,0,0,0,2218,52,0,0,70569,1641,0,0,67436,1568,0,0
Edwards County,186,77,1429,150,2809,40111,86541,41,17,317,33,12,5,94,10,14,6,109,11,46,19,355,37,32,13,244,26,40,17,310,33,36,15,279,29,71,29,546,57,58,24,443,47,17,7,127,13,2,1,16,2,2,1,19,2,102,42,783,82,89,37,685,72,31,13,242,25,101,42,775,82,85,35,652,69,0,0,1,0,0,0,0,0,0,0,0,0,0,0,0,0,0,0,0,0,86,36,659,69,100,42,770,81
Ellis County,124491,44210,78,0,444,15009,34192,37217,13217,23,0,10547,3745,7,0,13670,4854,9,0,36920,13111,23,0,13675,4856,9,0,12462,4426,8,0,11648,4137,7,0,36292,12888,23,0,43120,15313,27,0,20079,7131,13,0,7973,2831,5,0,5373,1908,3,0,82508,29301,51,0,32102,11400,20,0,21243,7544,13,0,31596,11221,20,0,77758,27614,49,0,11982,4255,7,0,264,94,0,0,847,301,1,0,60,21,0,0,1955,694,1,0,61563,21863,38,0,62928,22348,39,0
El Paso County,812474,6825,0,0,715,11024,25113,263004,2209,0,0,91457,768,0,0,99551,836,0,0,212812,1788,0,0,70026,588,0,0,75623,635,0,0,132684,1115,0,0,349488,2936,0,0,225662,1896,0,0,69416,583,0,0,20047,168,0,0,15357,129,0,0,386112,3243,0,0,279671,2349,0,0,196065,1647,0,0,665384,5589,0,0,100547,845,0,0,26031,219,0,0,2718,23,0,0,7915,66,0,0,1684,14,0,0,8045,68,0,0,398282,3346,0,0,414191,3479,0,0
Erath County,29515,11493,243,0,1303,19386,34506,7116,2771,59,0,5154,2007,42,0,3004,1170,25,0,7143,2781,59,0,3151,1227,26,0,3948,1537,32,0,5735,2233,47,0,10821,4214,89,0,8268,3220,68,0,2885,1124,24,0,1149,447,9,0,663,258,5,0,18759,7305,154,0,7901,3077,65,0,5671,2208,47,0,5895,2296,48,0,22426,8733,184,0,389,151,3,0,182,71,1,0,279,109,2,0,0,0,0,0,348,136,3,0,14837,5778,122,0,14678,5716,121,0
Falls County,0,8171,7751,0,16797,30242,42503,0,1822,1728,0,0,764,725,0,0,938,890,0,0,2374,2252,0,0,986,935,0,0,1287,1221,0,0,1615,1532,0,0,3128,2967,0,0,2441,2315,0,0,654,620,0,0,257,244,0,0,78,74,0,0,4616,4378,0,0,3179,3015,0,0,1536,1457,0,0,1727,1638,0,0,4365,4140,0,0,1939,1839,0,0,16,15,0,0,14,14,0,0,7,6,0,0,103,98,0,0,3832,3635,0,0,4339,4116,0
Fannin County,20148,14025,165,0,533,18440,39169,4789,3334,39,0,1392,969,11,0,1993,1387,16,0,5641,3927,46,0,2636,1835,22,0,3697,2573,30,0,3243,2257,27,0,7660,5332,63,0,6227,4334,51,0,2070,1441,17,0,610,425,5,0,334,233,3,0,11924,8300,98,0,7391,5145,61,0,3529,2456,29,0,1859,1294,15,0,16451,11451,135,0,1254,873,10,0,61,42,0,0,64,45,1,0,7,5,0,0,442,308,4,0,10115,7041,83,0,10033,6984,82,0
Fayette County,12279,10932,2656,0,906,19960,36210,2816,2507,609,0,712,634,154,0,1037,923,224,0,3257,2900,704,0,1846,1643,399,0,2611,2325,565,0,1824,1624,394,0,4198,3737,908,0,3840,3419,831,0,1515,1349,328,0,314,279,68,0,591,526,128,0,8514,7581,1841,0,3935,3504,851,0,1756,1563,380,0,2392,2129,517,0,8951,7969,1936,0,780,694,169,0,5,5,1,0,78,69,17,0,4,4,1,0,70,63,15,0,6066,5400,1312,0,6213,5532,1344,0
Fisher County,8,45,1481,2270,15505,47481,73116,2,11,351,538,0,3,88,135,1,3,114,175,2,12,398,610,1,6,203,311,2,10,326,500,1,7,237,363,4,20,645,988,2,13,436,669,1,4,125,192,0,1,18,27,0,1,20,31,5,28,923,1415,3,16,522,801,2,8,279,428,3,14,468,717,5,29,945,1448,0,2,55,85,0,0,0,0,0,0,6,9,0,0,1,2,0,0,6,10,4,21,693,1063,4,24,788,1207
Floyd County,0,2119,3410,194,16218,37371,72291,0,636,1023,58,0,144,232,13,0,195,314,18,0,532,856,49,0,241,388,22,0,372,598,34,0,369,594,34,0,839,1350,77,0,584,940,53,0,194,312,18,0,99,159,9,0,36,58,3,0,1038,1670,95,0,856,1378,78,0,487,784,45,0,1211,1949,111,0,822,1322,75,0,55,89,5,0,5,7,0,0,2,3,0,0,0,0,0,0,28,45,3,0,1031,1658,94,0,1089,1752,100
Foard County,0,0,0,1236,90988,105495,129725,0,0,0,274,0,0,0,78,0,0,0,91,0,0,0,343,0,0,0,159,0,0,0,292,0,0,0,112,0,0,0,545,0,0,0,477,0,0,0,63,0,0,0,26,0,0,0,12,0,0,0,791,0,0,0,498,0,0,0,179,0,0,0,203,0,0,0,1010,0,0,0,25,0,0,0,0,0,0,0,0,0,0,0,0,0,0,0,0,0,0,0,601,0,0,0,635
Fort Bend County,718647,20194,14,0,883,16944,33094,220740,6203,4,0,52761,1483,1,0,82540,2319,2,0,236350,6641,5,0,75587,2124,1,0,50669,1424,1,0,37315,1049,1,0,150675,4234,3,0,213563,6001,4,0,145365,4085,3,0,76299,2144,1,0,95454,2682,2,0,534189,15011,10,0,131784,3703,3,0,97329,2735,2,0,173780,4883,3,0,249598,7014,5,0,146539,4118,3,0,1147,32,0,0,132625,3727,3,0,289,8,0,0,14812,416,0,0,355978,10003,7,0,362668,10191,7,0
Franklin County,0,0,8501,4153,33680,44812,54173,0,0,2124,1037,0,0,610,298,0,0,723,353,0,0,2214,1082,0,0,1212,592,0,0,1618,790,0,0,1537,751,0,0,3169,1548,0,0,2329,1138,0,0,967,472,0,0,164,80,0,0,334,163,0,0,4551,2223,0,0,3338,1631,0,0,1758,859,0,0,1146,560,0,0,6923,3382,0,0,263,129,0,0,60,30,0,0,2,1,0,0,6,3,0,0,99,49,0,0,4330,2115,0,0,4172,2038
Freestone County,0,1199,5111,15035,20516,46165,67794,0,290,1234,3631,0,81,345,1014,0,132,561,1650,0,347,1479,4351,0,158,673,1979,0,192,819,2410,0,154,655,1928,0,490,2086,6136,0,361,1536,4520,0,126,538,1583,0,44,188,554,0,25,106,313,0,723,3083,9068,0,427,1818,5349,0,230,979,2880,0,174,742,2182,0,792,3375,9928,0,209,889,2616,0,3,12,35,0,6,24,72,0,0,0,0,0,16,68,199,0,625,2663,7835,0,574,2447,7200
Frio County,17205,206,8,0,458,14291,34079,4540,54,2,0,1975,24,1,0,2480,30,1,0,4481,54,2,0,1723,21,1,0,2007,24,1,0,3502,42,2,0,7054,84,3,0,4393,53,2,0,1341,16,1,0,567,7,0,0,347,4,0,0,7984,96,4,0,6668,80,3,0,4003,48,2,0,13143,157,6,0,3180,38,2,0,654,8,0,0,0,0,0,0,60,1,0,0,0,0,0,0,168,2,0,0,9984,119,5,0,7221,86,4,0
Gaines County,0,55,324,18703,22989,69530,102750,0,21,126,7249,0,6,34,1951,0,7,39,2228,0,14,80,4640,0,4,24,1376,0,4,22,1258,0,6,35,2020,0,13,77,4468,0,22,131,7575,0,8,45,2577,0,3,18,1067,0,3,17,992,0,21,126,7270,0,14,82,4705,0,22,129,7435,0,17,98,5642,0,37,221,12757,0,1,4,236,0,0,1,45,0,0,0,0,0,0,0,15,0,0,0,4,0,28,164,9478,0,27,160,9225
Galveston County,313164,2820,548,0,641,11673,35239,81613,735,143,0,31777,286,56,0,36254,326,63,0,93410,841,163,0,36892,332,65,0,33218,299,58,0,35993,324,63,0,97084,874,170,0,80435,724,141,0,50066,451,88,0,25946,234,45,0,23618,213,41,0,212798,1916,372,0,83486,752,146,0,48233,434,84,0,73612,663,129,0,183626,1654,321,0,40315,363,71,0,887,8,2,0,8668,78,15,0,101,1,0,0,5994,54,10,0,157276,1416,275,0,155888,1404,273,0
Garza County,0,0,247,7073,34939,57850,90785,0,0,53,1524,0,0,34,969,0,0,39,1122,0,0,69,1975,0,0,25,728,0,0,26,754,0,0,22,615,0,0,99,2822,0,0,84,2412,0,0,26,736,0,0,7,191,0,0,10,297,0,0,128,3650,0,0,97,2787,0,0,52,1492,0,0,137,3904,0,0,100,2858,0,0,8,240,0,0,0,14,0,0,1,21,0,0,0,0,0,0,1,35,0,0,158,4506,0,0,90,2568
Gillespie County,0,51,2946,24151,28465,48148,62690,0,11,626,5136,0,3,158,1294,0,4,216,1773,0,13,718,5888,0,8,455,3728,0,14,772,6331,0,5,276,2263,0,19,1064,8721,0,16,902,7395,0,7,402,3298,0,3,172,1410,0,2,129,1057,0,32,1855,15211,0,20,1153,9450,0,9,535,4383,0,11,645,5287,0,39,2246,18417,0,0,5,38,0,0,0,0,0,0,8,63,0,0,0,0,0,1,42,346,0,25,1440,11805,0,26,1506,12345
Glasscock County,0,229,588,391,18142,43865,64956,0,68,174,116,0,12,30,20,0,25,65,43,0,67,172,114,0,28,73,49,0,29,75,50,0,14,35,23,0,80,205,136,0,47,121,80,0,49,126,84,0,12,31,21,0,27,70,46,0,155,398,264,0,45,115,76,0,49,126,84,0,85,219,146,0,144,369,245,0,0,0,0,0,0,0,0,0,0,0,0,0,0,0,0,0,0,0,0,0,123,315,209,0,107,273,182
Goliad County,1,2413,5033,0,16077,33427,44652,0,578,1206,0,0,137,285,0,0,184,383,0,0,674,1405,0,0,390,813,0,0,451,942,0,0,270,562,0,0,857,1787,0,0,737,1536,0,0,311,649,0,0,109,226,0,0,131,272,0,0,1689,3522,0,0,894,1865,0,0,265,552,0,0,832,1735,0,0,1434,2990,0,0,131,274,0,0,0,0,0,0,5,10,0,0,0,0,0,0,12,25,0,0,1225,2554,0,0,1189,2479,0
Gonzales County,11940,4551,2339,0,1188,19748,40929,3337,1272,654,0,1003,382,196,0,1217,464,238,0,3144,1199,616,0,1414,539,277,0,1825,696,358,0,2177,830,427,0,4158,1585,815,0,3525,1343,690,0,1335,509,261,0,267,102,52,0,479,183,94,0,6013,2292,1178,0,4592,1751,900,0,2583,985,506,0,5639,2149,1105,0,5293,2018,1037,0,845,322,165,0,0,0,0,0,12,5,2,0,4,1,1,0,145,55,28,0,6027,2297,1181,0,5913,2254,1158,0
Gray County,0,0,0,22341,67810,89822,118194,0,0,0,5738,0,0,0,1760,0,0,0,2575,0,0,0,6417,0,0,0,2507,0,0,0,3344,0,0,0,3286,0,0,0,10040,0,0,0,5981,0,0,0,2231,0,0,0,571,0,0,0,235,0,0,0,12210,0,0,0,8100,0,0,0,4710,0,0,0,6869,0,0,0,13498,0,0,0,1198,0,0,0,106,0,0,0,174,0,0,0,16,0,0,0,483,0,0,0,12101,0,0,0,10240
Grayson County,0,23325,83925,17068,19611,41265,80207,0,5915,21282,4328,0,2133,7674,1561,0,2332,8393,1707,0,6495,23371,4753,0,2918,10498,2135,0,3532,12708,2584,0,2853,10267,2088,0,8611,30982,6301,0,7484,26930,5477,0,2723,9799,1993,0,954,3433,698,0,703,2530,514,0,14795,53235,10826,0,7598,27340,5560,0,4179,15037,3058,0,3008,10823,2201,0,17847,64217,13060,0,1337,4810,978,0,254,913,186,0,263,948,193,0,14,49,10,0,606,2179,443,0,11413,41064,8351,0,11912,42861,8717
Gregg County,121587,3820,0,0,682,10620,19277,32133,1010,0,0,12404,390,0,0,15061,473,0,0,32537,1022,0,0,13185,414,0,0,16267,511,0,0,18878,593,0,0,48090,1511,0,0,34554,1086,0,0,13247,416,0,0,3882,122,0,0,2912,91,0,0,69005,2168,0,0,40325,1267,0,0,24882,782,0,0,20463,643,0,0,70814,2225,0,0,26200,823,0,0,350,11,0,0,1247,39,0,0,569,18,0,0,1920,60,0,0,59665,1875,0,0,61922,1946,0,0
Grimes County,13912,11767,158,0,1732,18803,34019,3414,2888,39,0,1115,943,13,0,1476,1248,17,0,4126,3490,47,0,1860,1573,21,0,1922,1625,22,0,2447,2070,28,0,4544,3843,52,0,4863,4113,55,0,1213,1026,14,0,518,438,6,0,330,280,4,0,8026,6788,91,0,5060,4280,57,0,2396,2026,27,0,3070,2596,35,0,8430,7130,96,0,2152,1820,24,0,37,31,0,0,13,11,0,0,0,0,0,0,214,181,2,0,7655,6474,87,0,6258,5293,71,0
Guadalupe County,151029,4725,0,0,601,12393,23813,42328,1324,0,0,11846,371,0,0,16031,502,0,0,44952,1406,0,0,16894,529,0,0,18977,594,0,0,12117,379,0,0,42732,1337,0,0,54562,1707,0,0,27265,853,0,0,8110,254,0,0,6242,195,0,0,109440,3424,0,0,40435,1265,0,0,20919,655,0,0,52833,1653,0,0,82058,2567,0,0,9924,311,0,0,315,10,0,0,2469,77,0,0,25,1,0,0,3383,106,0,0,73895,2312,0,0,77134,2413,0,0
Hale County,29007,4323,1565,0,1235,21002,40246,8871,1322,479,0,3547,529,191,0,3550,529,191,0,7445,1109,402,0,2599,387,140,0,2996,446,162,0,4455,664,240,0,11554,1722,623,0,9905,1476,534,0,2176,324,117,0,377,56,20,0,528,79,28,0,14802,2206,799,0,10114,1507,546,0,6091,908,329,0,17766,2648,958,0,9078,1353,490,0,1470,219,79,0,45,7,2,0,127,19,7,0,5,1,0,0,537,80,29,0,15220,2268,821,0,13787,2055,744,0
Hall County,0,0,0,3294,73550,105928,127773,0,0,0,896,0,0,0,201,0,0,0,265,0,0,0,778,0,0,0,414,0,0,0,740,0,0,0,721,0,0,0,1749,0,0,0,576,0,0,0,148,0,0,0,49,0,0,0,49,0,0,0,1387,0,0,0,1508,0,0,0,810,0,0,0,1120,0,0,0,1891,0,0,0,221,0,0,0,0,0,0,0,16,0,0,0,0,0,0,0,46,0,0,0,1650,0,0,0,1643
Hamilton County,0,150,2278,5758,31500,53227,65943,0,33,508,1283,0,9,137,347,0,13,190,480,0,38,576,1457,0,20,307,776,0,37,559,1414,0,26,394,997,0,54,817,2067,0,46,695,1757,0,14,212,535,0,5,69,174,0,6,90,229,0,91,1380,3489,0,63,951,2406,0,25,383,967,0,16,249,630,0,130,1966,4969,0,1,17,42,0,1,13,34,0,0,5,14,0,0,1,2,0,2,29,73,0,73,1112,2811,0,77,1166,2947
Hansford County,0,0,0,5800,97706,123139,148454,0,0,0,1836,0,0,0,379,0,0,0,616,0,0,0,1560,0,0,0,627,0,0,0,781,0,0,0,630,0,0,0,2591,0,0,0,1561,0,0,0,653,0,0,0,204,0,0,0,155,0,0,0,3981,0,0,0,1306,0,0,0,1092,0,0,0,2649,0,0,0,3098,0,0,0,4,0,0,0,25,0,0,0,20,0,0,0,0,0,0,0,7,0,0,0,2879,0,0,0,2920
Hardeman County,0,0,0,4495,94938,118629,146397,0,0,0,1155,0,0,0,271,0,0,0,419,0,0,0,1158,0,0,0,623,0,0,0,869,0,0,0,890,0,0,0,1996,0,0,0,1263,0,0,0,238,0,0,0,27,0,0,0,81,0,0,0,2477,0,0,0,1807,0,0,0,926,0,0,0,1038,0,0,0,2989,0,0,0,364,0,0,0,0,0,0,0,18,0,0,0,0,0,0,0,85,0,0,0,2198,0,0,0,2297
Hardin County,44451,13100,2080,0,244,20790,39555,11933,3517,558,0,3478,1025,163,0,4818,1420,225,0,12812,3776,599,0,5414,1595,253,0,5996,1767,281,0,5652,1666,264,0,14681,4327,687,0,13346,3933,624,0,6610,1948,309,0,2116,623,99,0,2030,598,95,0,29615,8728,1386,0,12654,3729,592,0,7743,2282,362,0,2219,654,104,0,38541,11358,1803,0,2710,799,127,0,47,14,2,0,296,87,14,0,16,5,1,0,613,181,29,0,21970,6474,1028,0,22482,6625,1052,0
Harris County,4343564,112833,0,0,892,12565,25836,1274932,33119,0,0,447852,11634,0,0,634022,16470,0,0,1245266,32348,0,0,404486,10507,0,0,337004,8754,0,0,534644,13889,0,0,1545087,40137,0,0,1227836,31896,0,0,540436,14039,0,0,233801,6073,0,0,261574,6795,0,0,2342068,60840,0,0,1250281,32479,0,0,1003037,26056,0,0,1853322,48144,0,0,1304022,33875,0,0,824306,21413,0,0,7107,185,0,0,285579,7419,0,0,2068,54,0,0,67442,1752,0,0,2159755,56104,0,0,2183808,56729,0,0
Harrison County,53408,12823,168,0,1258,16169,34424,14379,3452,45,0,4737,1137,15,0,5762,1383,18,0,14718,3534,46,0,6690,1606,21,0,7122,1710,22,0,7868,1889,25,0,20951,5030,66,0,16435,3946,52,0,5409,1299,17,0,1544,371,5,0,1213,291,4,0,31024,7449,98,0,17823,4279,56,0,10169,2442,32,0,7423,1782,23,0,32871,7892,103,0,12021,2886,38,0,143,34,0,0,243,58,1,0,50,12,0,0,670,161,2,0,26385,6335,83,0,27023,6488,85,0
Hartley County,0,0,0,7110,60183,90329,125532,0,0,0,1639,0,0,0,289,0,0,0,1032,0,0,0,2577,0,0,0,701,0,0,0,873,0,0,0,462,0,0,0,2240,0,0,0,2993,0,0,0,995,0,0,0,242,0,0,0,178,0,0,0,5006,0,0,0,2126,0,0,0,960,0,0,0,1806,0,0,0,4465,0,0,0,583,0,0,0,0,0,0,0,36,0,0,0,0,0,0,0,220,0,0,0,4288,0,0,0,2823
Haskell County,0,0,197,5745,36758,69567,95223,0,0,43,1248,0,0,13,385,0,0,20,592,0,0,52,1520,0,0,26,759,0,0,43,1241,0,0,33,975,0,0,84,2440,0,0,57,1662,0,0,17,485,0,0,4,122,0,0,2,65,0,0,101,2960,0,0,88,2562,0,0,38,1112,0,0,51,1487,0,0,133,3892,0,0,6,178,0,0,1,26,0,0,2,56,0,0,0,0,0,0,4,102,0,0,109,3183,0,0,88,2561
Hays County,189450,13951,0,0,1143,12826,29531,50309,3705,0,0,34680,2554,0,0,21957,1617,0,0,48906,3601,0,0,18414,1356,0,0,15184,1118,0,0,23418,1724,0,0,56824,4184,0,0,60676,4468,0,0,28062,2066,0,0,10911,803,0,0,9642,710,0,0,136781,10073,0,0,39830,2933,0,0,29308,2158,0,0,71804,5288,0,0,104166,7671,0,0,7060,520,0,0,357,26,0,0,2400,177,0,0,77,6,0,0,3542,261,0,0,92650,6823,0,0,96800,7128,0,0
Hemphill County,0,0,0,4074,129581,155456,185339,0,0,0,1225,0,0,0,271,0,0,0,473,0,0,0,1098,0,0,0,487,0,0,0,521,0,0,0,485,0,0,0,933,0,0,0,1471,0,0,0,676,0,0,0,293,0,0,0,212,0,0,0,2522,0,0,0,945,0,0,0,1072,0,0,0,1418,0,0,0,2510,0,0,0,49,0,0,0,29,0,0,0,8,0,0,0,0,0,0,0,57,0,0,0,1947,0,0,0,2127
Henderson County,33603,44818,1422,0,1489,19106,35105,7968,10627,337,0,2566,3423,109,0,3126,4169,132,0,8947,11933,379,0,4631,6177,196,0,6365,8489,269,0,4700,6269,199,0,14236,18988,603,0,9665,12891,409,0,3258,4345,138,0,916,1222,39,0,833,1111,35,0,19072,25438,807,0,13319,17765,564,0,6720,8963,284,0,3935,5248,167,0,26794,35737,1134,0,2052,2737,87,0,258,344,11,0,245,327,10,0,31,41,1,0,285,380,12,0,16313,21757,690,0,17290,23061,732,0
Hidalgo County,880322,14943,360,4,1162,15211,49702,314710,5342,129,1,90383,1534,37,0,109501,1859,45,0,216682,3678,89,1,66648,1131,27,0,82397,1399,34,0,195129,3312,80,1,364493,6187,149,2,212969,3615,87,1,68965,1171,28,0,20237,344,8,0,18315,311,7,0,305143,5180,125,1,326406,5541,133,1,289820,4920,118,1,801868,13611,328,3,64725,1099,26,0,2608,44,1,0,828,14,0,0,8798,149,4,0,106,2,0,0,1401,24,1,0,428675,7276,175,2,451647,7666,185,2
Hill County,0,2478,27556,5563,20168,40867,64981,0,641,7124,1438,0,202,2242,453,0,232,2581,521,0,641,7125,1438,0,325,3613,729,0,438,4871,983,0,357,3971,802,0,1026,11409,2303,0,715,7953,1606,0,258,2869,579,0,74,826,167,0,49,540,109,0,1368,15213,3071,0,960,10672,2154,0,498,5542,1119,0,518,5757,1162,0,1726,19201,3876,0,194,2157,435,0,7,77,16,0,7,82,17,0,0,4,1,0,26,288,58,0,1226,13638,2753,0,1251,13917,2810
Hockley County,17159,4311,548,0,1515,17575,33311,4898,1230,156,0,1898,477,61,0,1857,466,59,0,4397,1104,140,0,1919,482,61,0,2191,551,70,0,2133,536,68,0,6220,1563,199,0,5601,1407,179,0,2077,522,66,0,629,158,20,0,505,127,16,0,10335,2596,330,0,5165,1298,165,0,3274,822,105,0,7478,1879,239,0,8771,2204,280,0,578,145,18,0,106,27,3,0,50,13,2,0,3,1,0,0,171,43,5,0,8413,2113,269,0,8746,2197,279,0
Hood County,0,461,24662,31667,25569,42478,54459,0,101,5375,6902,0,30,1621,2081,0,41,2198,2822,0,121,6443,8274,0,70,3722,4780,0,99,5303,6809,0,45,2414,3100,0,159,8523,10944,0,143,7669,9848,0,61,3267,4195,0,28,1493,1917,0,24,1287,1652,0,298,15929,20453,0,169,9025,11588,0,76,4039,5187,0,54,2864,3677,0,395,21136,27139,0,3,159,204,0,3,151,194,0,3,145,186,0,0,0,0,0,4,199,256,0,229,12227,15699,0,233,12435,15967
Hopkins County,1107,24993,10001,742,8830,30825,50093,296,6695,2679,199,88,1993,798,59,110,2495,998,74,308,6964,2787,207,136,3073,1230,91,167,3772,1510,112,149,3372,1349,100,438,9883,3955,293,336,7598,3040,225,114,2585,1034,77,36,809,324,24,33,756,303,22,618,13961,5587,414,390,8807,3524,261,234,5289,2117,157,182,4101,1641,122,827,18666,7470,554,67,1515,606,45,4,82,33,2,8,190,76,6,0,10,4,0,19,427,171,13,543,12259,4906,364,564,12734,5096,378
Houston County,0,3838,9948,9238,23469,41465,60339,0,827,2143,1990,0,236,612,569,0,378,981,911,0,1100,2851,2647,0,527,1367,1269,0,769,1994,1852,0,708,1835,1704,0,1720,4457,4139,0,997,2584,2399,0,328,851,790,0,28,73,68,0,56,146,135,0,2225,5767,5355,0,1580,4095,3802,0,583,1512,1404,0,393,1019,946,0,2510,6508,6043,0,840,2178,2023,0,6,14,13,0,18,46,42,0,0,0,0,0,70,180,168,0,2032,5268,4892,0,1805,4680,4346
Howard County,32583,1491,39,0,1910,15799,37081,7934,363,9,0,3075,141,4,0,3577,164,4,0,9894,453,12,0,3791,173,5,0,4312,197,5,0,3435,157,4,0,11135,510,13,0,11751,538,14,0,3919,179,5,0,1207,55,1,0,1131,52,1,0,21088,965,25,0,9223,422,11,0,5690,260,7,0,11528,527,14,0,18207,833,22,0,1576,72,2,0,242,11,0,0,250,11,0,0,193,9,0,0,577,26,1,0,18755,858,22,0,13828,633,17,0
Hudspeth County,2908,833,88,0,503,17031,41188,912,261,28,0,215,62,7,0,272,78,8,0,767,220,23,0,350,100,11,0,392,112,12,0,736,211,22,0,1352,387,41,0,573,164,17,0,142,41,4,0,70,20,2,0,32,9,1,0,989,283,30,0,1276,366,39,0,811,232,25,0,2280,653,69,0,547,157,17,0,32,9,1,0,0,0,0,0,38,11,1,0,0,0,0,0,12,3,0,0,1457,417,44,0,1451,416,44,0
Hunt County,51114,42877,0,0,512,17095,30416,13394,11236,0,0,4996,4191,0,0,5365,4500,0,0,14306,12001,0,0,5999,5033,0,0,7053,5917,0,0,8629,7239,0,0,19686,16514,0,0,14150,11870,0,0,5791,4858,0,0,1831,1536,0,0,1016,852,0,0,29040,24360,0,0,17544,14717,0,0,10141,8507,0,0,7873,6604,0,0,36702,30788,0,0,4749,3984,0,0,402,337,0,0,652,547,0,0,0,0,0,0,736,617,0,0,25069,21030,0,0,26045,21848,0,0
Hutchinson County,0,0,0,21121,49129,76130,110980,0,0,0,5704,0,0,0,1554,0,0,0,2339,0,0,0,5685,0,0,0,2686,0,0,0,3153,0,0,0,3231,0,0,0,7388,0,0,0,6256,0,0,0,2560,0,0,0,1119,0,0,0,574,0,0,0,13249,0,0,0,7189,0,0,0,3631,0,0,0,5156,0,0,0,14652,0,0,0,471,0,0,0,215,0,0,0,99,0,0,0,18,0,0,0,516,0,0,0,10764,0,0,0,10358
Irion County,0,317,1070,193,23715,44509,76527,0,78,264,48,0,19,65,12,0,22,76,14,0,98,329,59,0,42,142,26,0,57,193,35,0,25,83,15,0,90,303,55,0,128,433,78,0,38,127,23,0,19,63,11,0,18,61,11,0,218,736,133,0,76,256,46,0,63,214,39,0,74,248,45,0,235,794,143,0,0,0,0,0,0,0,0,0,0,0,0,0,0,0,0,0,8,27,5,0,163,550,99,0,154,520,94
Jack County,0,0,0,8889,51883,71256,85740,0,0,0,1997,0,0,0,865,0,0,0,998,0,0,0,2685,0,0,0,1047,0,0,0,1297,0,0,0,1043,0,0,0,3137,0,0,0,2577,0,0,0,1412,0,0,0,367,0,0,0,353,0,0,0,5644,0,0,0,3002,0,0,0,1614,0,0,0,1369,0,0,0,7002,0,0,0,399,0,0,0,39,0,0,0,3,0,0,0,0,0,0,0,75,0,0,0,5104,0,0,0,3785
Jackson County,0,516,9379,3641,22902,41553,56963,0,138,2503,972,0,38,694,270,0,54,986,383,0,136,2473,960,0,65,1184,460,0,85,1539,597,0,57,1031,400,0,159,2890,1122,0,197,3577,1389,0,58,1061,412,0,25,458,178,0,20,359,139,0,347,6305,2448,0,155,2821,1095,0,73,1329,516,0,164,2979,1157,0,315,5724,2222,0,30,548,213,0,0,0,0,0,1,13,5,0,0,4,2,0,6,108,42,0,253,4595,1784,0,263,4784,1857
Jasper County,17647,16608,1627,0,633,18210,43676,4589,4318,423,0,1308,1231,121,0,1793,1688,165,0,4792,4510,442,0,2288,2153,211,0,2877,2708,265,0,2879,2709,265,0,6772,6373,624,0,5383,5066,496,0,1965,1849,181,0,386,363,36,0,268,252,25,0,10259,9654,946,0,6759,6361,623,0,3296,3102,304,0,1131,1064,104,0,13236,12457,1220,0,2871,2702,265,0,52,49,5,0,108,102,10,0,0,0,0,0,250,235,23,0,8586,8080,792,0,9061,8527,835,0
Jeff Davis County,7,1357,790,220,15063,32701,75518,2,285,166,46,0,51,29,8,0,82,48,13,2,338,197,55,2,289,168,47,2,312,182,51,1,182,106,30,3,492,287,80,3,467,272,76,1,166,96,27,0,30,17,5,0,20,12,3,4,780,454,127,3,627,365,102,1,266,155,43,3,487,284,79,5,842,491,137,0,7,4,1,0,4,2,1,0,11,6,2,0,0,0,0,0,5,3,1,4,644,375,105,4,712,415,116
Jefferson County,239481,9165,740,0,609,16418,34804,61835,2366,191,0,25609,980,79,0,28950,1108,89,0,66262,2536,205,0,26816,1026,83,0,30009,1148,93,0,44884,1718,139,0,84456,3232,261,0,61860,2367,191,0,25956,993,80,0,9726,372,30,0,7530,288,23,0,128571,4920,397,0,78430,3002,242,0,50432,1930,156,0,41042,1571,127,0,99171,3795,306,0,85677,3279,265,0,618,24,2,0,9837,376,30,0,57,2,0,0,3085,118,10,0,119322,4566,369,0,120159,4599,371,0
Jim Hogg County,5356,25,48,17,681,21127,51593,1600,7,14,5,447,2,4,1,566,3,5,2,1311,6,12,4,643,3,6,2,788,4,7,2,1333,6,12,4,2266,11,20,7,1132,5,10,4,505,2,5,2,27,0,0,0,99,0,1,0,2421,11,22,8,2427,11,22,8,1185,6,11,4,4808,22,43,15,532,2,5,2,0,0,0,0,0,0,0,0,0,0,0,0,0,0,0,0,13,0,0,0,2658,12,24,8,2698,13,24,8
Jim Wells County,34471,7578,30,0,1342,14703,36870,10468,2301,9,0,3006,661,3,0,3710,816,3,0,8973,1973,8,0,3991,877,4,0,4324,951,4,0,5878,1292,5,0,11616,2554,10,0,10087,2217,9,0,4211,926,4,0,1711,376,2,0,958,211,1,0,20465,4499,18,0,10928,2403,10,0,6179,1358,5,0,26832,5899,24,0,7015,1542,6,0,277,61,0,0,35,8,0,0,266,59,0,0,11,2,0,0,59,13,0,0,16777,3688,15,0,17694,3890,16,0
Johnson County,0,89609,71559,3985,19880,37624,67289,0,25418,20298,1130,0,7416,5922,330,0,10139,8097,451,0,26335,21031,1171,0,10138,8096,451,0,10162,8115,452,0,8821,7044,392,0,30134,24064,1340,0,31394,25070,1396,0,12760,10189,567,0,3867,3088,172,0,2630,2100,117,0,54791,43754,2437,0,25241,20157,1123,0,17714,14146,788,0,18408,14700,819,0,65887,52616,2930,0,2262,1806,101,0,376,300,17,0,549,438,24,0,490,391,22,0,1624,1297,72,0,44538,35567,1981,0,45070,35992,2004
Jones County,7065,3700,4865,3997,6233,28944,55148,1497,784,1031,847,597,313,411,338,881,462,607,499,2162,1132,1489,1223,867,454,597,490,1061,556,731,600,901,472,620,510,2435,1275,1677,1377,1911,1001,1316,1081,525,275,362,297,278,146,191,157,205,107,141,116,3785,1982,2607,2141,2406,1260,1657,1361,1115,584,768,631,1588,832,1094,898,4832,2531,3328,2734,507,266,349,287,7,4,5,4,7,4,5,4,0,0,0,0,123,64,85,70,3655,1914,2517,2068,3410,1786,2348,1929
Karnes County,11545,2751,114,0,850,17933,39819,2440,581,24,0,1242,296,12,0,1672,398,17,0,3338,795,33,0,1262,301,13,0,1592,379,16,0,2408,574,24,0,4074,971,40,0,2802,668,28,0,1236,295,12,0,471,112,5,0,560,134,6,0,6695,1595,66,0,4467,1064,44,0,1703,406,17,0,6264,1493,62,0,4167,993,41,0,1081,258,11,0,6,1,0,0,17,4,0,0,0,0,0,0,17,4,0,0,6903,1645,68,0,4642,1106,46,0
Kaufman County,70376,57794,138,0,577,17094,32298,20923,17182,41,0,5100,4188,10,0,8096,6648,16,0,21391,17566,42,0,7729,6347,15,0,7139,5862,14,0,6836,5614,13,0,22005,18071,43,0,21738,17851,42,0,13376,10984,26,0,4242,3483,8,0,2190,1799,4,0,44967,36927,88,0,19331,15875,38,0,12285,10089,24,0,13305,10926,26,0,48300,39665,94,0,6271,5150,12,0,358,294,1,0,730,600,1,0,17,14,0,0,1378,1132,3,0,34885,28648,68,0,35491,29146,69,0
Kendall County,25896,8345,896,0,746,20704,41540,6717,2165,233,0,1536,495,53,0,1938,625,67,0,7620,2456,264,0,3829,1234,133,0,4255,1371,147,0,1455,469,50,0,6609,2130,229,0,8377,2700,290,0,4919,1585,170,0,1987,640,69,0,2534,817,88,0,20398,6573,706,0,7437,2397,257,0,2303,742,80,0,5620,1811,195,0,19397,6251,671,0,194,63,7,0,15,5,1,0,191,62,7,0,8,2,0,0,461,149,16,0,12437,4008,431,0,13459,4337,466,0
Kenedy County,0,162,117,0,16989,32059,48245,0,42,30,0,0,15,11,0,0,15,11,0,0,44,32,0,0,23,17,0,0,23,17,0,0,29,21,0,0,88,64,0,0,30,22,0,0,15,11,0,0,0,0,0,0,0,0,0,0,85,61,0,0,31,23,0,0,53,38,0,0,115,83,0,0,46,34,0,0,0,0,0,0,0,0,0,0,0,0,0,0,0,0,0,0,0,0,0,0,86,62,0,0,76,55,0
Kent County,0,0,0,663,80733,100113,111068,0,0,0,157,0,0,0,31,0,0,0,43,0,0,0,172,0,0,0,90,0,0,0,169,0,0,0,112,0,0,0,217,0,0,0,221,0,0,0,68,0,0,0,28,0,0,0,17,0,0,0,494,0,0,0,209,0,0,0,78,0,0,0,115,0,0,0,541,0,0,0,3,0,0,0,3,0,0,0,0,0,0,0,0,0,0,0,0,0,0,0,320,0,0,0,343
Kerr County,0,2656,21088,29021,17859,44350,62854,0,572,4543,6252,0,199,1582,2178,0,220,1750,2409,0,649,5151,7088,0,378,2998,4125,0,638,5064,6969,0,327,2598,3575,0,1155,9167,12615,0,809,6421,8837,0,205,1626,2238,0,82,648,892,0,79,625,860,0,1606,12749,17545,0,1134,9003,12390,0,449,3568,4910,0,702,5574,7671,0,1843,14631,20135,0,39,308,424,0,9,69,95,0,23,186,256,0,1,12,16,0,38,302,415,0,1276,10134,13947,0,1380,10953,15074
Kimble County,3386,934,341,0,751,22888,46620,698,192,70,0,158,44,16,0,266,73,27,0,855,236,86,0,616,170,62,0,793,219,80,0,529,146,53,0,1436,396,144,0,1054,291,106,0,151,42,15,0,114,31,11,0,104,29,10,0,1876,518,189,0,1497,413,151,0,820,226,82,0,760,210,76,0,2583,712,260,0,0,0,0,0,7,2,1,0,0,0,0,0,0,0,0,0,36,10,4,0,1645,454,165,0,1741,480,175,0
King County,0,0,0,206,106428,126737,146112,0,0,0,52,0,0,0,12,0,0,0,14,0,0,0,75,0,0,0,25,0,0,0,27,0,0,0,11,0,0,0,83,0,0,0,70,0,0,0,27,0,0,0,0,0,0,0,14,0,0,0,125,0,0,0,46,0,0,0,49,0,0,0,48,0,0,0,158,0,0,0,0,0,0,0,0,0,0,0,0,0,0,0,0,0,0,0,0,0,0,0,106,0,0,0,100
Kinney County,3530,116,0,0,425,16998,31598,753,25,0,0,261,9,0,0,307,10,0,0,887,29,0,0,473,16,0,0,849,28,0,0,692,23,0,0,1560,51,0,0,921,30,0,0,247,8,0,0,74,2,0,0,35,1,0,0,1995,66,0,0,1204,40,0,0,805,26,0,0,2206,73,0,0,1320,43,0,0,4,0,0,0,0,0,0,0,0,0,0,0,0,0,0,0,0,0,0,0,2083,68,0,0,1447,48,0,0
Kleberg County,30897,1550,0,0,745,13371,31214,8605,432,0,0,4797,241,0,0,3531,177,0,0,7227,363,0,0,3075,154,0,0,3662,184,0,0,5895,296,0,0,12167,610,0,0,7861,394,0,0,3121,157,0,0,1222,61,0,0,630,32,0,0,17445,875,0,0,10691,536,0,0,6275,315,0,0,22609,1134,0,0,6466,324,0,0,936,47,0,0,25,1,0,0,610,31,0,0,0,0,0,0,259,13,0,0,15803,793,0,0,15094,757,0,0
Knox County,0,0,0,3372,78796,94798,123916,0,0,0,891,0,0,0,215,0,0,0,325,0,0,0,849,0,0,0,385,0,0,0,708,0,0,0,566,0,0,0,1429,0,0,0,1051,0,0,0,232,0,0,0,70,0,0,0,22,0,0,0,1949,0,0,0,1383,0,0,0,576,0,0,0,1055,0,0,0,2087,0,0,0,204,0,0,0,6,0,0,0,2,0,0,0,0,0,0,0,18,0,0,0,1699,0,0,0,1674
Lamar County,39161,10320,176,0,1477,18460,36610,10102,2662,45,0,3462,912,16,0,3865,1018,17,0,10701,2820,48,0,4738,1249,21,0,6294,1659,28,0,7375,1944,33,0,15543,4096,70,0,11043,2910,50,0,3349,882,15,0,878,231,4,0,956,252,4,0,20874,5501,94,0,15093,3977,68,0,7772,2048,35,0,2911,767,13,0,30041,7917,135,0,3961,1044,18,0,104,27,0,0,391,103,2,0,98,26,0,0,1651,435,7,0,18980,5002,85,0,20182,5319,91,0
Lamb County,0,42,11284,2890,28326,46101,69135,0,13,3479,891,0,3,868,222,0,4,1170,300,0,11,2867,734,0,4,1175,301,0,6,1726,442,0,7,1912,490,0,18,4895,1254,0,12,3154,808,0,3,827,212,0,1,187,48,0,1,318,81,0,21,5573,1427,0,16,4304,1102,0,9,2466,632,0,24,6497,1664,0,15,4131,1058,0,2,441,113,0,0,36,9,0,0,65,17,0,0,0,0,0,0,114,29,0,21,5779,1480,0,20,5506,1410
Lampasas County,3093,4770,10521,1890,12857,43296,68573,819,1263,2785,500,221,341,753,135,291,449,989,178,887,1369,3018,542,392,604,1333,239,483,745,1642,295,388,598,1320,237,1235,1904,4200,754,901,1390,3066,551,345,532,1174,211,150,231,509,91,73,113,249,45,1971,3040,6706,1205,1124,1733,3823,687,540,833,1838,330,660,1018,2244,403,2208,3406,7512,1350,92,142,312,56,9,13,29,5,26,39,87,16,8,13,28,5,89,138,303,54,1512,2332,5143,924,1581,2438,5378,966
La Salle County,7138,209,17,0,254,17933,43045,1635,48,4,0,1361,40,3,0,943,28,2,0,1606,47,4,0,712,21,2,0,882,26,2,0,1321,39,3,0,3255,95,8,0,1528,45,4,0,293,9,1,0,385,11,1,0,357,10,1,0,3155,93,7,0,2962,87,7,0,1813,53,4,0,5975,175,14,0,964,28,2,0,86,3,0,0,0,0,0,0,7,0,0,0,0,0,0,0,107,3,0,0,4133,121,10,0,3005,88,7,0
Lavaca County,0,3372,9486,5560,24334,43909,68000,0,790,2221,1302,0,193,544,319,0,271,761,446,0,880,2475,1451,0,505,1421,833,0,734,2064,1210,0,410,1153,676,0,1301,3659,2145,0,916,2577,1511,0,423,1190,697,0,170,478,280,0,154,433,254,0,2388,6717,3937,0,1079,3035,1779,0,415,1168,685,0,461,1297,760,0,2685,7554,4428,0,191,536,314,0,0,0,0,0,15,43,25,0,0,0,0,0,21,60,35,0,1649,4637,2718,0,1724,4848,2842
Lee County,10682,6187,21,0,305,16385,33021,2991,1732,6,0,775,449,2,0,1019,590,2,0,2946,1706,6,0,1281,742,3,0,1670,967,3,0,1614,935,3,0,3466,2007,7,0,3506,2031,7,0,1302,754,3,0,433,251,1,0,367,212,1,0,7158,4146,14,0,3390,1964,7,0,1657,960,3,0,2672,1548,5,0,6497,3763,13,0,1339,776,3,0,0,0,0,0,59,34,0,0,0,0,0,0,110,64,0,0,5393,3124,11,0,5288,3063,11,0
Leon County,4763,12314,505,0,1666,20011,34706,1114,2879,118,0,304,787,32,0,413,1067,44,0,1236,3196,131,0,680,1759,72,0,1016,2627,108,0,637,1646,67,0,1892,4892,200,0,1345,3476,142,0,500,1292,53,0,228,588,24,0,164,424,17,0,2716,7021,288,0,1982,5126,210,0,861,2227,91,0,666,1722,71,0,3680,9514,390,0,318,823,34,0,13,33,1,0,21,54,2,0,0,0,0,0,62,161,7,0,2361,6104,250,0,2402,6211,255,0
Liberty County,65877,12618,0,0,1128,15236,32021,17904,3429,0,0,5891,1128,0,0,7642,1464,0,0,19234,3684,0,0,7795,1493,0,0,7411,1419,0,0,8969,1718,0,0,24686,4728,0,0,19826,3797,0,0,8264,1583,0,0,2165,415,0,0,1946,373,0,0,35317,6764,0,0,21941,4202,0,0,13860,2655,0,0,13013,2492,0,0,44319,8489,0,0,7023,1345,0,0,156,30,0,0,443,85,0,0,0,0,0,0,911,174,0,0,33321,6382,0,0,32556,6236,0,0
Limestone County,0,896,5037,17470,22944,43551,63371,0,220,1235,4283,0,79,443,1536,0,101,566,1964,0,241,1353,4691,0,114,643,2230,0,142,797,2765,0,160,898,3116,0,389,2186,7581,0,211,1187,4117,0,86,486,1684,0,35,195,677,0,15,85,295,0,447,2515,8722,0,358,2015,6987,0,225,1267,4394,0,181,1015,3522,0,522,2936,10184,0,177,996,3456,0,1,8,29,0,5,27,93,0,0,3,9,0,9,52,180,0,464,2611,9057,0,431,2426,8413
Lipscomb County,0,0,0,3106,158752,185321,209004,0,0,0,892,0,0,0,260,0,0,0,342,0,0,0,814,0,0,0,360,0,0,0,438,0,0,0,323,0,0,0,933,0,0,0,1081,0,0,0,484,0,0,0,178,0,0,0,111,0,0,0,2177,0,0,0,703,0,0,0,557,0,0,0,968,0,0,0,2036,0,0,0,11,0,0,0,23,0,0,0,11,0,0,0,2,0,0,0,51,0,0,0,1693,0,0,0,1413
Live Oak County,8966,1800,97,0,403,18105,41968,1944,390,21,0,614,123,7,0,978,196,11,0,2553,513,27,0,1205,242,13,0,1672,336,18,0,1182,237,13,0,3276,658,35,0,2840,570,31,0,1006,202,11,0,405,81,4,0,254,51,3,0,5424,1089,58,0,2792,560,30,0,1823,366,20,0,3480,699,37,0,4906,985,53,0,260,52,3,0,0,0,0,0,230,46,2,0,0,0,0,0,89,18,1,0,4906,985,53,0,4060,815,44,0
Llano County,4997,7776,6676,46,8091,35233,49058,797,1241,1065,7,208,323,277,2,322,501,430,3,1115,1734,1489,10,964,1501,1289,9,1591,2476,2126,15,610,949,815,6,1896,2950,2533,18,1377,2142,1839,13,569,885,760,5,225,350,300,2,319,497,427,3,2941,4577,3930,27,2388,3716,3190,22,843,1311,1126,8,454,707,607,4,4395,6839,5872,41,63,97,84,1,5,8,7,0,14,22,18,0,0,0,0,0,63,99,85,1,2425,3774,3241,22,2572,4002,3436,24
Loving County,0,0,0,98,106117,112235,122819,0,0,0,11,0,0,0,13,0,0,0,5,0,0,0,28,0,0,0,27,0,0,0,14,0,0,0,21,0,0,0,24,0,0,0,42,0,0,0,5,0,0,0,5,0,0,0,0,0,0,0,63,0,0,0,30,0,0,0,19,0,0,0,15,0,0,0,71,0,0,0,0,0,0,0,4,0,0,0,0,0,0,0,0,0,0,0,8,0,0,0,51,0,0,0,46
Lubbock County,284716,12521,5,0,947,16589,34076,73266,3222,1,0,52563,2312,1,0,34866,1533,1,0,68647,3019,1,0,26554,1168,0,0,28820,1267,0,0,46587,2049,1,0,110956,4880,2,0,77916,3427,1,0,29814,1311,0,0,9262,407,0,0,10278,452,0,0,186782,8214,3,0,78483,3452,1,0,46909,2063,1,0,94858,4172,2,0,159265,7004,3,0,19996,879,0,0,819,36,0,0,4953,218,0,0,230,10,0,0,4655,205,0,0,140257,6168,2,0,144459,6353,2,0
Lynn County,0,2663,3012,79,17853,33127,54570,0,771,872,23,0,169,191,5,0,260,294,8,0,736,833,22,0,313,354,9,0,414,468,12,0,447,506,13,0,1092,1235,32,0,642,727,19,0,323,366,10,0,64,72,2,0,96,109,3,0,1305,1476,39,0,1021,1155,30,0,626,708,19,0,1261,1426,37,0,1307,1478,39,0,54,61,2,0,22,24,1,0,7,8,0,0,2,2,0,0,11,13,0,0,1343,1520,40,0,1320,1493,39
Madison County,8647,5934,0,0,260,15292,27643,1917,1315,0,0,1090,748,0,0,1339,919,0,0,2236,1534,0,0,898,616,0,0,1168,801,0,0,1059,727,0,0,3722,2554,0,0,2107,1446,0,0,1245,855,0,0,270,185,0,0,253,173,0,0,5529,3794,0,0,2935,2014,0,0,1500,1029,0,0,1761,1208,0,0,5264,3612,0,0,1359,932,0,0,6,4,0,0,62,43,0,0,10,7,0,0,186,128,0,0,5227,3587,0,0,3420,2347,0,0
Marion County,5683,4957,0,0,820,16108,29901,1137,992,0,0,336,293,0,0,446,389,0,0,1599,1395,0,0,970,846,0,0,1193,1041,0,0,1193,1041,0,0,2434,2123,0,0,1392,1214,0,0,386,337,0,0,78,68,0,0,201,175,0,0,2872,2505,0,0,2574,2246,0,0,1066,930,0,0,220,192,0,0,4164,3633,0,0,1203,1050,0,0,21,19,0,0,50,44,0,0,0,0,0,0,23,20,0,0,2811,2452,0,0,2871,2505,0,0
Martin County,14,5021,900,0,11529,30315,41129,4,1585,284,0,1,431,77,0,1,485,87,0,4,1375,247,0,1,531,95,0,2,614,110,0,1,446,80,0,5,1677,301,0,4,1411,253,0,2,617,111,0,1,467,84,0,1,398,71,0,9,3126,560,0,3,1172,210,0,3,1070,192,0,7,2369,425,0,7,2582,463,0,0,37,7,0,0,26,5,0,0,0,0,0,0,4,1,0,0,3,0,0,7,2571,461,0,7,2450,439,0
Mason County,3404,742,13,0,644,16621,36240,744,162,3,0,153,33,1,0,240,52,1,0,865,189,3,0,577,126,2,0,824,180,3,0,524,114,2,0,1578,344,6,0,806,176,3,0,202,44,1,0,166,36,1,0,128,28,0,0,2040,445,8,0,1268,277,5,0,750,164,3,0,850,185,3,0,2434,531,9,0,2,0,0,0,12,3,0,0,93,20,0,0,0,0,0,0,17,4,0,0,1754,382,7,0,1650,360,6,0
Matagorda County,23153,5900,7611,0,1471,22403,44788,6318,1610,2077,0,1966,501,646,0,2272,579,747,0,6268,1597,2060,0,2946,751,968,0,3383,862,1112,0,4270,1088,1404,0,9106,2320,2994,0,5437,1385,1787,0,3091,788,1016,0,723,184,238,0,531,135,175,0,11967,3050,3934,0,8570,2184,2817,0,5138,1309,1689,0,9574,2440,3147,0,10575,2695,3476,0,2165,552,712,0,106,27,35,0,483,123,159,0,48,12,16,0,200,51,66,0,11547,2942,3796,0,11606,2958,3815,0
Maverick County,69042,1772,25,0,1659,19955,41787,25260,648,9,0,6674,171,2,0,7420,190,3,0,17303,444,6,0,6279,161,2,0,6105,157,2,0,12748,327,5,0,30197,775,11,0,17424,447,6,0,5915,152,2,0,1694,43,1,0,1080,28,0,0,25391,652,9,0,24458,628,9,0,21632,555,8,0,66052,1695,24,0,1625,42,1,0,32,1,0,0,911,23,0,0,285,7,0,0,20,1,0,0,121,3,0,0,33994,872,12,0,35048,899,13,0
McCulloch County,7235,934,105,0,513,17913,37120,1842,238,27,0,436,56,6,0,621,80,9,0,1856,240,27,0,1049,136,15,0,1431,185,21,0,1165,150,17,0,3102,401,45,0,1993,257,29,0,716,92,10,0,124,16,2,0,142,18,2,0,3850,497,56,0,3101,401,45,0,1493,193,22,0,2260,292,33,0,4555,588,66,0,169,22,2,0,1,0,0,0,0,0,0,0,0,0,0,0,246,32,4,0,3684,476,53,0,3551,459,51,0
McLennan County,223948,22178,0,0,239,14381,30373,60856,6027,0,0,34066,3374,0,0,24334,2410,0,0,55116,5458,0,0,22772,2255,0,0,26803,2654,0,0,32397,3208,0,0,85501,8467,0,0,59642,5907,0,0,22447,2223,0,0,6188,613,0,0,6049,599,0,0,142454,14108,0,0,67909,6725,0,0,38325,3795,0,0,57148,5659,0,0,124655,12345,0,0,33962,3363,0,0,503,50,0,0,3746,371,0,0,3,0,0,0,3912,387,0,0,109134,10808,0,0,114814,11370,0,0
McMullen County,435,170,18,0,556,15108,44318,81,32,3,0,29,11,1,0,34,13,1,0,118,46,5,0,59,23,2,0,114,45,5,0,41,16,2,0,170,67,7,0,151,59,6,0,15,6,1,0,23,9,1,0,36,14,1,0,334,131,14,0,151,59,6,0,60,23,2,0,209,82,9,0,222,87,9,0,0,0,0,0,4,2,0,0,0,0,0,0,0,0,0,0,0,0,0,0,237,93,10,0,198,78,8,0
Medina County,41198,9197,57,0,1448,16075,37745,11179,2496,16,0,3591,802,5,0,3980,889,6,0,11801,2634,16,0,5137,1147,7,0,5510,1230,8,0,4891,1092,7,0,12827,2864,18,0,13538,3022,19,0,6282,1402,9,0,2010,449,3,0,1654,369,2,0,27277,6089,38,0,13717,3062,19,0,5810,1297,8,0,21041,4697,29,0,18518,4134,26,0,875,195,1,0,142,32,0,0,207,46,0,0,16,4,0,0,393,88,1,0,21524,4805,30,0,19675,4392,27,0
Menard County,1811,316,4,0,716,18815,33373,370,65,1,0,98,17,0,0,139,24,0,0,441,77,1,0,281,49,1,0,481,84,1,0,313,55,1,0,842,147,2,0,480,84,1,0,101,18,0,0,16,3,0,0,60,10,0,0,871,152,2,0,686,120,1,0,547,95,1,0,713,124,1,0,1019,178,2,0,22,4,0,0,11,2,0,0,0,0,0,0,0,0,0,0,45,8,0,0,963,168,2,0,847,148,2,0
Midland County,148394,2469,49,0,1390,14654,38427,42833,713,14,0,14735,245,5,0,18574,309,6,0,40373,672,13,0,15846,264,5,0,16033,267,5,0,9411,157,3,0,42521,707,14,0,45185,752,15,0,23451,390,8,0,11872,198,4,0,15909,265,5,0,100039,1664,33,0,31371,522,10,0,29959,498,10,0,67399,1121,22,0,69372,1154,23,0,7784,130,3,0,213,4,0,0,2466,41,1,0,10,0,0,0,1122,19,0,0,74727,1243,25,0,73666,1226,24,0
Milam County,526,12332,12150,0,7279,28067,42755,146,3417,3366,0,35,816,804,0,49,1139,1122,0,139,3251,3203,0,68,1598,1575,0,90,2112,2080,0,86,2021,1991,0,227,5325,5246,0,132,3099,3053,0,58,1366,1346,0,14,329,324,0,8,188,185,0,327,7672,7559,0,211,4950,4876,0,77,1813,1786,0,132,3087,3041,0,332,7785,7669,0,48,1126,1109,0,1,21,21,0,3,65,65,0,0,0,0,0,11,247,243,0,262,6151,6060,0,264,6182,6090,0
Mills County,0,447,2299,2238,20232,44866,65508,0,114,584,568,0,22,116,113,0,34,175,170,0,110,564,549,0,63,326,317,0,104,535,520,0,68,348,339,0,183,941,916,0,129,664,646,0,36,183,178,0,19,97,94,0,13,68,66,0,307,1576,1534,0,173,889,865,0,62,321,312,0,75,386,376,0,369,1896,1846,0,2,8,8,0,0,0,0,0,0,2,2,0,0,0,0,0,1,7,7,0,215,1104,1074,0,233,1196,1164
Mitchell County,0,0,435,8636,33383,58775,71671,0,0,88,1754,0,0,55,1097,0,0,69,1362,0,0,120,2370,0,0,47,937,0,0,56,1116,0,0,30,594,0,0,171,3389,0,0,152,3010,0,0,63,1251,0,0,6,111,0,0,14,280,0,0,274,5434,0,0,134,2653,0,0,80,1587,0,0,167,3303,0,0,218,4315,0,0,42,828,0,0,2,32,0,0,3,67,0,0,0,0,0,0,5,90,0,0,264,5239,0,0,171,3397
Montague County,0,0,449,19594,39410,63480,81423,0,0,107,4676,0,0,30,1312,0,0,40,1739,0,0,122,5330,0,0,62,2720,0,0,87,3817,0,0,59,2577,0,0,181,7911,0,0,136,5928,0,0,45,1984,0,0,17,730,0,0,11,470,0,0,264,11551,0,0,157,6873,0,0,95,4156,0,0,49,2147,0,0,386,16866,0,0,0,15,0,0,1,43,0,0,0,14,0,0,0,0,0,0,12,511,0,0,219,9562,0,0,230,10032
Montgomery County,459374,94178,58,0,706,15169,34961,130039,26660,17,0,36087,7398,5,0,55060,11288,7,0,138087,28310,18,0,52024,10666,7,0,48077,9856,6,0,35048,7185,4,0,131543,26968,17,0,141110,28929,18,0,71652,14690,9,0,34948,7165,4,0,45071,9240,6,0,318890,65377,40,0,108644,22273,14,0,70504,14454,9,0,103696,21259,13,0,314056,64386,40,0,20883,4281,3,0,575,118,0,0,11495,2357,1,0,390,80,0,0,8273,1696,1,0,228504,46846,29,0,230871,47332,29,0
Moore County,0,0,4,22509,47400,78052,97118,0,0,1,7469,0,0,0,2132,0,0,0,2829,0,0,1,5934,0,0,0,2055,0,0,0,2089,0,0,0,1978,0,0,2,9173,0,0,1,7904,0,0,0,2138,0,0,0,852,0,0,0,467,0,0,2,14092,0,0,1,5654,0,0,1,4431,0,0,2,12088,0,0,1,7478,0,0,0,661,0,0,0,55,0,0,0,1940,0,0,0,0,0,0,0,293,0,0,2,11561,0,0,2,10948
Morris County,0,913,8336,3080,27837,43622,62149,0,223,2040,754,0,63,573,212,0,90,817,302,0,240,2189,809,0,122,1114,411,0,176,1604,593,0,156,1427,527,0,408,3724,1376,0,237,2161,799,0,71,646,239,0,23,210,78,0,18,169,62,0,541,4937,1824,0,364,3322,1227,0,152,1388,513,0,79,717,265,0,603,5509,2036,0,217,1982,732,0,1,8,3,0,1,8,3,0,1,6,2,0,11,103,38,0,438,4003,1479,0,474,4333,1601
Motley County,0,0,0,1177,65663,79794,105023,0,0,0,265,0,0,0,65,0,0,0,92,0,0,0,265,0,0,0,174,0,0,0,316,0,0,0,208,0,0,0,592,0,0,0,247,0,0,0,92,0,0,0,20,0,0,0,18,0,0,0,572,0,0,0,533,0,0,0,294,0,0,0,132,0,0,0,1017,0,0,0,4,0,0,0,0,0,0,0,0,0,0,0,0,0,0,0,26,0,0,0,623,0,0,0,555
Nacogdoches County,55044,9934,485,0,1245,17882,37457,14139,2552,125,0,10585,1910,93,0,5994,1082,53,0,12545,2264,111,0,5640,1018,50,0,6141,1108,54,0,11361,2050,100,0,22027,3975,194,0,14686,2650,130,0,4678,844,41,0,911,164,8,0,1413,255,12,0,32617,5886,288,0,16086,2903,142,0,11686,2109,103,0,11222,2025,99,0,33220,5995,293,0,8753,1580,77,0,107,19,1,0,986,178,9,0,0,0,0,0,759,137,7,0,26343,4754,232,0,28701,5180,253,0
Navarro County,1424,30920,13847,2117,12659,36104,58454,405,8801,3942,602,120,2596,1162,178,145,3143,1408,215,384,8341,3735,571,168,3650,1635,250,202,4389,1965,300,195,4225,1892,289,606,13150,5889,900,414,8979,4021,615,146,3160,1415,216,36,791,354,54,28,616,276,42,740,16075,7199,1100,534,11585,5188,793,296,6434,2881,440,368,7999,3582,548,829,17991,8057,1232,184,3997,1790,274,5,109,49,7,7,156,70,11,15,325,146,22,16,341,153,23,698,15156,6787,1037,726,15765,7060,1079
Newton County,1040,7368,4762,198,13485,30960,50928,255,1807,1168,49,84,596,385,16,101,719,465,19,293,2074,1340,56,139,985,636,27,168,1188,768,32,172,1218,787,33,477,3381,2185,91,289,2045,1322,55,68,478,309,13,20,140,91,4,15,105,68,3,597,4227,2732,114,439,3107,2008,84,185,1307,845,35,39,275,178,7,746,5286,3416,142,235,1662,1074,45,3,19,12,1,3,25,16,1,0,0,0,0,14,100,65,3,515,3649,2358,98,525,3719,2404,100
Nolan County,88,433,13251,1297,13470,42023,68531,24,119,3632,356,7,35,1085,106,9,42,1292,126,23,111,3404,333,11,56,1717,168,14,69,2121,208,16,78,2400,235,40,196,6005,588,23,111,3403,333,7,35,1076,105,1,5,150,15,1,7,217,21,47,228,6977,683,34,169,5168,506,17,85,2596,254,36,178,5449,533,46,225,6879,673,5,25,758,74,0,1,25,2,0,2,56,5,0,0,0,0,1,3,88,9,45,221,6757,661,43,212,6495,636
Nueces County,280593,65263,2421,0,1198,18466,34736,72575,16880,626,0,30832,7171,266,0,34852,8106,301,0,76335,17755,659,0,32150,7478,277,0,33849,7873,292,0,35696,8303,308,0,97412,22657,841,0,87130,20266,752,0,37125,8635,320,0,12137,2823,105,0,9226,2146,80,0,165168,38417,1425,0,90431,21033,780,0,51302,11932,443,0,169185,39351,1460,0,91189,21210,787,0,11781,2740,102,0,729,170,6,0,5194,1208,45,0,212,49,2,0,2289,533,20,0,139486,32443,1204,0,141107,32820,1218,0
Ochiltree County,0,0,0,10747,114055,150972,178616,0,0,0,3418,0,0,0,895,0,0,0,1292,0,0,0,2927,0,0,0,1082,0,0,0,1133,0,0,0,1028,0,0,0,4062,0,0,0,3150,0,0,0,1573,0,0,0,408,0,0,0,518,0,0,0,6803,0,0,0,2397,0,0,0,2388,0,0,0,5022,0,0,0,5432,0,0,0,8,0,0,0,66,0,0,0,28,0,0,0,0,0,0,0,187,0,0,0,5514,0,0,0,5233
Oldham County,0,167,1484,250,22411,52917,104404,0,60,534,90,0,7,67,11,0,16,143,24,0,42,378,64,0,20,181,30,0,21,183,31,0,16,142,24,0,65,574,97,0,47,414,70,0,14,128,21,0,14,128,21,0,11,99,17,0,118,1054,177,0,54,481,81,0,21,183,31,0,27,240,40,0,122,1089,183,0,9,77,13,0,0,1,0,0,0,1,0,0,0,0,0,0,8,74,12,0,87,776,131,0,80,708,119
Orange County,76698,3190,0,0,1454,12671,20065,20123,837,0,0,6494,270,0,0,8310,346,0,0,22027,916,0,0,9225,384,0,0,10520,438,0,0,10790,449,0,0,27198,1131,0,0,23307,969,0,0,10177,423,0,0,3448,143,0,0,1736,72,0,0,47673,1983,0,0,26339,1095,0,0,12132,505,0,0,5220,217,0,0,62776,2611,0,0,6190,257,0,0,267,11,0,0,848,35,0,0,15,1,0,0,1382,57,0,0,38000,1580,0,0,38698,1609,0,0
Palo Pinto County,0,0,4606,24279,32716,52391,76785,0,0,1193,6288,0,0,344,1815,0,0,452,2384,0,0,1276,6726,0,0,592,3121,0,0,748,3945,0,0,682,3596,0,0,1855,9781,0,0,1338,7052,0,0,469,2470,0,0,126,662,0,0,136,715,0,0,2446,12895,0,0,1757,9259,0,0,992,5227,0,0,852,4490,0,0,3554,18736,0,0,92,487,0,0,29,151,0,0,15,78,0,0,6,31,0,0,57,302,0,0,2322,12238,0,0,2284,12041
Panola County,2078,19060,3235,0,4859,23821,38866,534,4895,831,0,174,1594,271,0,229,2100,356,0,550,5044,856,0,272,2496,424,0,320,2930,497,0,268,2454,417,0,753,6909,1173,0,657,6023,1022,0,261,2396,407,0,60,551,94,0,79,722,123,0,1304,11956,2029,0,685,6281,1066,0,363,3330,565,0,176,1615,274,0,1530,14031,2381,0,346,3172,538,0,1,12,2,0,10,95,16,0,1,10,2,0,15,137,23,0,1021,9365,1589,0,1057,9695,1645,0
Parker County,0,47217,71031,16160,19541,43224,68311,0,12580,18925,4305,0,3741,5628,1280,0,4701,7072,1609,0,14515,21836,4968,0,5903,8881,2020,0,5776,8690,1977,0,4069,6121,1393,0,13849,20833,4740,0,14699,22113,5031,0,8283,12461,2835,0,3225,4852,1104,0,3089,4646,1057,0,32644,49108,11172,0,13106,19715,4485,0,7094,10672,2428,0,5256,7906,1799,0,40114,60346,13729,0,706,1062,242,0,252,379,86,0,267,402,91,0,11,17,4,0,620,932,212,0,23503,35357,8044,0,23714,35673,8116
Parmer County,0,373,4819,4320,16384,50181,79175,0,121,1571,1408,0,34,445,398,0,41,534,479,0,96,1247,1117,0,35,455,408,0,44,568,509,0,32,411,369,0,157,2036,1825,0,118,1530,1371,0,49,628,563,0,7,94,84,0,9,123,110,0,213,2761,2474,0,108,1399,1254,0,82,1055,945,0,236,3047,2731,0,127,1647,1476,0,5,65,58,0,1,8,7,0,1,9,8,0,0,2,2,0,3,38,34,0,192,2480,2223,0,181,2340,2097
Pecos County,11338,1273,647,1668,1291,38386,106600,2647,297,151,389,932,105,53,137,1567,176,89,231,3778,424,215,556,1252,141,71,184,1161,130,66,171,1397,157,80,205,3823,429,218,562,3702,416,211,545,1825,205,104,268,440,49,25,65,151,17,9,22,7358,826,420,1082,2632,295,150,387,2202,247,126,324,7014,787,400,1032,3431,385,196,505,720,81,41,106,74,8,4,11,28,3,2,4,13,1,1,2,56,6,3,8,6952,780,396,1023,4386,492,250,645
Polk County,31282,13564,2226,0,1330,20531,39548,6975,3024,496,0,2347,1018,167,0,3123,1354,222,0,8657,3754,616,0,4215,1828,300,0,5965,2587,424,0,4540,1969,323,0,13502,5855,961,0,8923,3869,635,0,2871,1245,204,0,672,291,48,0,778,337,55,0,16201,7025,1153,0,12852,5573,915,0,6242,2707,444,0,4415,1915,314,0,22316,9676,1588,0,3225,1398,229,0,536,232,38,0,207,90,15,0,16,7,1,0,577,250,41,0,16687,7236,1187,0,14595,6328,1039,0
Potter County,121375,400,143,0,466,18686,45523,34785,115,41,0,12896,43,15,0,16274,54,19,0,32813,108,39,0,11692,39,14,0,12916,43,15,0,19015,63,22,0,53549,177,63,0,34196,113,40,0,9182,30,11,0,3437,11,4,0,1998,7,2,0,65717,217,77,0,39291,130,46,0,26120,86,31,0,45175,149,53,0,53367,176,63,0,11173,37,13,0,381,1,0,0,7929,26,9,0,120,0,0,0,3242,11,4,0,62333,206,73,0,59042,195,69,0
Presidio County,6311,207,23,234,308,23026,65804,1865,61,7,69,439,14,2,16,532,17,2,20,1586,52,6,59,768,25,3,28,1121,37,4,42,1756,58,6,65,2496,82,9,93,1391,46,5,52,572,19,2,21,73,2,0,3,23,1,0,1,2109,69,8,78,2336,77,8,87,2225,73,8,83,5081,167,18,188,1012,33,4,38,0,0,0,0,0,0,0,0,218,7,1,8,0,0,0,0,0,0,0,0,3102,102,11,115,3209,105,12,119
Rains County,0,3490,7727,1653,23563,39994,54301,0,797,1765,378,0,211,468,100,0,285,632,135,0,955,2115,452,0,538,1190,255,0,703,1557,333,0,447,990,212,0,1280,2834,606,0,1339,2965,634,0,267,591,126,0,115,255,54,0,42,94,20,0,1973,4368,934,0,1502,3325,711,0,639,1415,303,0,287,636,136,0,3014,6672,1427,0,81,180,39,0,28,63,13,0,12,27,6,0,0,0,0,0,71,157,34,0,1769,3917,838,0,1721,3810,815
Randall County,107394,22982,492,284,5099,25109,54291,29245,6258,134,77,10855,2323,50,29,13758,2944,63,36,29469,6306,135,78,12128,2595,56,32,11939,2555,55,32,7868,1684,36,21,33071,7077,152,88,38542,8248,177,102,18234,3902,84,48,5791,1239,27,15,3865,827,18,10,78446,16787,360,208,26540,5679,122,70,14603,3125,67,39,22851,4890,105,60,78102,16713,358,207,2814,602,13,7,582,125,3,2,1744,373,8,5,41,9,0,0,1275,273,6,3,52713,11280,242,139,54681,11702,251,145
Reagan County,0,0,0,3360,52455,77677,100542,0,0,0,1055,0,0,0,263,0,0,0,403,0,0,0,934,0,0,0,360,0,0,0,344,0,0,0,454,0,0,0,837,0,0,0,1136,0,0,0,702,0,0,0,77,0,0,0,155,0,0,0,1909,0,0,0,615,0,0,0,1035,0,0,0,2218,0,0,0,1072,0,0,0,57,0,0,0,0,0,0,0,0,0,0,0,0,0,0,0,13,0,0,0,1791,0,0,0,1569
Real County,3241,223,91,0,163,14515,39632,679,47,19,0,157,11,4,0,212,15,6,0,799,55,22,0,565,39,16,0,829,57,23,0,570,39,16,0,1429,98,40,0,924,64,26,0,207,14,6,0,88,6,2,0,26,2,1,0,1627,112,46,0,1410,97,40,0,846,58,24,0,639,44,18,0,2596,179,73,0,3,0,0,0,0,0,0,0,0,0,0,0,0,0,0,0,3,0,0,0,1559,107,44,0,1682,116,47,0
Red River County,0,2303,7547,3174,19613,44468,68761,0,519,1700,715,0,150,493,207,0,205,673,283,0,612,2005,843,0,334,1095,461,0,482,1581,665,0,449,1473,619,0,1072,3513,1477,0,522,1711,720,0,177,579,243,0,45,148,62,0,36,119,50,0,1321,4328,1820,0,952,3121,1313,0,423,1387,583,0,160,525,221,0,1723,5648,2375,0,367,1203,506,0,7,22,9,0,1,3,1,0,0,0,0,0,44,145,61,0,1094,3587,1509,0,1208,3960,1665
Reeves County,0,0,0,13995,50939,81891,143243,0,0,0,3174,0,0,0,1758,0,0,0,2033,0,0,0,4244,0,0,0,1239,0,0,0,1547,0,0,0,3599,0,0,0,4263,0,0,0,4014,0,0,0,1391,0,0,0,494,0,0,0,240,0,0,0,6870,0,0,0,5022,0,0,0,3185,0,0,0,10514,0,0,0,2483,0,0,0,758,0,0,0,41,0,0,0,106,0,0,0,0,0,0,0,90,0,0,0,8948,0,0,0,5047
Refugio County,0,2736,4375,169,17210,35223,56767,0,691,1105,43,0,184,295,11,0,222,354,14,0,740,1183,46,0,372,594,23,0,527,843,33,0,414,662,26,0,948,1516,59,0,887,1419,55,0,328,524,20,0,91,145,6,0,70,113,4,0,1667,2666,103,0,1004,1606,62,0,452,723,28,0,1329,2125,82,0,1195,1912,74,0,123,196,8,0,3,5,0,0,3,5,0,0,0,0,0,0,83,132,5,0,1354,2165,84,0,1382,2210,86
Roberts County,0,0,0,990,83308,107291,141214,0,0,0,264,0,0,0,61,0,0,0,108,0,0,0,262,0,0,0,136,0,0,0,158,0,0,0,32,0,0,0,252,0,0,0,432,0,0,0,171,0,0,0,87,0,0,0,18,0,0,0,774,0,0,0,221,0,0,0,125,0,0,0,29,0,0,0,949,0,0,0,0,0,0,0,0,0,0,0,4,0,0,0,0,0,0,0,9,0,0,0,482,0,0,0,508
Robertson County,13208,3732,244,0,397,15074,35593,3534,998,65,0,999,282,18,0,1287,364,24,0,3493,987,64,0,1737,491,32,0,2158,610,40,0,2173,614,40,0,4532,1280,84,0,4422,1249,82,0,1537,434,28,0,351,99,6,0,192,54,4,0,7717,2180,142,0,4695,1327,87,0,2530,715,47,0,2687,759,50,0,7531,2128,139,0,2743,775,51,0,33,9,1,0,36,10,1,0,20,6,0,0,157,44,3,0,6551,1851,121,0,6657,1881,123,0
Rockwall County,53920,49336,0,0,8080,18527,28042,16787,15360,0,0,3135,2868,0,0,5803,5310,0,0,17530,16040,0,0,5582,5107,0,0,5083,4651,0,0,2627,2404,0,0,11259,10302,0,0,16220,14842,0,0,11685,10692,0,0,6014,5503,0,0,6119,5599,0,0,41867,38308,0,0,10633,9729,0,0,6745,6172,0,0,9718,8892,0,0,38517,35243,0,0,2910,2662,0,0,77,70,0,0,1424,1303,0,0,4,4,0,0,1259,1152,0,0,26462,24212,0,0,27458,25124,0,0
Runnels County,0,1046,900,8142,24658,50103,68312,0,263,226,2045,0,68,59,531,0,87,75,678,0,269,232,2096,0,149,128,1159,0,210,180,1633,0,136,117,1061,0,467,402,3636,0,258,222,2005,0,129,111,1007,0,34,29,267,0,21,18,163,0,658,566,5122,0,404,348,3145,0,179,154,1390,0,304,262,2368,0,695,598,5410,0,13,11,102,0,2,2,14,0,26,22,199,0,0,0,0,0,7,6,54,0,515,443,4011,0,531,457,4131
Rusk County,50764,9056,0,0,180,13052,27909,12420,2216,0,0,4529,808,0,0,5929,1058,0,0,14522,2591,0,0,6250,1115,0,0,7113,1269,0,0,6614,1180,0,0,19927,3555,0,0,15130,2699,0,0,5353,955,0,0,2095,374,0,0,1659,296,0,0,29332,5233,0,0,16388,2924,0,0,10508,1875,0,0,8116,1448,0,0,32804,5852,0,0,8758,1562,0,0,102,18,0,0,331,59,0,0,0,0,0,0,629,112,0,0,26257,4684,0,0,24506,4372,0,0
Sabine County,0,421,5446,5423,26833,45671,61184,0,87,1130,1125,0,23,299,298,0,29,377,376,0,103,1334,1328,0,67,872,868,0,111,1434,1428,0,77,993,989,0,213,2758,2746,0,92,1187,1182,0,22,281,280,0,7,93,92,0,10,134,133,0,206,2669,2657,0,213,2755,2743,0,94,1215,1210,0,17,221,220,0,364,4711,4690,0,29,382,380,0,0,0,0,0,1,8,8,0,0,0,0,0,10,127,127,0,206,2665,2654,0,215,2781,2769
San Augustine County,0,3405,5456,131,21148,36950,50037,0,749,1201,29,0,236,378,9,0,260,417,10,0,883,1415,34,0,501,802,19,0,776,1244,30,0,764,1225,29,0,1627,2607,62,0,685,1098,26,0,154,247,6,0,119,191,5,0,55,89,2,0,1612,2583,62,0,1587,2544,61,0,726,1163,28,0,230,369,9,0,2346,3759,90,0,736,1180,28,0,46,73,2,0,2,3,0,0,0,0,0,0,45,72,2,0,1667,2672,64,0,1737,2784,67
San Jacinto County,16979,9234,1506,0,435,18533,38904,4270,2323,379,0,1180,642,105,0,1479,804,131,0,4662,2536,413,0,2493,1356,221,0,2894,1574,257,0,2664,1449,236,0,6561,3568,582,0,4926,2679,437,0,1953,1062,173,0,446,243,40,0,435,237,39,0,9162,4983,812,0,7130,3878,632,0,3338,1816,296,0,2014,1096,179,0,12834,6980,1138,0,1695,922,150,0,93,51,8,0,126,68,11,0,0,0,0,0,218,119,19,0,8292,4510,735,0,8687,4725,770,0
San Patricio County,47016,18438,0,0,627,11787,25645,13796,5411,0,0,3737,1465,0,0,4930,1933,0,0,13008,5101,0,0,5521,2165,0,0,6025,2363,0,0,4943,1939,0,0,16183,6347,0,0,15546,6097,0,0,6586,2583,0,0,2590,1016,0,0,1172,459,0,0,28749,11275,0,0,14296,5607,0,0,8865,3477,0,0,25275,9912,0,0,19996,7842,0,0,738,289,0,0,68,27,0,0,461,181,0,0,9,3,0,0,474,186,0,0,23526,9226,0,0,23490,9212,0,0
San Saba County,0,237,788,5169,23960,45817,70356,0,54,179,1172,0,24,80,527,0,27,89,584,0,55,183,1202,0,32,107,700,0,45,150,983,0,45,148,974,0,102,339,2225,0,67,221,1453,0,16,55,358,0,4,13,84,0,3,11,72,0,136,452,2963,0,97,323,2118,0,47,158,1035,0,74,247,1619,0,153,508,3330,0,7,23,148,0,0,0,0,0,1,2,15,0,0,0,0,0,3,9,61,0,122,407,2668,0,115,381,2500
Schleicher County,0,15,97,3568,31345,59894,85018,0,5,32,1173,0,1,8,275,0,2,10,367,0,4,24,865,0,2,12,440,0,2,12,448,0,2,16,571,0,4,24,881,0,6,39,1441,0,1,10,353,0,1,4,146,0,1,5,175,0,10,63,2326,0,3,22,821,0,3,22,796,0,8,50,1820,0,7,47,1730,0,0,0,11,0,0,0,0,0,0,0,7,0,0,0,0,0,0,0,4,0,8,50,1816,0,7,48,1752
Scurry County,0,0,0,17181,49629,70720,90714,0,0,0,4426,0,0,0,1752,0,0,0,2076,0,0,0,4752,0,0,0,1952,0,0,0,2222,0,0,0,1529,0,0,0,6770,0,0,0,5956,0,0,0,1777,0,0,0,743,0,0,0,416,0,0,0,11224,0,0,0,5067,0,0,0,2702,0,0,0,7430,0,0,0,8566,0,0,0,899,0,0,0,19,0,0,0,77,0,0,0,0,0,0,0,199,0,0,0,9454,0,0,0,7726
Shackelford County,2834,547,0,0,1019,14100,31106,742,143,0,0,190,37,0,0,212,41,0,0,813,157,0,0,388,75,0,0,489,94,0,0,496,96,0,0,907,175,0,0,998,193,0,0,354,68,0,0,20,4,0,0,62,12,0,0,1712,331,0,0,1037,200,0,0,502,97,0,0,326,63,0,0,2431,470,0,0,6,1,0,0,0,0,0,0,6,1,0,0,0,0,0,0,68,13,0,0,1411,273,0,0,1423,275,0,0
Shelby County,18211,6651,339,0,389,16221,37184,5040,1841,94,0,1521,555,28,0,1883,688,35,0,4862,1776,90,0,2102,768,39,0,2803,1024,52,0,3257,1190,61,0,8116,2964,151,0,4540,1658,84,0,1369,500,25,0,445,163,8,0,485,177,9,0,8731,3189,162,0,6807,2486,127,0,4570,1669,85,0,3311,1209,62,0,11468,4188,213,0,3070,1121,57,0,17,6,0,0,234,86,4,0,17,6,0,0,98,36,2,0,8936,3263,166,0,9276,3388,172,0
Sherman County,0,0,0,2625,94375,115506,141590,0,0,0,820,0,0,0,164,0,0,0,247,0,0,0,786,0,0,0,263,0,0,0,346,0,0,0,231,0,0,0,919,0,0,0,966,0,0,0,349,0,0,0,105,0,0,0,58,0,0,0,1630,0,0,0,625,0,0,0,622,0,0,0,1102,0,0,0,1488,0,0,0,13,0,0,0,18,0,0,0,0,0,0,0,0,0,0,0,5,0,0,0,1375,0,0,0,1249
Smith County,174729,50448,1093,0,946,17412,40060,47314,13661,296,0,18890,5454,118,0,19377,5594,121,0,45240,13062,283,0,19247,5557,120,0,24661,7120,154,0,22622,6531,142,0,68188,19688,427,0,52107,15044,326,0,20013,5778,125,0,5876,1697,37,0,5958,1720,37,0,107798,31124,674,0,55633,16063,348,0,32493,9382,203,0,33744,9743,211,0,104752,30244,655,0,31141,8991,195,0,598,173,4,0,2554,737,16,0,194,56,1,0,1763,509,11,0,83582,24132,523,0,91147,26316,570,0
Somervell County,0,84,6996,2079,28635,43667,57883,0,23,1948,579,0,5,435,129,0,7,603,179,0,25,2059,612,0,12,987,293,0,12,964,286,0,10,861,256,0,29,2449,728,0,26,2141,636,0,11,916,272,0,3,259,77,0,4,364,108,0,52,4344,1291,0,25,2078,617,0,16,1357,403,0,17,1420,422,0,65,5415,1609,0,1,42,12,0,0,28,8,0,0,0,0,0,1,49,15,0,0,28,8,0,41,3421,1016,0,43,3575,1062
Starr County,52480,10849,880,296,714,23233,55496,18709,3868,314,106,5445,1126,91,31,5939,1228,100,34,12977,2683,218,73,4391,908,74,25,5018,1037,84,28,13802,2853,231,78,23812,4923,399,134,10152,2099,170,57,3173,656,53,18,835,173,14,5,699,144,12,4,13296,2749,223,75,22493,4650,377,127,18463,3817,310,104,51844,10717,869,293,481,99,8,3,33,7,1,0,14,3,0,0,45,9,1,0,0,0,0,0,73,15,1,0,25301,5230,424,143,27179,5618,456,153
Stephens County,8813,558,99,0,1519,18331,37068,2222,141,25,0,764,48,9,0,899,57,10,0,2267,143,26,0,1091,69,12,0,1569,99,18,0,1489,94,17,0,3685,233,41,0,2393,151,27,0,859,54,10,0,234,15,3,0,161,10,2,0,4381,277,49,0,3487,221,39,0,1990,126,22,0,2330,147,26,0,5937,376,67,0,311,20,4,0,90,6,1,0,70,4,1,0,0,0,0,0,73,5,1,0,4775,302,54,0,4038,256,45,0
Sterling County,0,0,28,1050,35387,57208,70737,0,0,7,266,0,0,2,75,0,0,3,118,0,0,7,284,0,0,4,136,0,0,4,170,0,0,2,90,0,0,11,434,0,0,9,355,0,0,3,119,0,0,0,16,0,0,1,37,0,0,16,591,0,0,7,275,0,0,7,258,0,0,10,396,0,0,17,641,0,0,0,2,0,0,0,0,0,0,0,0,0,0,0,0,0,0,0,12,0,0,15,555,0,0,13,496
Stonewall County,0,0,0,1438,61906,80474,97966,0,0,0,339,0,0,0,71,0,0,0,127,0,0,0,369,0,0,0,193,0,0,0,338,0,0,0,265,0,0,0,474,0,0,0,463,0,0,0,150,0,0,0,43,0,0,0,46,0,0,0,808,0,0,0,645,0,0,0,223,0,0,0,331,0,0,0,1034,0,0,0,63,0,0,0,0,0,0,0,0,0,0,0,0,0,0,0,9,0,0,0,722,0,0,0,716
Sutton County,0,0,61,3975,34703,75525,100578,0,0,17,1143,0,0,4,258,0,0,6,393,0,0,17,1118,0,0,8,518,0,0,8,545,0,0,6,390,0,0,23,1490,0,0,16,1053,0,0,10,672,0,0,3,187,0,0,3,187,0,0,41,2647,0,0,15,978,0,0,12,799,0,0,36,2321,0,0,25,1618,0,0,0,4,0,0,0,0,0,0,0,0,0,0,0,16,0,0,0,20,0,0,32,2114,0,0,28,1860
Swisher County,458,956,5307,658,12966,35092,59885,116,241,1339,166,44,91,506,63,57,119,660,82,117,244,1354,168,49,103,571,71,76,158,877,109,72,151,837,104,210,439,2437,302,131,274,1522,189,32,66,367,45,2,4,21,3,10,22,122,15,254,530,2943,365,181,377,2095,260,87,182,1009,125,179,374,2075,257,234,488,2708,336,27,56,311,38,4,8,42,5,1,2,13,2,0,0,2,0,13,27,152,19,251,525,2914,361,206,431,2393,296
Tarrant County,1704127,317842,0,0,115,14627,30109,502335,93692,0,0,167460,31233,0,0,224961,41958,0,0,504671,94128,0,0,162243,30260,0,0,142457,26570,0,0,178186,33234,0,0,563238,105051,0,0,528379,98550,0,0,237831,44359,0,0,95834,17874,0,0,100533,18751,0,0,1038239,193645,0,0,457221,85278,0,0,327604,61102,0,0,495915,92495,0,0,803091,149787,0,0,273948,51095,0,0,4924,918,0,0,84766,15810,0,0,3328,621,0,0,38183,7122,0,0,831250,155039,0,0,872877,162803,0,0
Taylor County,124345,7553,1186,0,1188,20456,44366,32586,1979,311,0,18494,1123,176,0,15510,942,148,0,31683,1924,302,0,12002,729,114,0,14069,855,134,0,18915,1149,180,0,49985,3036,477,0,33816,2054,323,0,10866,660,104,0,3272,199,31,0,3023,184,29,0,74107,4501,707,0,42920,2607,409,0,20527,1247,196,0,31059,1886,296,0,76404,4641,729,0,11326,688,108,0,560,34,5,0,2423,147,23,0,55,3,1,0,2531,154,24,0,59690,3626,569,0,64655,3927,617,0
Terrell County,0,0,0,923,76613,98286,125452,0,0,0,211,0,0,0,50,0,0,0,86,0,0,0,243,0,0,0,141,0,0,0,191,0,0,0,310,0,0,0,356,0,0,0,110,0,0,0,130,0,0,0,0,0,0,0,17,0,0,0,562,0,0,0,344,0,0,0,162,0,0,0,643,0,0,0,265,0,0,0,12,0,0,0,4,0,0,0,0,0,0,0,0,0,0,0,0,0,0,0,446,0,0,0,477
Terry County,0,822,11373,551,20603,41135,64087,0,221,3060,148,0,90,1241,60,0,95,1321,64,0,214,2962,144,0,85,1178,57,0,116,1611,78,0,88,1221,59,0,388,5368,260,0,247,3418,166,0,56,779,38,0,26,360,17,0,16,222,11,0,370,5116,248,0,298,4121,200,0,238,3295,160,0,437,6046,293,0,340,4710,228,0,38,522,25,0,2,34,2,0,0,0,0,0,0,0,0,0,4,62,3,0,438,6059,294,0,384,5315,257
Throckmorton County,0,352,72,1083,23936,42201,65408,0,82,17,252,0,17,4,54,0,31,6,95,0,90,18,277,0,46,9,141,0,86,18,264,0,68,14,209,0,129,26,397,0,98,20,302,0,42,9,129,0,5,1,16,0,10,2,30,0,211,43,650,0,138,28,423,0,60,12,185,0,53,11,164,0,285,59,878,0,1,0,3,0,0,0,0,0,2,0,5,0,0,0,0,0,11,2,32,0,164,34,505,0,188,39,578
Titus County,0,0,17456,16677,33120,51714,67890,0,0,5520,5273,0,0,1662,1587,0,0,2013,1923,0,0,4545,4342,0,0,1725,1648,0,0,1992,1903,0,0,2200,2101,0,0,7828,7479,0,0,4985,4762,0,0,1482,1416,0,0,547,523,0,0,414,396,0,0,9434,9013,0,0,5912,5648,0,0,3815,3645,0,0,7388,7058,0,0,7800,7452,0,0,1902,1817,0,0,59,56,0,0,139,133,0,0,0,0,0,0,161,154,0,0,8554,8172,0,0,8902,8505
Tom Green County,105040,7548,252,0,1161,20450,41828,25378,1824,61,0,15792,1135,38,0,12390,890,30,0,25437,1828,61,0,11494,826,28,0,14549,1045,35,0,12590,905,30,0,42129,3027,101,0,33424,2402,80,0,10871,781,26,0,2696,194,6,0,3181,229,8,0,70976,5100,170,0,31915,2293,77,0,15598,1121,37,0,34111,2451,82,0,62599,4498,150,0,4978,358,12,0,162,12,0,0,1262,91,3,0,82,6,0,0,1723,124,4,0,52145,3747,125,0,52778,3792,127,0
Travis County,1120550,32229,0,0,866,13535,26207,285879,8222,0,0,144143,4146,0,0,191364,5504,0,0,323392,9301,0,0,100284,2884,0,0,75488,2171,0,0,116543,3352,0,0,326569,9393,0,0,344998,9923,0,0,161946,4658,0,0,72216,2077,0,0,96851,2786,0,0,774032,22263,0,0,239170,6879,0,0,182840,5259,0,0,384874,11070,0,0,544158,15651,0,0,86620,2491,0,0,1957,56,0,0,74114,2132,0,0,1001,29,0,0,27903,803,0,0,565416,16263,0,0,555134,15967,0,0
Trinity County,0,2223,11146,1388,16987,38849,57480,0,483,2421,301,0,137,686,85,0,180,902,112,0,571,2862,356,0,352,1764,220,0,501,2512,313,0,370,1854,231,0,1111,5572,694,0,522,2619,326,0,141,707,88,0,63,314,39,0,16,80,10,0,1105,5542,690,0,1021,5120,637,0,442,2218,276,0,191,957,119,0,1788,8964,1116,0,207,1036,129,0,12,61,8,0,7,34,4,0,0,0,0,0,19,95,12,0,1066,5345,666,0,1157,5801,722
Tyler County,0,4545,16659,0,20297,35543,47767,0,949,3477,0,0,388,1420,0,0,540,1979,0,0,1217,4461,0,0,599,2195,0,0,853,3127,0,0,718,2632,0,0,1720,6304,0,0,1429,5239,0,0,480,1758,0,0,158,579,0,0,38,138,0,0,2718,9962,0,0,1948,7142,0,0,708,2595,0,0,327,1197,0,0,3632,13311,0,0,480,1758,0,0,12,44,0,0,17,61,0,0,0,0,0,0,80,295,0,0,2464,9033,0,0,2081,7626,0
Upshur County,22957,18133,0,0,1964,14986,27203,5923,4678,0,0,1649,1302,0,0,2331,1841,0,0,6462,5104,0,0,3032,2395,0,0,3560,2812,0,0,3057,2415,0,0,8856,6995,0,0,6813,5382,0,0,2962,2340,0,0,623,492,0,0,650,513,0,0,14044,11093,0,0,7833,6187,0,0,3897,3078,0,0,1745,1378,0,0,18585,14680,0,0,1980,1564,0,0,135,106,0,0,114,90,0,0,0,0,0,0,401,317,0,0,11358,8971,0,0,11599,9162,0,0
Upton County,0,0,183,3243,37481,60472,90492,0,0,52,921,0,0,13,232,0,0,23,399,0,0,48,843,0,0,21,379,0,0,27,469,0,0,31,554,0,0,63,1120,0,0,50,885,0,0,23,413,0,0,6,98,0,0,10,173,0,0,109,1933,0,0,48,854,0,0,41,727,0,0,94,1665,0,0,79,1394,0,0,8,147,0,0,0,3,0,0,0,8,0,0,0,0,0,0,1,25,0,0,89,1582,0,0,94,1661
Uvalde County,22554,3560,36,0,1233,18775,36062,6800,1073,11,0,2027,320,3,0,2178,344,4,0,5697,899,9,0,2573,406,4,0,3278,517,5,0,3921,619,6,0,9270,1463,15,0,6747,1065,11,0,1991,314,3,0,165,26,0,0,468,74,1,0,12277,1938,20,0,7780,1228,13,0,4696,741,8,0,15318,2417,25,0,6761,1067,11,0,24,4,0,0,170,27,0,0,250,39,0,0,7,1,0,0,28,4,0,0,10932,1725,18,0,11623,1834,19,0
Val Verde County,51433,330,284,132,116,26253,109300,15769,101,87,41,5255,34,29,13,5808,37,32,15,12977,83,72,33,5128,33,28,13,6496,42,36,17,8489,54,47,22,19938,128,110,51,13099,84,72,34,6249,40,34,16,1370,9,8,4,2310,15,13,6,27336,175,151,70,17753,114,98,46,10677,68,59,27,39614,254,218,102,10397,67,57,27,408,3,2,1,28,0,0,0,209,1,1,1,91,1,1,0,692,4,4,2,26145,168,144,67,25288,162,139,65
Van Zandt County,110,20804,28067,5938,13841,33567,54282,27,5215,7036,1489,7,1406,1897,401,10,1895,2557,541,30,5747,7754,1640,15,2859,3857,816,19,3681,4967,1051,15,2811,3793,802,44,8276,11166,2362,32,5980,8067,1707,12,2323,3134,663,4,844,1139,241,3,579,781,165,64,12125,16358,3461,40,7539,10171,2152,22,4128,5570,1178,11,2079,2805,593,93,17655,23819,5039,3,483,652,138,1,120,162,34,0,85,115,24,0,12,16,3,2,361,487,103,54,10257,13838,2928,56,10547,14229,3010
Victoria County,76460,9329,0,0,1308,17395,31593,20759,2533,0,0,6496,793,0,0,8556,1044,0,0,21107,2575,0,0,9345,1140,0,0,10196,1244,0,0,8208,1001,0,0,26312,3210,0,0,23533,2871,0,0,12025,1467,0,0,3470,423,0,0,2938,359,0,0,49886,6087,0,0,22518,2747,0,0,12324,1504,0,0,33174,4048,0,0,37428,4567,0,0,3845,469,0,0,63,8,0,0,725,88,0,0,0,0,0,0,1236,151,0,0,37745,4605,0,0,38714,4724,0,0
Walker County,3717,28165,39284,0,9741,29132,47880,729,5523,7703,0,535,4056,5658,0,458,3472,4843,0,1166,8835,12323,0,423,3202,4466,0,406,3077,4291,0,622,4717,6579,0,1396,10579,14755,0,1096,8306,11585,0,398,3017,4208,0,117,890,1241,0,88,668,932,0,2587,19607,27347,0,1078,8172,11398,0,537,4069,5676,0,685,5193,7243,0,2176,16487,22995,0,779,5906,8238,0,12,88,123,0,42,321,447,0,0,2,3,0,23,175,244,0,2113,16015,22337,0,1603,12150,16946,0
Waller County,37016,11119,0,0,1440,13200,28346,10241,3076,0,0,5258,1579,0,0,3601,1082,0,0,9873,2966,0,0,4235,1272,0,0,3808,1144,0,0,4267,1282,0,0,14320,4301,0,0,10462,3143,0,0,4475,1344,0,0,1846,555,0,0,1633,490,0,0,21037,6319,0,0,11323,3401,0,0,7627,2291,0,0,11030,3313,0,0,16533,4966,0,0,8451,2539,0,0,60,18,0,0,253,76,0,0,8,2,0,0,667,200,0,0,18759,5635,0,0,18257,5484,0,0
Ward County,0,0,32,10474,38774,60228,88339,0,0,9,2992,0,0,2,820,0,0,3,1139,0,0,8,2770,0,0,4,1213,0,0,5,1540,0,0,5,1749,0,0,9,2826,0,0,12,3992,0,0,3,987,0,0,1,438,0,0,1,480,0,0,19,6374,0,0,9,3021,0,0,6,1995,0,0,16,5383,0,0,13,4453,0,0,1,483,0,0,0,72,0,0,0,19,0,0,0,0,0,0,0,65,0,0,16,5255,0,0,16,5219
Washington County,4647,33241,0,0,3846,19075,31170,1100,7868,0,0,460,3289,0,0,417,2981,0,0,1194,8545,0,0,627,4482,0,0,850,6078,0,0,557,3984,0,0,1616,11560,0,0,1704,12190,0,0,438,3131,0,0,165,1181,0,0,164,1170,0,0,3073,21979,0,0,1544,11046,0,0,717,5129,0,0,709,5070,0,0,3000,21463,0,0,781,5587,0,0,15,106,0,0,91,650,0,0,6,40,0,0,48,343,0,0,2331,16673,0,0,2316,16568,0,0
Webb County,256549,5462,1096,22,1037,21434,51546,95199,2027,407,8,25513,543,109,2,31928,680,136,3,67107,1429,287,6,18429,392,79,2,18374,391,78,2,55555,1183,237,5,96242,2049,411,8,65865,1402,281,6,25438,542,109,2,6722,143,29,1,6750,144,29,1,92861,1977,397,8,95244,2028,407,8,79130,1685,338,7,243636,5187,1041,20,9961,212,43,1,755,16,3,0,300,6,1,0,1180,25,5,0,28,1,0,0,702,15,3,0,123981,2639,529,10,132568,2822,566,11
Wharton County,5,8587,31982,995,15893,37770,62040,1,2405,8959,279,0,746,2780,87,1,935,3483,108,1,2279,8489,264,1,1009,3757,117,1,1212,4513,140,1,1356,5049,157,2,3326,12387,385,1,2495,9293,289,1,937,3491,109,0,298,1108,34,0,174,647,20,3,4728,17610,548,2,2899,10798,336,1,1685,6277,195,2,3445,12833,399,2,3781,14082,438,1,1297,4830,150,0,6,21,1,0,9,32,1,0,0,0,0,0,50,185,6,2,4251,15835,493,2,4335,16147,503
Wheeler County,0,0,0,5701,115850,140720,167234,0,0,0,1517,0,0,0,383,0,0,0,564,0,0,0,1476,0,0,0,727,0,0,0,1035,0,0,0,513,0,0,0,2195,0,0,0,1885,0,0,0,636,0,0,0,310,0,0,0,159,0,0,0,3644,0,0,0,1597,0,0,0,1182,0,0,0,1509,0,0,0,3901,0,0,0,150,0,0,0,3,0,0,0,21,0,0,0,13,0,0,0,105,0,0,0,2897,0,0,0,2804
Wichita County,111077,15088,2933,8,102,21016,49621,26924,3657,711,2,17112,2324,452,1,13188,1791,348,1,27978,3800,739,2,11612,1577,307,1,14263,1937,377,1,14804,2011,391,1,40980,5567,1082,3,37538,5099,991,3,11454,1556,302,1,3796,516,100,0,2532,344,67,0,75249,10221,1987,5,34754,4721,918,3,15118,2054,399,1,18105,2459,478,1,76503,10392,2020,6,10170,1381,269,1,630,86,17,0,2712,368,72,0,66,9,2,0,2894,393,76,0,58118,7894,1535,4,52959,7194,1398,4
Wilbarger County,0,0,103,12594,44100,78181,98841,0,0,29,3513,0,0,9,1148,0,0,11,1315,0,0,27,3297,0,0,12,1479,0,0,15,1841,0,0,17,2083,0,0,39,4768,0,0,34,4210,0,0,9,1067,0,0,3,350,0,0,1,114,0,0,61,7453,0,0,35,4254,0,0,19,2311,0,0,32,3873,0,0,60,7359,0,0,8,984,0,0,1,71,0,0,0,51,0,0,0,0,0,0,2,251,0,0,51,6262,0,0,52,6332
Willacy County,21617,674,170,0,391,12881,36953,6541,204,51,0,2338,73,18,0,2642,82,21,0,5379,168,42,0,2148,67,17,0,2569,80,20,0,6241,194,49,0,8934,278,70,0,4458,139,35,0,1482,46,12,0,319,10,3,0,191,6,1,0,6489,202,51,0,10091,314,79,0,6274,195,49,0,19021,593,149,0,2396,75,19,0,80,2,1,0,6,0,0,0,15,0,0,0,8,0,0,0,89,3,1,0,11221,350,88,0,10396,324,82,0
Williamson County,506473,25119,0,0,1524,14497,29531,151334,7506,0,0,38488,1909,0,0,69113,3428,0,0,159434,7907,0,0,46238,2293,0,0,41866,2076,0,0,26623,1320,0,0,130282,6461,0,0,175292,8694,0,0,100284,4974,0,0,42133,2090,0,0,31923,1583,0,0,393330,19508,0,0,105492,5232,0,0,58817,2917,0,0,125484,6224,0,0,308547,15303,0,0,31092,1542,0,0,1103,55,0,0,28392,1408,0,0,63,3,0,0,11828,587,0,0,248987,12349,0,0,257486,12770,0,0
Wilson County,30717,20090,1348,0,1345,18413,40832,8484,5549,372,0,2021,1322,89,0,2816,1842,124,0,9444,6177,414,0,4029,2635,177,0,3923,2566,172,0,2607,1705,114,0,8832,5776,388,0,10189,6664,447,0,5774,3777,253,0,2017,1319,89,0,1301,851,57,0,21624,14144,949,0,8551,5593,375,0,4347,2843,191,0,11935,7806,524,0,17759,11615,779,0,440,288,19,0,53,35,2,0,74,49,3,0,16,11,1,0,437,286,19,0,15432,10093,677,0,15285,9997,671,0
Winkler County,0,0,3,7356,47416,64215,75771,0,0,1,2249,0,0,0,596,0,0,0,803,0,0,1,2046,0,0,0,804,0,0,0,858,0,0,0,1020,0,0,1,2381,0,0,1,2307,0,0,0,1179,0,0,0,333,0,0,0,133,0,0,2,4414,0,0,1,1967,0,0,1,1657,0,0,1,4266,0,0,1,2826,0,0,0,169,0,0,0,5,0,0,0,29,0,0,0,0,0,0,0,60,0,0,1,3806,0,0,1,3550
Wise County,0,13195,26880,22054,20144,44058,69700,0,3570,7273,5967,0,1055,2150,1764,0,1351,2752,2258,0,4015,8180,6711,0,1586,3230,2650,0,1618,3296,2704,0,1051,2141,1757,0,4669,9510,7803,0,4305,8770,7196,0,2099,4276,3509,0,597,1216,998,0,471,960,788,0,8409,17131,14055,0,3911,7967,6537,0,2374,4837,3968,0,2393,4875,3999,0,10328,21040,17262,0,159,323,265,0,68,138,113,0,60,122,100,0,5,10,8,0,185,377,309,0,6609,13463,11046,0,6586,13417,11008
Wood County,0,11460,21534,8967,20583,38904,58309,0,2428,4561,1899,0,770,1447,603,0,901,1692,705,0,2830,5318,2215,0,1797,3376,1406,0,2735,5138,2140,0,1503,2824,1176,0,4482,8422,3507,0,3619,6800,2832,0,1179,2216,923,0,366,687,286,0,306,575,239,0,7262,13645,5682,0,4751,8928,3718,0,1887,3546,1477,0,1040,1955,814,0,9650,18133,7550,0,544,1023,426,0,64,121,50,0,75,142,59,0,0,0,0,0,87,164,68,0,5709,10727,4467,0,5751,10807,4500
Yoakum County,0,0,54,8088,38349,66770,91039,0,0,18,2643,0,0,4,654,0,0,6,920,0,0,14,2155,0,0,5,809,0,0,6,907,0,0,7,1014,0,0,17,2612,0,0,17,2595,0,0,9,1399,0,0,1,210,0,0,2,261,0,0,31,4621,0,0,15,2206,0,0,13,1921,0,0,34,5132,0,0,18,2779,0,0,0,0,0,0,0,12,0,0,0,20,0,0,0,0,0,0,1,143,0,0,27,4110,0,0,26,3978
Young County,0,94,874,17588,24779,54125,69961,0,23,218,4386,0,7,63,1275,0,9,81,1627,0,26,239,4802,0,12,115,2315,0,17,158,3183,0,12,108,2174,0,36,338,6810,0,27,256,5155,0,13,123,2467,0,4,37,753,0,1,11,221,0,54,507,10193,0,31,288,5800,0,19,182,3664,0,16,152,3065,0,74,693,13939,0,1,12,237,0,1,5,110,0,0,4,85,0,0,0,0,0,1,8,157,0,46,434,8735,0,47,440,8854
Zapata County,13566,1501,11,0,784,19029,36111,4695,519,4,0,1393,154,1,0,1577,174,1,0,3135,347,2,0,1246,138,1,0,1521,168,1,0,3078,340,2,0,5740,635,5,0,3041,336,2,0,1356,150,1,0,241,27,0,0,113,13,0,0,5698,630,5,0,4883,540,4,0,3823,423,3,0,12592,1393,10,0,975,108,1,0,5,1,0,0,0,0,0,0,0,0,0,0,0,0,0,0,0,0,0,0,6782,750,5,0,6784,751,5,0
Zavala County,10931,1162,11,0,116,13396,35131,3577,380,3,0,1185,126,1,0,1165,124,1,0,2566,273,2,0,1147,122,1,0,1291,137,1,0,3786,402,4,0,4283,455,4,0,1981,211,2,0,763,81,1,0,33,4,0,0,85,9,0,0,3444,366,3,0,5539,589,5,0,2445,260,2,0,10146,1078,10,0,681,72,1,0,74,8,0,0,9,1,0,0,5,1,0,0,0,0,0,0,17,2,0,0,5544,589,5,0,5387,573,5,0